Unity Editor version:    2021.2.10f1 (ee872746220e)
Branch:                  2021.2/staging
Build type:              Release
Batch mode:              YES
macOS version:           Version 13.7.5 (Build 22H527)
Darwin version:          22.6.0
Architecture:            arm64
Running under Rosetta:   NO
Available memory:        16384 MB
Using pre-set license
Pro License: NO

COMMAND LINE ARGUMENTS:
/Applications/Unity/Hub/Editor/2021.2.10f1/Unity.app/Contents/MacOS/Unity
-adb2
-batchMode
-noUpm
-name
AssetImportWorker0
-projectPath
/Users/henrymoss/Documents/GitHub/Sigil-Game
-logFile
Logs/AssetImportWorker0.log
-srvPort
52986
Successfully changed project path to: /Users/henrymoss/Documents/GitHub/Sigil-Game
/Users/henrymoss/Documents/GitHub/Sigil-Game
[UnityMemory] Configuration Parameters - Can be set up in boot.config
    "memorysetup-bucket-allocator-granularity=16"
    "memorysetup-bucket-allocator-bucket-count=8"
    "memorysetup-bucket-allocator-block-size=33554432"
    "memorysetup-bucket-allocator-block-count=8"
    "memorysetup-main-allocator-block-size=16777216"
    "memorysetup-thread-allocator-block-size=16777216"
    "memorysetup-gfx-main-allocator-block-size=16777216"
    "memorysetup-gfx-thread-allocator-block-size=16777216"
    "memorysetup-cache-allocator-block-size=4194304"
    "memorysetup-typetree-allocator-block-size=2097152"
    "memorysetup-profiler-bucket-allocator-granularity=16"
    "memorysetup-profiler-bucket-allocator-bucket-count=8"
    "memorysetup-profiler-bucket-allocator-block-size=33554432"
    "memorysetup-profiler-bucket-allocator-block-count=8"
    "memorysetup-profiler-allocator-block-size=16777216"
    "memorysetup-profiler-editor-allocator-block-size=1048576"
    "memorysetup-temp-allocator-size-main=16777216"
    "memorysetup-job-temp-allocator-block-size=2097152"
    "memorysetup-job-temp-allocator-block-size-background=1048576"
    "memorysetup-job-temp-allocator-reduction-small-platforms=262144"
    "memorysetup-temp-allocator-size-background-worker=32768"
    "memorysetup-temp-allocator-size-job-worker=262144"
    "memorysetup-temp-allocator-size-preload-manager=33554432"
    "memorysetup-temp-allocator-size-nav-mesh-worker=65536"
    "memorysetup-temp-allocator-size-audio-worker=65536"
    "memorysetup-temp-allocator-size-cloud-worker=32768"
    "memorysetup-temp-allocator-size-gi-baking-worker=262144"
    "memorysetup-temp-allocator-size-gfx=262144"
Refreshing native plugins compatible for Editor in 86.22 ms, found 2 plugins.
Preloading 0 native plugins for Editor in 0.00 ms.
Initialize engine version: 2021.2.10f1 (ee872746220e)
[Subsystems] Discovering subsystems at path /Applications/Unity/Hub/Editor/2021.2.10f1/Unity.app/Contents/Resources/UnitySubsystems
[Subsystems] Discovering subsystems at path /Users/henrymoss/Documents/GitHub/Sigil-Game/Assets
GfxDevice: creating device client; threaded=0; jobified=0
 preferred device: Apple M1 (high power)
Metal devices available: 1
0: Apple M1 (high power)
Using device Apple M1 (high power)
Initializing Metal device caps: Apple M1
Initialize mono
Mono path[0] = '/Applications/Unity/Hub/Editor/2021.2.10f1/Unity.app/Contents/Managed'
Mono path[1] = '/Applications/Unity/Hub/Editor/2021.2.10f1/Unity.app/Contents/MonoBleedingEdge/lib/mono/unityjit-macos'
Mono config path = '/Applications/Unity/Hub/Editor/2021.2.10f1/Unity.app/Contents/MonoBleedingEdge/etc'
Using monoOptions --debugger-agent=transport=dt_socket,embedding=1,server=y,suspend=n,address=127.0.0.1:56125
Begin MonoManager ReloadAssembly
Registering precompiled unity dll's ...
Register platform support module: /Applications/Unity/Hub/Editor/2021.2.10f1/Unity.app/Contents/PlaybackEngines/MacStandaloneSupport/UnityEditor.OSXStandalone.Extensions.dll
Register platform support module: /Applications/Unity/Hub/Editor/2021.2.10f1/PlaybackEngines/WindowsStandaloneSupport/UnityEditor.WindowsStandalone.Extensions.dll
Register platform support module: /Applications/Unity/Hub/Editor/2021.2.10f1/PlaybackEngines/LinuxStandaloneSupport/UnityEditor.LinuxStandalone.Extensions.dll
Registered in 0.000946 seconds.
Native extension for LinuxStandalone target not found
Native extension for WindowsStandalone target not found
Native extension for OSXStandalone target not found
Refreshing native plugins compatible for Editor in 89.97 ms, found 2 plugins.
Preloading 0 native plugins for Editor in 0.00 ms.
Mono: successfully reloaded assembly
- Completed reload, in  0.638 seconds
Domain Reload Profiling:
	ReloadAssembly (639ms)
		BeginReloadAssembly (67ms)
			ExecutionOrderSort (0ms)
			DisableScriptedObjects (0ms)
			BackupInstance (0ms)
			ReleaseScriptingObjects (0ms)
			CreateAndSetChildDomain (1ms)
		EndReloadAssembly (488ms)
			LoadAssemblies (66ms)
			RebuildTransferFunctionScriptingTraits (0ms)
			SetupTypeCache (122ms)
			ReleaseScriptCaches (0ms)
			RebuildScriptCaches (39ms)
			SetupLoadedEditorAssemblies (280ms)
				LogAssemblyErrors (0ms)
				InitializePlatformSupportModulesInManaged (17ms)
				SetLoadedEditorAssemblies (0ms)
				RefreshPlugins (90ms)
				BeforeProcessingInitializeOnLoad (1ms)
				ProcessInitializeOnLoadAttributes (131ms)
				ProcessInitializeOnLoadMethodAttributes (42ms)
				AfterProcessingInitializeOnLoad (0ms)
				EditorAssembliesLoaded (0ms)
			ExecutionOrderSort2 (0ms)
			AwakeInstancesAfterBackupRestoration (0ms)
Platform modules already initialized, skipping
Registering precompiled user dll's ...
Registered in 0.002087 seconds.
Begin MonoManager ReloadAssembly
Symbol file LoadedFromMemory doesn't match image /Users/henrymoss/Documents/GitHub/Sigil-Game/Library/PackageCache/com.unity.visualscripting@1.7.6/Editor/VisualScripting.Core/Dependencies/YamlDotNet/Unity.VisualScripting.YamlDotNet.dll
Symbol file LoadedFromMemory doesn't match image /Users/henrymoss/Documents/GitHub/Sigil-Game/Library/PackageCache/com.unity.visualscripting@1.7.6/Editor/VisualScripting.Core/Dependencies/DotNetZip/Unity.VisualScripting.IonicZip.dll
Native extension for LinuxStandalone target not found
Native extension for WindowsStandalone target not found
Native extension for OSXStandalone target not found
Refreshing native plugins compatible for Editor in 0.49 ms, found 2 plugins.
Preloading 0 native plugins for Editor in 0.00 ms.
Mono: successfully reloaded assembly
- Completed reload, in  1.211 seconds
Domain Reload Profiling:
	ReloadAssembly (1212ms)
		BeginReloadAssembly (116ms)
			ExecutionOrderSort (0ms)
			DisableScriptedObjects (6ms)
			BackupInstance (0ms)
			ReleaseScriptingObjects (0ms)
			CreateAndSetChildDomain (36ms)
		EndReloadAssembly (951ms)
			LoadAssemblies (52ms)
			RebuildTransferFunctionScriptingTraits (0ms)
			SetupTypeCache (330ms)
			ReleaseScriptCaches (1ms)
			RebuildScriptCaches (81ms)
			SetupLoadedEditorAssemblies (421ms)
				LogAssemblyErrors (0ms)
				InitializePlatformSupportModulesInManaged (13ms)
				SetLoadedEditorAssemblies (1ms)
				RefreshPlugins (1ms)
				BeforeProcessingInitializeOnLoad (94ms)
				ProcessInitializeOnLoadAttributes (284ms)
				ProcessInitializeOnLoadMethodAttributes (27ms)
				AfterProcessingInitializeOnLoad (2ms)
				EditorAssembliesLoaded (0ms)
			ExecutionOrderSort2 (0ms)
			AwakeInstancesAfterBackupRestoration (4ms)
Platform modules already initialized, skipping
========================================================================
Worker process is ready to serve import requests
Launching external process: /Applications/Unity/Hub/Editor/2021.2.10f1/Unity.app/Contents/Tools/UnityShaderCompiler
Launched and connected shader compiler UnityShaderCompiler after 0.11 seconds
Refreshing native plugins compatible for Editor in 0.47 ms, found 2 plugins.
Preloading 0 native plugins for Editor in 0.00 ms.
Unloading 3117 Unused Serialized files (Serialized files now loaded: 0)
Unloading 23 unused Assets / (39.9 KB). Loaded Objects now: 3576.
Memory consumption went from 45.3 MB to 45.3 MB.
Total: 4.513083 ms (FindLiveObjects: 0.205625 ms CreateObjectMapping: 0.082125 ms MarkObjects: 4.130125 ms  DeleteObjects: 0.093959 ms)

AssetImportParameters requested are different than current active one (requested -> active):
  custom:video-decoder-ogg-theora: a1e56fd34408186e4bbccfd4996cb3dc -> 
  custom:container-muxer-webm: aa71ff27fc2769a1b78a27578f13a17b -> 
  custom:container-demuxer-webm: 4f35f7cbe854078d1ac9338744f61a02 -> 
  custom:video-encoder-webm-vp8: eb34c28f22e8b96e1ab97ce403110664 -> 
  custom:framework-osx-AVFoundation: e770b220cccbd017edd2c1fefb359320 -> 
  custom:audio-encoder-webm-vorbis: bf7c407c2cedff20999df2af8eb42d56 -> 
  custom:container-demuxer-ogg: 62fdf1f143b41e24485cea50d1cbac27 -> 
  custom:video-decoder-webm-vp8: 9c59270c3fd7afecdb556c50c9e8de78 -> 
  custom:audio-decoder-ogg-vorbis: bf7c407c2cedff20999df2af8eb42d56 -> 
========================================================================
Received Import Request.
  Time since last request: 22538.324840 seconds.
  path: Packages/com.unity.collab-proxy/Editor/PlasticSCM/Assets/Images/step3@2x.png
  artifactKey: Guid(36e6970b84831434a9eac79abd03700b) Importer(815301076,1909f56bfc062723c751e8b465ee728b)
Start importing Packages/com.unity.collab-proxy/Editor/PlasticSCM/Assets/Images/step3@2x.png using Guid(36e6970b84831434a9eac79abd03700b) Importer(815301076,1909f56bfc062723c751e8b465ee728b)  -> (artifact id: 'e0a26519874771cafcb7be9d3d1007aa') in 0.533037 seconds 
========================================================================
Received Import Request.
  Time since last request: 0.000293 seconds.
  path: Packages/com.unity.collab-proxy/Editor/PlasticSCM/Assets/Images/step2.png
  artifactKey: Guid(cd0b17b71a5c498428ee91dee8a78a88) Importer(815301076,1909f56bfc062723c751e8b465ee728b)
Start importing Packages/com.unity.collab-proxy/Editor/PlasticSCM/Assets/Images/step2.png using Guid(cd0b17b71a5c498428ee91dee8a78a88) Importer(815301076,1909f56bfc062723c751e8b465ee728b)  -> (artifact id: 'b25fa1ffdcd66e7cdc228724c7c9e9f3') in 0.009493 seconds 
========================================================================
Received Import Request.
  Time since last request: 0.000485 seconds.
  path: Packages/com.unity.collab-proxy/Editor/PlasticSCM/Assets/Images/notondisk.png
  artifactKey: Guid(b205f4b28f59dda49af458b35d8a3ff3) Importer(815301076,1909f56bfc062723c751e8b465ee728b)
Start importing Packages/com.unity.collab-proxy/Editor/PlasticSCM/Assets/Images/notondisk.png using Guid(b205f4b28f59dda49af458b35d8a3ff3) Importer(815301076,1909f56bfc062723c751e8b465ee728b)  -> (artifact id: '72d1f2403ff9f8af6d6584e2dfaa7d58') in 0.011444 seconds 
========================================================================
Received Import Request.
  Time since last request: 0.000239 seconds.
  path: Packages/com.unity.collab-proxy/Editor/PlasticSCM/Assets/Images/iconundo@2x.png
  artifactKey: Guid(0dfbb2b6ddcdd254da80e3418498b3a6) Importer(815301076,1909f56bfc062723c751e8b465ee728b)
Start importing Packages/com.unity.collab-proxy/Editor/PlasticSCM/Assets/Images/iconundo@2x.png using Guid(0dfbb2b6ddcdd254da80e3418498b3a6) Importer(815301076,1909f56bfc062723c751e8b465ee728b)  -> (artifact id: 'ef5841ac5a6a36a9543e388dcd37af95') in 0.010010 seconds 
========================================================================
Received Import Request.
  Time since last request: 0.000096 seconds.
  path: Packages/com.unity.collab-proxy/Editor/PlasticSCM/Assets/Images/ignored.png
  artifactKey: Guid(595bc97bc8e1e0b46bd4c2148ba3723a) Importer(815301076,1909f56bfc062723c751e8b465ee728b)
Start importing Packages/com.unity.collab-proxy/Editor/PlasticSCM/Assets/Images/ignored.png using Guid(595bc97bc8e1e0b46bd4c2148ba3723a) Importer(815301076,1909f56bfc062723c751e8b465ee728b)  -> (artifact id: 'd8fa4e6b3bcd4ceeefe7b4fb3acc4bef') in 0.010702 seconds 
========================================================================
Received Import Request.
  Time since last request: 0.000064 seconds.
  path: Packages/com.unity.collab-proxy/Editor/PlasticSCM/Assets/Images/step2@2x.png
  artifactKey: Guid(0029170d14ce6c04c9f45c22cdae5559) Importer(815301076,1909f56bfc062723c751e8b465ee728b)
Start importing Packages/com.unity.collab-proxy/Editor/PlasticSCM/Assets/Images/step2@2x.png using Guid(0029170d14ce6c04c9f45c22cdae5559) Importer(815301076,1909f56bfc062723c751e8b465ee728b)  -> (artifact id: '64cbe4b587e7177cdbf274929bceebaa') in 0.011751 seconds 
========================================================================
Received Import Request.
  Time since last request: 0.000068 seconds.
  path: Packages/com.unity.collab-proxy/Editor/PlasticSCM/Assets/Images/refresh@2x.png
  artifactKey: Guid(59571f82a0dc1a14da606dc0df6f8ea7) Importer(815301076,1909f56bfc062723c751e8b465ee728b)
Start importing Packages/com.unity.collab-proxy/Editor/PlasticSCM/Assets/Images/refresh@2x.png using Guid(59571f82a0dc1a14da606dc0df6f8ea7) Importer(815301076,1909f56bfc062723c751e8b465ee728b)  -> (artifact id: 'af33043f9ae767e715857d2939998877') in 0.009214 seconds 
========================================================================
Received Import Request.
  Time since last request: 0.000075 seconds.
  path: Packages/com.unity.collab-proxy/Editor/PlasticSCM/Assets/Images/step1@2x.png
  artifactKey: Guid(affeade9874cf2347abb155e8d0db4d8) Importer(815301076,1909f56bfc062723c751e8b465ee728b)
Start importing Packages/com.unity.collab-proxy/Editor/PlasticSCM/Assets/Images/step1@2x.png using Guid(affeade9874cf2347abb155e8d0db4d8) Importer(815301076,1909f56bfc062723c751e8b465ee728b)  -> (artifact id: '5608c37cd615ab69b4a860558d605772') in 0.010221 seconds 
========================================================================
Received Import Request.
  Time since last request: 0.000065 seconds.
  path: Packages/com.unity.collab-proxy/Editor/PlasticSCM/Assets/Images/refresh.png
  artifactKey: Guid(6f6a4c6bd7cdc654d9d91f7de72afcb6) Importer(815301076,1909f56bfc062723c751e8b465ee728b)
Start importing Packages/com.unity.collab-proxy/Editor/PlasticSCM/Assets/Images/refresh.png using Guid(6f6a4c6bd7cdc654d9d91f7de72afcb6) Importer(815301076,1909f56bfc062723c751e8b465ee728b)  -> (artifact id: 'a04608f3359f98cb7079a87d1ef8177e') in 0.009820 seconds 
========================================================================
Received Import Request.
  Time since last request: 0.000066 seconds.
  path: Packages/com.unity.collab-proxy/Editor/PlasticSCM/Assets/Images/ignoredoverlay@2x.png
  artifactKey: Guid(999d04c0ea94ccc41b3d80788160695b) Importer(815301076,1909f56bfc062723c751e8b465ee728b)
Start importing Packages/com.unity.collab-proxy/Editor/PlasticSCM/Assets/Images/ignoredoverlay@2x.png using Guid(999d04c0ea94ccc41b3d80788160695b) Importer(815301076,1909f56bfc062723c751e8b465ee728b)  -> (artifact id: 'd57a664f751787375437c282dadb50b7') in 0.010237 seconds 
========================================================================
Received Import Request.
  Time since last request: 1.145051 seconds.
  path: Packages/com.unity.collab-proxy/Editor/PlasticSCM/Assets/Images/iconprivateoverlay.png
  artifactKey: Guid(9d6e2d7ce65565b4a93d524fe7a05d0b) Importer(815301076,1909f56bfc062723c751e8b465ee728b)
Start importing Packages/com.unity.collab-proxy/Editor/PlasticSCM/Assets/Images/iconprivateoverlay.png using Guid(9d6e2d7ce65565b4a93d524fe7a05d0b) Importer(815301076,1909f56bfc062723c751e8b465ee728b)  -> (artifact id: '5ed5145826b1e7a4594d4bc3d1484ee2') in 0.010160 seconds 
========================================================================
Received Import Request.
  Time since last request: 0.951466 seconds.
  path: Packages/com.unity.collab-proxy/Editor/PlasticSCM/Assets/Images/iconplasticviewnotify.png
  artifactKey: Guid(fcbb76d583fe7ee4e80e7e47c0593c4a) Importer(815301076,1909f56bfc062723c751e8b465ee728b)
Start importing Packages/com.unity.collab-proxy/Editor/PlasticSCM/Assets/Images/iconplasticviewnotify.png using Guid(fcbb76d583fe7ee4e80e7e47c0593c4a) Importer(815301076,1909f56bfc062723c751e8b465ee728b)  -> (artifact id: 'c5326af49496cfa52bce641247e3eb6a') in 0.008884 seconds 
========================================================================
Received Import Request.
  Time since last request: 0.000046 seconds.
  path: Packages/com.unity.collab-proxy/Editor/PlasticSCM/Assets/Images/iconpressedclosebutton.png
  artifactKey: Guid(94fe868620119564f9474f40cd6145aa) Importer(815301076,1909f56bfc062723c751e8b465ee728b)
Start importing Packages/com.unity.collab-proxy/Editor/PlasticSCM/Assets/Images/iconpressedclosebutton.png using Guid(94fe868620119564f9474f40cd6145aa) Importer(815301076,1909f56bfc062723c751e8b465ee728b)  -> (artifact id: '03499a3b064cf24770cd5863876f6ac1') in 0.009765 seconds 
========================================================================
Received Import Request.
  Time since last request: 0.206818 seconds.
  path: Packages/com.unity.collab-proxy/Editor/PlasticSCM/Assets/Images/iconplasticnotifyincoming@2x.png
  artifactKey: Guid(ae869fe6797f4454cbbf417d87ff637c) Importer(815301076,1909f56bfc062723c751e8b465ee728b)
Start importing Packages/com.unity.collab-proxy/Editor/PlasticSCM/Assets/Images/iconplasticnotifyincoming@2x.png using Guid(ae869fe6797f4454cbbf417d87ff637c) Importer(815301076,1909f56bfc062723c751e8b465ee728b)  -> (artifact id: 'cd8bfada041c074cf78a94dd101174c5') in 0.008177 seconds 
========================================================================
Received Import Request.
  Time since last request: 0.000054 seconds.
  path: Packages/com.unity.collab-proxy/Editor/PlasticSCM/Assets/Images/iconplasticview@2x.png
  artifactKey: Guid(97a4e2b6ae08b1140a5ba9e22953e029) Importer(815301076,1909f56bfc062723c751e8b465ee728b)
Start importing Packages/com.unity.collab-proxy/Editor/PlasticSCM/Assets/Images/iconplasticview@2x.png using Guid(97a4e2b6ae08b1140a5ba9e22953e029) Importer(815301076,1909f56bfc062723c751e8b465ee728b)  -> (artifact id: '20330df69dfe431d52e7536fe08109fc') in 0.007520 seconds 
========================================================================
Received Import Request.
  Time since last request: 0.497061 seconds.
  path: Packages/com.unity.collab-proxy/Editor/PlasticSCM/Assets/Images/iconplasticnotifyconflict.png
  artifactKey: Guid(a916ed6819efd014588f58e3cfc48196) Importer(815301076,1909f56bfc062723c751e8b465ee728b)
Start importing Packages/com.unity.collab-proxy/Editor/PlasticSCM/Assets/Images/iconplasticnotifyconflict.png using Guid(a916ed6819efd014588f58e3cfc48196) Importer(815301076,1909f56bfc062723c751e8b465ee728b)  -> (artifact id: '6209661c02f2ec0a7f2fed14c78a7fc6') in 0.008650 seconds 
========================================================================
Received Import Request.
  Time since last request: 0.948565 seconds.
  path: Packages/com.unity.collab-proxy/Editor/PlasticSCM/Assets/Images/iconoutofsyncoverlay.png
  artifactKey: Guid(1079db1f4b377fb45aa245fd791993f6) Importer(815301076,1909f56bfc062723c751e8b465ee728b)
Start importing Packages/com.unity.collab-proxy/Editor/PlasticSCM/Assets/Images/iconoutofsyncoverlay.png using Guid(1079db1f4b377fb45aa245fd791993f6) Importer(815301076,1909f56bfc062723c751e8b465ee728b)  -> (artifact id: 'd823eebfa252b4c03cb73d323a54f717') in 0.008900 seconds 
========================================================================
Received Import Request.
  Time since last request: 0.320123 seconds.
  path: Packages/com.unity.collab-proxy/Editor/PlasticSCM/Assets/Images/iconmoved.png
  artifactKey: Guid(8a6cca56e2b63344eb4769cd92d93ffb) Importer(815301076,1909f56bfc062723c751e8b465ee728b)
Start importing Packages/com.unity.collab-proxy/Editor/PlasticSCM/Assets/Images/iconmoved.png using Guid(8a6cca56e2b63344eb4769cd92d93ffb) Importer(815301076,1909f56bfc062723c751e8b465ee728b)  -> (artifact id: 'fb5ec544a5d2564425146765bd8b3de7') in 0.008236 seconds 
========================================================================
Received Import Request.
  Time since last request: 0.000059 seconds.
  path: Packages/com.unity.collab-proxy/Editor/PlasticSCM/Assets/Images/iconoutofsync@2x.png
  artifactKey: Guid(d7094718bdac022428dd29244922d06b) Importer(815301076,1909f56bfc062723c751e8b465ee728b)
Start importing Packages/com.unity.collab-proxy/Editor/PlasticSCM/Assets/Images/iconoutofsync@2x.png using Guid(d7094718bdac022428dd29244922d06b) Importer(815301076,1909f56bfc062723c751e8b465ee728b)  -> (artifact id: '482f091db193c38243584ae6a74340b0') in 0.007385 seconds 
========================================================================
Received Import Request.
  Time since last request: 0.609981 seconds.
  path: Packages/com.unity.collab-proxy/Editor/PlasticSCM/Assets/Images/iconmergeconflictoverlay@2x.png
  artifactKey: Guid(619a2a078bfb5c84494b1e0b64f983a3) Importer(815301076,1909f56bfc062723c751e8b465ee728b)
Start importing Packages/com.unity.collab-proxy/Editor/PlasticSCM/Assets/Images/iconmergeconflictoverlay@2x.png using Guid(619a2a078bfb5c84494b1e0b64f983a3) Importer(815301076,1909f56bfc062723c751e8b465ee728b)  -> (artifact id: '66f0aa2ae7679e2c1f4bf2d8339f29ee') in 0.007927 seconds 
========================================================================
Received Import Request.
  Time since last request: 0.000063 seconds.
  path: Packages/com.unity.collab-proxy/Editor/PlasticSCM/Assets/Images/iconmergelink.png
  artifactKey: Guid(120bf54dff785a0429b068b814e9c12a) Importer(815301076,1909f56bfc062723c751e8b465ee728b)
Start importing Packages/com.unity.collab-proxy/Editor/PlasticSCM/Assets/Images/iconmergelink.png using Guid(120bf54dff785a0429b068b814e9c12a) Importer(815301076,1909f56bfc062723c751e8b465ee728b)  -> (artifact id: '5b571ca50b3aad23fa2b72bf6e489556') in 0.006914 seconds 
========================================================================
Received Import Request.
  Time since last request: 0.405705 seconds.
  path: Packages/com.unity.collab-proxy/Editor/PlasticSCM/Assets/Images/iconmergecategory.png
  artifactKey: Guid(3aeafd5c84842b44e985f9cc2bd28e74) Importer(815301076,1909f56bfc062723c751e8b465ee728b)
Start importing Packages/com.unity.collab-proxy/Editor/PlasticSCM/Assets/Images/iconmergecategory.png using Guid(3aeafd5c84842b44e985f9cc2bd28e74) Importer(815301076,1909f56bfc062723c751e8b465ee728b)  -> (artifact id: '3b034cf9e0a770b20feaee2101262557') in 0.008437 seconds 
========================================================================
Received Import Request.
  Time since last request: 0.038671 seconds.
  path: Packages/com.unity.collab-proxy/Editor/PlasticSCM/Assets/Images/iconlockedlocaloverlay@2x.png
  artifactKey: Guid(b528c1b33a65cf94ea74f830b54c9acb) Importer(815301076,1909f56bfc062723c751e8b465ee728b)
Start importing Packages/com.unity.collab-proxy/Editor/PlasticSCM/Assets/Images/iconlockedlocaloverlay@2x.png using Guid(b528c1b33a65cf94ea74f830b54c9acb) Importer(815301076,1909f56bfc062723c751e8b465ee728b)  -> (artifact id: 'be8f9f1e4be788bed84566fef7b9bd93') in 0.008133 seconds 
========================================================================
Received Import Request.
  Time since last request: 0.060518 seconds.
  path: Packages/com.unity.collab-proxy/Editor/PlasticSCM/Assets/Images/iconemptygravatar@2x.png
  artifactKey: Guid(da545229eea36164d8b8cba2f75a1143) Importer(815301076,1909f56bfc062723c751e8b465ee728b)
Start importing Packages/com.unity.collab-proxy/Editor/PlasticSCM/Assets/Images/iconemptygravatar@2x.png using Guid(da545229eea36164d8b8cba2f75a1143) Importer(815301076,1909f56bfc062723c751e8b465ee728b)  -> (artifact id: '1823ddce819636119ff159f9b7191c55') in 0.010038 seconds 
========================================================================
Received Import Request.
  Time since last request: 0.003874 seconds.
  path: Packages/com.unity.collab-proxy/Editor/PlasticSCM/Assets/Images/icondeletedremoteoverlay.png
  artifactKey: Guid(cc3a9f4e86314f746aa1a97505d6323b) Importer(815301076,1909f56bfc062723c751e8b465ee728b)
Start importing Packages/com.unity.collab-proxy/Editor/PlasticSCM/Assets/Images/icondeletedremoteoverlay.png using Guid(cc3a9f4e86314f746aa1a97505d6323b) Importer(815301076,1909f56bfc062723c751e8b465ee728b)  -> (artifact id: 'cc956bdbee1463891b6ac4f1d2e57ac6') in 0.007917 seconds 
========================================================================
Received Import Request.
  Time since last request: 0.000069 seconds.
  path: Packages/com.unity.collab-proxy/Editor/PlasticSCM/Assets/Images/icondeletedremoteoverlay@2x.png
  artifactKey: Guid(d5c3277b1dbad9448b46c2ec87a2cef8) Importer(815301076,1909f56bfc062723c751e8b465ee728b)
Start importing Packages/com.unity.collab-proxy/Editor/PlasticSCM/Assets/Images/icondeletedremoteoverlay@2x.png using Guid(d5c3277b1dbad9448b46c2ec87a2cef8) Importer(815301076,1909f56bfc062723c751e8b465ee728b)  -> (artifact id: '662692c4b72033474999b32e06a1e299') in 0.007396 seconds 
========================================================================
Received Import Request.
  Time since last request: 0.927605 seconds.
  path: Packages/com.unity.collab-proxy/Editor/PlasticSCM/Assets/Images/icondeletedlocaloverlay@2x.png
  artifactKey: Guid(a3e491f99ea3ad74f8731ca93e84c497) Importer(815301076,1909f56bfc062723c751e8b465ee728b)
Start importing Packages/com.unity.collab-proxy/Editor/PlasticSCM/Assets/Images/icondeletedlocaloverlay@2x.png using Guid(a3e491f99ea3ad74f8731ca93e84c497) Importer(815301076,1909f56bfc062723c751e8b465ee728b)  -> (artifact id: '3fe01a6603e2af7441f541700eb6cc81') in 0.007995 seconds 
========================================================================
Received Import Request.
  Time since last request: 0.058821 seconds.
  path: Packages/com.unity.collab-proxy/Editor/PlasticSCM/Assets/Images/iconconflictresolvedoverlay@2x.png
  artifactKey: Guid(309b1d5a294fd6c43ae9cf77656c1852) Importer(815301076,1909f56bfc062723c751e8b465ee728b)
Start importing Packages/com.unity.collab-proxy/Editor/PlasticSCM/Assets/Images/iconconflictresolvedoverlay@2x.png using Guid(309b1d5a294fd6c43ae9cf77656c1852) Importer(815301076,1909f56bfc062723c751e8b465ee728b)  -> (artifact id: '69fb1bc47ec5aa1b83b19afd83288e20') in 0.008972 seconds 
========================================================================
Received Import Request.
  Time since last request: 0.000077 seconds.
  path: Packages/com.unity.collab-proxy/Editor/PlasticSCM/Assets/Images/icondeletedlocaloverlay.png
  artifactKey: Guid(e251dfd24b5610d4d8ea65a237cc9d97) Importer(815301076,1909f56bfc062723c751e8b465ee728b)
Start importing Packages/com.unity.collab-proxy/Editor/PlasticSCM/Assets/Images/icondeletedlocaloverlay.png using Guid(e251dfd24b5610d4d8ea65a237cc9d97) Importer(815301076,1909f56bfc062723c751e8b465ee728b)  -> (artifact id: 'e6f35ebdef4e15739e37e1749c1bdd65') in 0.008152 seconds 
========================================================================
Received Import Request.
  Time since last request: 0.252328 seconds.
  path: Packages/com.unity.collab-proxy/Editor/PlasticSCM/Assets/Images/iconconflicted.png
  artifactKey: Guid(d1c88f142eee55b4eb2b2cfd7b3624ce) Importer(815301076,1909f56bfc062723c751e8b465ee728b)
Start importing Packages/com.unity.collab-proxy/Editor/PlasticSCM/Assets/Images/iconconflicted.png using Guid(d1c88f142eee55b4eb2b2cfd7b3624ce) Importer(815301076,1909f56bfc062723c751e8b465ee728b)  -> (artifact id: 'b57f54343e59166521a9dfb889d505f2') in 0.008132 seconds 
========================================================================
Received Import Request.
  Time since last request: 0.000065 seconds.
  path: Packages/com.unity.collab-proxy/Editor/PlasticSCM/Assets/Images/iconconflictresolvedoverlay.png
  artifactKey: Guid(0a78c2b019ae1e5448f50d83adcfd965) Importer(815301076,1909f56bfc062723c751e8b465ee728b)
Start importing Packages/com.unity.collab-proxy/Editor/PlasticSCM/Assets/Images/iconconflictresolvedoverlay.png using Guid(0a78c2b019ae1e5448f50d83adcfd965) Importer(815301076,1909f56bfc062723c751e8b465ee728b)  -> (artifact id: '8c4232b4d1cd4f2b0b03909cf9ec80dc') in 0.007241 seconds 
========================================================================
Received Import Request.
  Time since last request: 0.329704 seconds.
  path: Packages/com.unity.collab-proxy/Editor/PlasticSCM/Assets/Images/iconcheckedoutlocaloverlay.png
  artifactKey: Guid(4bd47f86a00dd2b4b8ab20a11de165f6) Importer(815301076,1909f56bfc062723c751e8b465ee728b)
Start importing Packages/com.unity.collab-proxy/Editor/PlasticSCM/Assets/Images/iconcheckedoutlocaloverlay.png using Guid(4bd47f86a00dd2b4b8ab20a11de165f6) Importer(815301076,1909f56bfc062723c751e8b465ee728b)  -> (artifact id: '0c8e579400cef030ec4e28c7e2b89dac') in 0.008421 seconds 
========================================================================
Received Import Request.
  Time since last request: 0.000056 seconds.
  path: Packages/com.unity.collab-proxy/Editor/PlasticSCM/Assets/Images/iconclosebutton.png
  artifactKey: Guid(13527793884104b46b7446fd7464c3ed) Importer(815301076,1909f56bfc062723c751e8b465ee728b)
Start importing Packages/com.unity.collab-proxy/Editor/PlasticSCM/Assets/Images/iconclosebutton.png using Guid(13527793884104b46b7446fd7464c3ed) Importer(815301076,1909f56bfc062723c751e8b465ee728b)  -> (artifact id: '5a296202d89bc98226c955b2a2c9b12a') in 0.007181 seconds 
========================================================================
Received Import Request.
  Time since last request: 0.399174 seconds.
  path: Packages/com.unity.collab-proxy/Editor/PlasticSCM/Assets/Images/iconbranch.png
  artifactKey: Guid(a6219d44b6fc910449f7c3fee45db5c5) Importer(815301076,1909f56bfc062723c751e8b465ee728b)
Start importing Packages/com.unity.collab-proxy/Editor/PlasticSCM/Assets/Images/iconbranch.png using Guid(a6219d44b6fc910449f7c3fee45db5c5) Importer(815301076,1909f56bfc062723c751e8b465ee728b)  -> (artifact id: 'ce1336b3f81a31b0c034e2e49b76c842') in 0.008123 seconds 
========================================================================
Received Import Request.
  Time since last request: 0.000066 seconds.
  path: Packages/com.unity.collab-proxy/Editor/PlasticSCM/Assets/Images/iconchanged.png
  artifactKey: Guid(6719b9ff26333564181b5328d934035c) Importer(815301076,1909f56bfc062723c751e8b465ee728b)
Start importing Packages/com.unity.collab-proxy/Editor/PlasticSCM/Assets/Images/iconchanged.png using Guid(6719b9ff26333564181b5328d934035c) Importer(815301076,1909f56bfc062723c751e8b465ee728b)  -> (artifact id: '52c976b0e105af088d44b9cb9c8c58ae') in 0.007378 seconds 
========================================================================
Received Import Request.
  Time since last request: 0.165430 seconds.
  path: Packages/com.unity.collab-proxy/Editor/PlasticSCM/Assets/Images/iconaddedlocal@2x.png
  artifactKey: Guid(a67b58d6cddcd4345b1e001340de5a76) Importer(815301076,1909f56bfc062723c751e8b465ee728b)
Start importing Packages/com.unity.collab-proxy/Editor/PlasticSCM/Assets/Images/iconaddedlocal@2x.png using Guid(a67b58d6cddcd4345b1e001340de5a76) Importer(815301076,1909f56bfc062723c751e8b465ee728b)  -> (artifact id: 'd63f823023bb285352bf74f8c8553215') in 0.008249 seconds 
========================================================================
Received Import Request.
  Time since last request: 0.000072 seconds.
  path: Packages/com.unity.collab-proxy/Editor/PlasticSCM/Assets/Images/iconaddedoverlay@2x.png
  artifactKey: Guid(74ef721fef79c44489d4e3edb0ab0c01) Importer(815301076,1909f56bfc062723c751e8b465ee728b)
Start importing Packages/com.unity.collab-proxy/Editor/PlasticSCM/Assets/Images/iconaddedoverlay@2x.png using Guid(74ef721fef79c44489d4e3edb0ab0c01) Importer(815301076,1909f56bfc062723c751e8b465ee728b)  -> (artifact id: 'b683839dca1edf004071c6beb3d53769') in 0.007407 seconds 
========================================================================
Received Import Request.
  Time since last request: 0.533728 seconds.
  path: Packages/com.unity.collab-proxy/Editor/PlasticSCM/Assets/Images/iconadded.png
  artifactKey: Guid(1196e728cbc6c25429f25431acabb4d1) Importer(815301076,1909f56bfc062723c751e8b465ee728b)
Start importing Packages/com.unity.collab-proxy/Editor/PlasticSCM/Assets/Images/iconadded.png using Guid(1196e728cbc6c25429f25431acabb4d1) Importer(815301076,1909f56bfc062723c751e8b465ee728b)  -> (artifact id: '265767d95e8395515ace3d6d57ae79f7') in 0.007552 seconds 
========================================================================
Received Import Request.
  Time since last request: 1.068342 seconds.
  path: Packages/com.unity.collab-proxy/Editor/PlasticSCM/Assets/Images/d_stevejobsbuhochristmas.png
  artifactKey: Guid(08c91a7677e66844281a99aaf6ea36f1) Importer(815301076,1909f56bfc062723c751e8b465ee728b)
Start importing Packages/com.unity.collab-proxy/Editor/PlasticSCM/Assets/Images/d_stevejobsbuhochristmas.png using Guid(08c91a7677e66844281a99aaf6ea36f1) Importer(815301076,1909f56bfc062723c751e8b465ee728b)  -> (artifact id: 'f3b75fb129b8df89d8e44e5235fdcacc') in 0.016018 seconds 
========================================================================
Received Import Request.
  Time since last request: 3.301285 seconds.
  path: Packages/com.unity.collab-proxy/Editor/PlasticSCM/Assets/Images/d_stepok.png
  artifactKey: Guid(be423a54b981d38428de82ad12534629) Importer(815301076,1909f56bfc062723c751e8b465ee728b)
Start importing Packages/com.unity.collab-proxy/Editor/PlasticSCM/Assets/Images/d_stepok.png using Guid(be423a54b981d38428de82ad12534629) Importer(815301076,1909f56bfc062723c751e8b465ee728b)  -> (artifact id: 'c195f4c53dad291da2ff7890b9c031ac') in 0.008821 seconds 
========================================================================
Received Import Request.
  Time since last request: 0.000061 seconds.
  path: Packages/com.unity.collab-proxy/Editor/PlasticSCM/Assets/Images/d_stevejobsbuho.png
  artifactKey: Guid(e92527f6d0fe45342ab542b47346d45f) Importer(815301076,1909f56bfc062723c751e8b465ee728b)
Start importing Packages/com.unity.collab-proxy/Editor/PlasticSCM/Assets/Images/d_stevejobsbuho.png using Guid(e92527f6d0fe45342ab542b47346d45f) Importer(815301076,1909f56bfc062723c751e8b465ee728b)  -> (artifact id: 'f33cc30b7387f7cb94f9f3ca654074e2') in 0.014505 seconds 
========================================================================
Received Import Request.
  Time since last request: 0.145165 seconds.
  path: Packages/com.unity.collab-proxy/Editor/PlasticSCM/Assets/Images/d_step2@2x.png
  artifactKey: Guid(cdb88fdb0cf46b244a667edaff21c7df) Importer(815301076,1909f56bfc062723c751e8b465ee728b)
Start importing Packages/com.unity.collab-proxy/Editor/PlasticSCM/Assets/Images/d_step2@2x.png using Guid(cdb88fdb0cf46b244a667edaff21c7df) Importer(815301076,1909f56bfc062723c751e8b465ee728b)  -> (artifact id: 'bde8f6d129718c1672011d5184da4997') in 0.008470 seconds 
========================================================================
Received Import Request.
  Time since last request: 0.847592 seconds.
  path: Packages/com.unity.collab-proxy/Editor/PlasticSCM/Assets/Images/d_step1.png
  artifactKey: Guid(38236a82ff44aaa4b972248479d5f970) Importer(815301076,1909f56bfc062723c751e8b465ee728b)
Start importing Packages/com.unity.collab-proxy/Editor/PlasticSCM/Assets/Images/d_step1.png using Guid(38236a82ff44aaa4b972248479d5f970) Importer(815301076,1909f56bfc062723c751e8b465ee728b)  -> (artifact id: 'b7e91a34122a82a5ca8a052564c5fc93') in 0.007428 seconds 
========================================================================
Received Import Request.
  Time since last request: 0.000047 seconds.
  path: Packages/com.unity.collab-proxy/Editor/PlasticSCM/Assets/Images/d_step2.png
  artifactKey: Guid(897c3a3f5c4038345a7143573bbb4a40) Importer(815301076,1909f56bfc062723c751e8b465ee728b)
Start importing Packages/com.unity.collab-proxy/Editor/PlasticSCM/Assets/Images/d_step2.png using Guid(897c3a3f5c4038345a7143573bbb4a40) Importer(815301076,1909f56bfc062723c751e8b465ee728b)  -> (artifact id: '55b7d32ea4d07eab88bae29fa8a4db2a') in 0.007893 seconds 
========================================================================
Received Import Request.
  Time since last request: 0.974006 seconds.
  path: Packages/com.unity.collab-proxy/Editor/PlasticSCM/Assets/Images/d_loading@2x.png
  artifactKey: Guid(7ee48c5fba4919649a8a6094cbead669) Importer(815301076,1909f56bfc062723c751e8b465ee728b)
Start importing Packages/com.unity.collab-proxy/Editor/PlasticSCM/Assets/Images/d_loading@2x.png using Guid(7ee48c5fba4919649a8a6094cbead669) Importer(815301076,1909f56bfc062723c751e8b465ee728b)  -> (artifact id: 'f3b298d545e7189486b17d4a49ba3bec') in 0.008604 seconds 
========================================================================
Received Import Request.
  Time since last request: 0.105901 seconds.
  path: Packages/com.unity.collab-proxy/Editor/PlasticSCM/Assets/Images/d_ignoredoverlay.png
  artifactKey: Guid(0f5597de928ba6547895c4cdb9fa4185) Importer(815301076,1909f56bfc062723c751e8b465ee728b)
Start importing Packages/com.unity.collab-proxy/Editor/PlasticSCM/Assets/Images/d_ignoredoverlay.png using Guid(0f5597de928ba6547895c4cdb9fa4185) Importer(815301076,1909f56bfc062723c751e8b465ee728b)  -> (artifact id: 'c6f72bcdd5f841ad1c13002832090fd0') in 0.008299 seconds 
========================================================================
Received Import Request.
  Time since last request: 0.586008 seconds.
  path: Packages/com.unity.collab-proxy/Editor/PlasticSCM/Assets/Images/d_iconprivateoverlay@2x.png
  artifactKey: Guid(7f854f490da24e54f9e8383e446b5d81) Importer(815301076,1909f56bfc062723c751e8b465ee728b)
Start importing Packages/com.unity.collab-proxy/Editor/PlasticSCM/Assets/Images/d_iconprivateoverlay@2x.png using Guid(7f854f490da24e54f9e8383e446b5d81) Importer(815301076,1909f56bfc062723c751e8b465ee728b)  -> (artifact id: '32038f987945a63ae88e3f6bfdb278f2') in 0.008944 seconds 
========================================================================
Received Import Request.
  Time since last request: 0.659629 seconds.
  path: Packages/com.unity.collab-proxy/Editor/PlasticSCM/Assets/Images/d_iconplasticviewnotify.png
  artifactKey: Guid(df7dbac99fae5444f92b497c52f0ecfb) Importer(815301076,1909f56bfc062723c751e8b465ee728b)
Start importing Packages/com.unity.collab-proxy/Editor/PlasticSCM/Assets/Images/d_iconplasticviewnotify.png using Guid(df7dbac99fae5444f92b497c52f0ecfb) Importer(815301076,1909f56bfc062723c751e8b465ee728b)  -> (artifact id: '34267c4d6c08280fdd9f935b8ce304d2') in 0.007725 seconds 
========================================================================
Received Import Request.
  Time since last request: 2.296088 seconds.
  path: Packages/com.unity.collab-proxy/Editor/PlasticSCM/Assets/Images/d_iconplasticnotifyincoming@2x.png
  artifactKey: Guid(c5fc116b3271b5947808130b2212cd60) Importer(815301076,1909f56bfc062723c751e8b465ee728b)
Start importing Packages/com.unity.collab-proxy/Editor/PlasticSCM/Assets/Images/d_iconplasticnotifyincoming@2x.png using Guid(c5fc116b3271b5947808130b2212cd60) Importer(815301076,1909f56bfc062723c751e8b465ee728b)  -> (artifact id: '6e145ba86c68535f4b3ce64a76fd16da') in 0.008587 seconds 
========================================================================
Received Import Request.
  Time since last request: 0.428266 seconds.
  path: Packages/com.unity.collab-proxy/Editor/PlasticSCM/Assets/Images/d_iconplasticnotifyconflict.png
  artifactKey: Guid(51582ae5ea51fa14996791a550f89473) Importer(815301076,1909f56bfc062723c751e8b465ee728b)
Start importing Packages/com.unity.collab-proxy/Editor/PlasticSCM/Assets/Images/d_iconplasticnotifyconflict.png using Guid(51582ae5ea51fa14996791a550f89473) Importer(815301076,1909f56bfc062723c751e8b465ee728b)  -> (artifact id: 'ee0bd4b66d2107df689291d0fcb39a1d') in 0.008172 seconds 
========================================================================
Received Import Request.
  Time since last request: 0.000056 seconds.
  path: Packages/com.unity.collab-proxy/Editor/PlasticSCM/Assets/Images/d_iconplasticnotifyincoming.png
  artifactKey: Guid(f31d2c855644aad4cb2030bce12859f6) Importer(815301076,1909f56bfc062723c751e8b465ee728b)
Start importing Packages/com.unity.collab-proxy/Editor/PlasticSCM/Assets/Images/d_iconplasticnotifyincoming.png using Guid(f31d2c855644aad4cb2030bce12859f6) Importer(815301076,1909f56bfc062723c751e8b465ee728b)  -> (artifact id: '9e8c61b06b67393187e1e58c8b9ad438') in 0.007478 seconds 
========================================================================
Received Import Request.
  Time since last request: 0.404928 seconds.
  path: Packages/com.unity.collab-proxy/Editor/PlasticSCM/Assets/Images/d_iconoutofsync@2x.png
  artifactKey: Guid(f82dfc5fc3c5a8f4080a3550427019c8) Importer(815301076,1909f56bfc062723c751e8b465ee728b)
Start importing Packages/com.unity.collab-proxy/Editor/PlasticSCM/Assets/Images/d_iconoutofsync@2x.png using Guid(f82dfc5fc3c5a8f4080a3550427019c8) Importer(815301076,1909f56bfc062723c751e8b465ee728b)  -> (artifact id: '7a689c7555d2be813748aff58d3386f5') in 0.008332 seconds 
========================================================================
Received Import Request.
  Time since last request: 0.326185 seconds.
  path: Packages/com.unity.collab-proxy/Editor/PlasticSCM/Assets/Images/d_iconmergeconflictoverlay.png
  artifactKey: Guid(e82b4b1383f66ad468b73c88a7688e03) Importer(815301076,1909f56bfc062723c751e8b465ee728b)
Start importing Packages/com.unity.collab-proxy/Editor/PlasticSCM/Assets/Images/d_iconmergeconflictoverlay.png using Guid(e82b4b1383f66ad468b73c88a7688e03) Importer(815301076,1909f56bfc062723c751e8b465ee728b)  -> (artifact id: '58e8b4e5cf6806e33e8e56be911d6d6f') in 0.009584 seconds 
========================================================================
Received Import Request.
  Time since last request: 0.173552 seconds.
  path: Packages/com.unity.collab-proxy/Editor/PlasticSCM/Assets/Images/d_iconlockedlocaloverlay@2x.png
  artifactKey: Guid(ae53a7884da90e94eb5dfeab594b746c) Importer(815301076,1909f56bfc062723c751e8b465ee728b)
Start importing Packages/com.unity.collab-proxy/Editor/PlasticSCM/Assets/Images/d_iconlockedlocaloverlay@2x.png using Guid(ae53a7884da90e94eb5dfeab594b746c) Importer(815301076,1909f56bfc062723c751e8b465ee728b)  -> (artifact id: '50d7f42c89b197600d738dec131466ff') in 0.008333 seconds 
========================================================================
Received Import Request.
  Time since last request: 0.219762 seconds.
  path: Packages/com.unity.collab-proxy/Editor/PlasticSCM/Assets/Images/d_iconemptygravatar.png
  artifactKey: Guid(9aebd705574f9e642aef1e5f59b3e4d8) Importer(815301076,1909f56bfc062723c751e8b465ee728b)
Start importing Packages/com.unity.collab-proxy/Editor/PlasticSCM/Assets/Images/d_iconemptygravatar.png using Guid(9aebd705574f9e642aef1e5f59b3e4d8) Importer(815301076,1909f56bfc062723c751e8b465ee728b)  -> (artifact id: '11b9d828ba6d8545b455f258c38e0ad8') in 0.009596 seconds 
========================================================================
Received Import Request.
  Time since last request: 0.000062 seconds.
  path: Packages/com.unity.collab-proxy/Editor/PlasticSCM/Assets/Images/d_iconlockedlocaloverlay.png
  artifactKey: Guid(71c45f80bffdb9145ad2c456254c862e) Importer(815301076,1909f56bfc062723c751e8b465ee728b)
Start importing Packages/com.unity.collab-proxy/Editor/PlasticSCM/Assets/Images/d_iconlockedlocaloverlay.png using Guid(71c45f80bffdb9145ad2c456254c862e) Importer(815301076,1909f56bfc062723c751e8b465ee728b)  -> (artifact id: '39b75490f7b8e191bfefeabe810ca593') in 0.006971 seconds 
========================================================================
Received Import Request.
  Time since last request: 0.031464 seconds.
  path: Packages/com.unity.collab-proxy/Editor/PlasticSCM/Assets/Images/d_icondeletedremote@2x.png
  artifactKey: Guid(626b9cddb29049e4cac50cd87b419945) Importer(815301076,1909f56bfc062723c751e8b465ee728b)
Start importing Packages/com.unity.collab-proxy/Editor/PlasticSCM/Assets/Images/d_icondeletedremote@2x.png using Guid(626b9cddb29049e4cac50cd87b419945) Importer(815301076,1909f56bfc062723c751e8b465ee728b)  -> (artifact id: '3249158efd271919ec1d66c19a3b8286') in 0.008200 seconds 
========================================================================
Received Import Request.
  Time since last request: 0.039199 seconds.
  path: Packages/com.unity.collab-proxy/Editor/PlasticSCM/Assets/Images/d_icondeletedlocaloverlay.png
  artifactKey: Guid(4da274d970a82a943ae3979e7833f3dd) Importer(815301076,1909f56bfc062723c751e8b465ee728b)
Start importing Packages/com.unity.collab-proxy/Editor/PlasticSCM/Assets/Images/d_icondeletedlocaloverlay.png using Guid(4da274d970a82a943ae3979e7833f3dd) Importer(815301076,1909f56bfc062723c751e8b465ee728b)  -> (artifact id: '56a5374079e2070855ef3408ab6cd3d7') in 0.007980 seconds 
========================================================================
Received Import Request.
  Time since last request: 0.000058 seconds.
  path: Packages/com.unity.collab-proxy/Editor/PlasticSCM/Assets/Images/d_icondeletedremote.png
  artifactKey: Guid(23e66f7264c74424889342127f229577) Importer(815301076,1909f56bfc062723c751e8b465ee728b)
Start importing Packages/com.unity.collab-proxy/Editor/PlasticSCM/Assets/Images/d_icondeletedremote.png using Guid(23e66f7264c74424889342127f229577) Importer(815301076,1909f56bfc062723c751e8b465ee728b)  -> (artifact id: 'a35b1a4863e243d68e25b2a2b7239296') in 0.007327 seconds 
========================================================================
Received Import Request.
  Time since last request: 0.013187 seconds.
  path: Packages/com.unity.collab-proxy/Editor/PlasticSCM/Assets/Images/d_iconconflicted@2x.png
  artifactKey: Guid(65f0e363b74cf5845ab8c3fbc14f39ac) Importer(815301076,1909f56bfc062723c751e8b465ee728b)
Start importing Packages/com.unity.collab-proxy/Editor/PlasticSCM/Assets/Images/d_iconconflicted@2x.png using Guid(65f0e363b74cf5845ab8c3fbc14f39ac) Importer(815301076,1909f56bfc062723c751e8b465ee728b)  -> (artifact id: 'bf2852d5b737cec20d180ea067ef642a') in 0.007739 seconds 
========================================================================
Received Import Request.
  Time since last request: 0.000059 seconds.
  path: Packages/com.unity.collab-proxy/Editor/PlasticSCM/Assets/Images/d_iconconflictresolvedoverlay@2x.png
  artifactKey: Guid(4a231ba0e81e63849a8f985c228e8acd) Importer(815301076,1909f56bfc062723c751e8b465ee728b)
Start importing Packages/com.unity.collab-proxy/Editor/PlasticSCM/Assets/Images/d_iconconflictresolvedoverlay@2x.png using Guid(4a231ba0e81e63849a8f985c228e8acd) Importer(815301076,1909f56bfc062723c751e8b465ee728b)  -> (artifact id: '53fd471cb8914009a226d84d628505bc') in 0.007602 seconds 
========================================================================
Received Import Request.
  Time since last request: 0.045160 seconds.
  path: Packages/com.unity.collab-proxy/Editor/PlasticSCM/Assets/Images/d_iconcheckedoutlocaloverlay.png
  artifactKey: Guid(bb1928aff4fd4cf44af1f629dc14ef9b) Importer(815301076,1909f56bfc062723c751e8b465ee728b)
Start importing Packages/com.unity.collab-proxy/Editor/PlasticSCM/Assets/Images/d_iconcheckedoutlocaloverlay.png using Guid(bb1928aff4fd4cf44af1f629dc14ef9b) Importer(815301076,1909f56bfc062723c751e8b465ee728b)  -> (artifact id: '8f1b89bd3204e4c392ee63949814e120') in 0.008792 seconds 
========================================================================
Received Import Request.
  Time since last request: 0.092265 seconds.
  path: Packages/com.unity.collab-proxy/Editor/PlasticSCM/Assets/Images/d_iconaddedoverlay@2x.png
  artifactKey: Guid(a6fbd5a181bc51e42a61a73fe8d727c8) Importer(815301076,1909f56bfc062723c751e8b465ee728b)
Start importing Packages/com.unity.collab-proxy/Editor/PlasticSCM/Assets/Images/d_iconaddedoverlay@2x.png using Guid(a6fbd5a181bc51e42a61a73fe8d727c8) Importer(815301076,1909f56bfc062723c751e8b465ee728b)  -> (artifact id: '48c2f862ece5f82ee902d9c636f24db7') in 0.008460 seconds 
========================================================================
Received Import Request.
  Time since last request: 0.193010 seconds.
  path: Packages/com.unity.collab-proxy/Editor/PlasticSCM/Assets/Images/d_iconaddedlocal.png
  artifactKey: Guid(0c6a2a64ca9f9c946a7dbbd1674cf5bd) Importer(815301076,1909f56bfc062723c751e8b465ee728b)
Start importing Packages/com.unity.collab-proxy/Editor/PlasticSCM/Assets/Images/d_iconaddedlocal.png using Guid(0c6a2a64ca9f9c946a7dbbd1674cf5bd) Importer(815301076,1909f56bfc062723c751e8b465ee728b)  -> (artifact id: 'a830a987ddd5b3aab5d6e7dd92c7cd42') in 0.008621 seconds 
========================================================================
Received Import Request.
  Time since last request: 0.000071 seconds.
  path: Packages/com.unity.collab-proxy/Editor/PlasticSCM/Assets/Images/d_iconaddedoverlay.png
  artifactKey: Guid(73d124bf77e463c45942d14136745d9f) Importer(815301076,1909f56bfc062723c751e8b465ee728b)
Start importing Packages/com.unity.collab-proxy/Editor/PlasticSCM/Assets/Images/d_iconaddedoverlay.png using Guid(73d124bf77e463c45942d14136745d9f) Importer(815301076,1909f56bfc062723c751e8b465ee728b)  -> (artifact id: 'c003a5fbb3b46b8a6d90d6d317131f75') in 0.007673 seconds 
========================================================================
Received Import Request.
  Time since last request: 0.579917 seconds.
  path: Packages/com.unity.collab-proxy/Editor/PlasticSCM/Assets/Images/d_genericbuhoshechristmas1.png
  artifactKey: Guid(d98fbe17966d8ef449b25b99024bf36f) Importer(815301076,1909f56bfc062723c751e8b465ee728b)
Start importing Packages/com.unity.collab-proxy/Editor/PlasticSCM/Assets/Images/d_genericbuhoshechristmas1.png using Guid(d98fbe17966d8ef449b25b99024bf36f) Importer(815301076,1909f56bfc062723c751e8b465ee728b)  -> (artifact id: '8704e33c7c48e3f31049d048da963ff6') in 0.014834 seconds 
========================================================================
Received Import Request.
  Time since last request: 0.066983 seconds.
  path: Packages/com.unity.collab-proxy/Editor/PlasticSCM/Assets/Images/d_genericbuhoshe1.png
  artifactKey: Guid(f2901efd8bb16bc408ad37f017fbf9bc) Importer(815301076,1909f56bfc062723c751e8b465ee728b)
Start importing Packages/com.unity.collab-proxy/Editor/PlasticSCM/Assets/Images/d_genericbuhoshe1.png using Guid(f2901efd8bb16bc408ad37f017fbf9bc) Importer(815301076,1909f56bfc062723c751e8b465ee728b)  -> (artifact id: 'fe0f53e923d0f72a0973ed3b4cca927d') in 0.014673 seconds 
========================================================================
Received Import Request.
  Time since last request: 0.070002 seconds.
  path: Packages/com.unity.collab-proxy/Editor/PlasticSCM/Assets/Images/d_genericbuhochristmas1.png
  artifactKey: Guid(e36d1a38d7aa309409e80bf66a089330) Importer(815301076,1909f56bfc062723c751e8b465ee728b)
Start importing Packages/com.unity.collab-proxy/Editor/PlasticSCM/Assets/Images/d_genericbuhochristmas1.png using Guid(e36d1a38d7aa309409e80bf66a089330) Importer(815301076,1909f56bfc062723c751e8b465ee728b)  -> (artifact id: '647aec514e5c7e95d9b60a09ee23b336') in 0.014788 seconds 
========================================================================
Received Import Request.
  Time since last request: 385.381420 seconds.
  path: Assets/Scripts/Editor
  artifactKey: Guid(5ca94ed8ba66f4ab0a046e85778b2230) Importer(815301076,1909f56bfc062723c751e8b465ee728b)
Start importing Assets/Scripts/Editor using Guid(5ca94ed8ba66f4ab0a046e85778b2230) Importer(815301076,1909f56bfc062723c751e8b465ee728b)  -> (artifact id: '9aed7f46c2651610e6f93193b86d22f7') in 0.000767 seconds 
========================================================================
Received Prepare
Registering precompiled user dll's ...
Registered in 0.002779 seconds.
Begin MonoManager ReloadAssembly
Thread 0x297987000 may have been prematurely finalized
Symbol file LoadedFromMemory doesn't match image /Users/henrymoss/Documents/GitHub/Sigil-Game/Library/PackageCache/com.unity.visualscripting@1.7.6/Editor/VisualScripting.Core/Dependencies/YamlDotNet/Unity.VisualScripting.YamlDotNet.dll
Symbol file LoadedFromMemory doesn't match image /Users/henrymoss/Documents/GitHub/Sigil-Game/Library/PackageCache/com.unity.visualscripting@1.7.6/Editor/VisualScripting.Core/Dependencies/DotNetZip/Unity.VisualScripting.IonicZip.dll
Native extension for LinuxStandalone target not found
Native extension for WindowsStandalone target not found
Native extension for OSXStandalone target not found
Refreshing native plugins compatible for Editor in 0.50 ms, found 2 plugins.
Preloading 0 native plugins for Editor in 0.00 ms.
Unable to allocate new scene culling mask
UnityEngine.StackTraceUtility:ExtractStackTrace () (at /Users/bokken/buildslave/unity/build/Runtime/Export/Scripting/StackTrace.cs:37)
UnityEditor.SceneManagement.EditorSceneManager:NewPreviewScene (bool)
UnityEditor.SceneManagement.EditorSceneManager:NewPreviewScene () (at /Users/bokken/buildslave/unity/build/Editor/Mono/EditorSceneManager.bindings.cs:84)
UnityEditor.PreviewScene:.ctor (string) (at /Users/bokken/buildslave/unity/build/Editor/Mono/Inspector/PreviewRenderUtility.cs:22)
UnityEditor.PreviewRenderUtility:.ctor () (at /Users/bokken/buildslave/unity/build/Editor/Mono/Inspector/PreviewRenderUtility.cs:109)
UnityEditor.Texture3DPreview:InitPreviewUtility () (at /Users/bokken/buildslave/unity/build/Editor/Mono/Inspector/Texture3DPreview.cs:209)
UnityEditor.Texture3DPreview:OnEnable () (at /Users/bokken/buildslave/unity/build/Editor/Mono/Inspector/Texture3DPreview.cs:193)

[/Users/bokken/buildslave/unity/build/Editor/Mono/EditorSceneManager.bindings.cs line 84]

Unable to allocate new scene culling mask
UnityEngine.StackTraceUtility:ExtractStackTrace () (at /Users/bokken/buildslave/unity/build/Runtime/Export/Scripting/StackTrace.cs:37)
UnityEditor.SceneManagement.EditorSceneManager:NewPreviewScene (bool)
UnityEditor.SceneManagement.EditorSceneManager:NewPreviewScene () (at /Users/bokken/buildslave/unity/build/Editor/Mono/EditorSceneManager.bindings.cs:84)
UnityEditor.PreviewScene:.ctor (string) (at /Users/bokken/buildslave/unity/build/Editor/Mono/Inspector/PreviewRenderUtility.cs:22)
UnityEditor.PreviewRenderUtility:.ctor () (at /Users/bokken/buildslave/unity/build/Editor/Mono/Inspector/PreviewRenderUtility.cs:109)
UnityEditor.Texture3DPreview:InitPreviewUtility () (at /Users/bokken/buildslave/unity/build/Editor/Mono/Inspector/Texture3DPreview.cs:209)
UnityEditor.Texture3DPreview:OnEnable () (at /Users/bokken/buildslave/unity/build/Editor/Mono/Inspector/Texture3DPreview.cs:193)

[/Users/bokken/buildslave/unity/build/Editor/Mono/EditorSceneManager.bindings.cs line 84]

Unable to allocate new scene culling mask
UnityEngine.StackTraceUtility:ExtractStackTrace () (at /Users/bokken/buildslave/unity/build/Runtime/Export/Scripting/StackTrace.cs:37)
UnityEditor.SceneManagement.EditorSceneManager:NewPreviewScene (bool)
UnityEditor.SceneManagement.EditorSceneManager:NewPreviewScene () (at /Users/bokken/buildslave/unity/build/Editor/Mono/EditorSceneManager.bindings.cs:84)
UnityEditor.PreviewScene:.ctor (string) (at /Users/bokken/buildslave/unity/build/Editor/Mono/Inspector/PreviewRenderUtility.cs:22)
UnityEditor.PreviewRenderUtility:.ctor () (at /Users/bokken/buildslave/unity/build/Editor/Mono/Inspector/PreviewRenderUtility.cs:109)
UnityEditor.Texture3DPreview:InitPreviewUtility () (at /Users/bokken/buildslave/unity/build/Editor/Mono/Inspector/Texture3DPreview.cs:209)
UnityEditor.Texture3DPreview:OnEnable () (at /Users/bokken/buildslave/unity/build/Editor/Mono/Inspector/Texture3DPreview.cs:193)

[/Users/bokken/buildslave/unity/build/Editor/Mono/EditorSceneManager.bindings.cs line 84]

Unable to allocate new scene culling mask
UnityEngine.StackTraceUtility:ExtractStackTrace () (at /Users/bokken/buildslave/unity/build/Runtime/Export/Scripting/StackTrace.cs:37)
UnityEditor.SceneManagement.EditorSceneManager:NewPreviewScene (bool)
UnityEditor.SceneManagement.EditorSceneManager:NewPreviewScene () (at /Users/bokken/buildslave/unity/build/Editor/Mono/EditorSceneManager.bindings.cs:84)
UnityEditor.PreviewScene:.ctor (string) (at /Users/bokken/buildslave/unity/build/Editor/Mono/Inspector/PreviewRenderUtility.cs:22)
UnityEditor.PreviewRenderUtility:.ctor () (at /Users/bokken/buildslave/unity/build/Editor/Mono/Inspector/PreviewRenderUtility.cs:109)
UnityEditor.Texture3DPreview:InitPreviewUtility () (at /Users/bokken/buildslave/unity/build/Editor/Mono/Inspector/Texture3DPreview.cs:209)
UnityEditor.Texture3DPreview:OnEnable () (at /Users/bokken/buildslave/unity/build/Editor/Mono/Inspector/Texture3DPreview.cs:193)

[/Users/bokken/buildslave/unity/build/Editor/Mono/EditorSceneManager.bindings.cs line 84]

Unable to allocate new scene culling mask
UnityEngine.StackTraceUtility:ExtractStackTrace () (at /Users/bokken/buildslave/unity/build/Runtime/Export/Scripting/StackTrace.cs:37)
UnityEditor.SceneManagement.EditorSceneManager:NewPreviewScene (bool)
UnityEditor.SceneManagement.EditorSceneManager:NewPreviewScene () (at /Users/bokken/buildslave/unity/build/Editor/Mono/EditorSceneManager.bindings.cs:84)
UnityEditor.PreviewScene:.ctor (string) (at /Users/bokken/buildslave/unity/build/Editor/Mono/Inspector/PreviewRenderUtility.cs:22)
UnityEditor.PreviewRenderUtility:.ctor () (at /Users/bokken/buildslave/unity/build/Editor/Mono/Inspector/PreviewRenderUtility.cs:109)
UnityEditor.Texture3DPreview:InitPreviewUtility () (at /Users/bokken/buildslave/unity/build/Editor/Mono/Inspector/Texture3DPreview.cs:209)
UnityEditor.Texture3DPreview:OnEnable () (at /Users/bokken/buildslave/unity/build/Editor/Mono/Inspector/Texture3DPreview.cs:193)

[/Users/bokken/buildslave/unity/build/Editor/Mono/EditorSceneManager.bindings.cs line 84]

Unable to allocate new scene culling mask
UnityEngine.StackTraceUtility:ExtractStackTrace () (at /Users/bokken/buildslave/unity/build/Runtime/Export/Scripting/StackTrace.cs:37)
UnityEditor.SceneManagement.EditorSceneManager:NewPreviewScene (bool)
UnityEditor.SceneManagement.EditorSceneManager:NewPreviewScene () (at /Users/bokken/buildslave/unity/build/Editor/Mono/EditorSceneManager.bindings.cs:84)
UnityEditor.PreviewScene:.ctor (string) (at /Users/bokken/buildslave/unity/build/Editor/Mono/Inspector/PreviewRenderUtility.cs:22)
UnityEditor.PreviewRenderUtility:.ctor () (at /Users/bokken/buildslave/unity/build/Editor/Mono/Inspector/PreviewRenderUtility.cs:109)
UnityEditor.Texture3DPreview:InitPreviewUtility () (at /Users/bokken/buildslave/unity/build/Editor/Mono/Inspector/Texture3DPreview.cs:209)
UnityEditor.Texture3DPreview:OnEnable () (at /Users/bokken/buildslave/unity/build/Editor/Mono/Inspector/Texture3DPreview.cs:193)

[/Users/bokken/buildslave/unity/build/Editor/Mono/EditorSceneManager.bindings.cs line 84]

Unable to allocate new scene culling mask
UnityEngine.StackTraceUtility:ExtractStackTrace () (at /Users/bokken/buildslave/unity/build/Runtime/Export/Scripting/StackTrace.cs:37)
UnityEditor.SceneManagement.EditorSceneManager:NewPreviewScene (bool)
UnityEditor.SceneManagement.EditorSceneManager:NewPreviewScene () (at /Users/bokken/buildslave/unity/build/Editor/Mono/EditorSceneManager.bindings.cs:84)
UnityEditor.PreviewScene:.ctor (string) (at /Users/bokken/buildslave/unity/build/Editor/Mono/Inspector/PreviewRenderUtility.cs:22)
UnityEditor.PreviewRenderUtility:.ctor () (at /Users/bokken/buildslave/unity/build/Editor/Mono/Inspector/PreviewRenderUtility.cs:109)
UnityEditor.Texture3DPreview:InitPreviewUtility () (at /Users/bokken/buildslave/unity/build/Editor/Mono/Inspector/Texture3DPreview.cs:209)
UnityEditor.Texture3DPreview:OnEnable () (at /Users/bokken/buildslave/unity/build/Editor/Mono/Inspector/Texture3DPreview.cs:193)

[/Users/bokken/buildslave/unity/build/Editor/Mono/EditorSceneManager.bindings.cs line 84]

Mono: successfully reloaded assembly
- Completed reload, in  1.197 seconds
Domain Reload Profiling:
	ReloadAssembly (1198ms)
		BeginReloadAssembly (109ms)
			ExecutionOrderSort (0ms)
			DisableScriptedObjects (5ms)
			BackupInstance (0ms)
			ReleaseScriptingObjects (0ms)
			CreateAndSetChildDomain (45ms)
		EndReloadAssembly (981ms)
			LoadAssemblies (41ms)
			RebuildTransferFunctionScriptingTraits (0ms)
			SetupTypeCache (338ms)
			ReleaseScriptCaches (2ms)
			RebuildScriptCaches (95ms)
			SetupLoadedEditorAssemblies (377ms)
				LogAssemblyErrors (0ms)
				InitializePlatformSupportModulesInManaged (14ms)
				SetLoadedEditorAssemblies (1ms)
				RefreshPlugins (1ms)
				BeforeProcessingInitializeOnLoad (94ms)
				ProcessInitializeOnLoadAttributes (238ms)
				ProcessInitializeOnLoadMethodAttributes (28ms)
				AfterProcessingInitializeOnLoad (2ms)
				EditorAssembliesLoaded (0ms)
			ExecutionOrderSort2 (0ms)
			AwakeInstancesAfterBackupRestoration (19ms)
Platform modules already initialized, skipping
Refreshing native plugins compatible for Editor in 0.43 ms, found 2 plugins.
Preloading 0 native plugins for Editor in 0.00 ms.
Unloading 3169 Unused Serialized files (Serialized files now loaded: 0)
Unloading 18 unused Assets / (21.9 KB). Loaded Objects now: 4625.
Memory consumption went from 162.7 MB to 162.7 MB.
Total: 3.536875 ms (FindLiveObjects: 0.300916 ms CreateObjectMapping: 0.075250 ms MarkObjects: 3.135375 ms  DeleteObjects: 0.024541 ms)

AssetImportParameters requested are different than current active one (requested -> active):
  custom:video-decoder-ogg-theora: a1e56fd34408186e4bbccfd4996cb3dc -> 
  custom:container-muxer-webm: aa71ff27fc2769a1b78a27578f13a17b -> 
  custom:container-demuxer-webm: 4f35f7cbe854078d1ac9338744f61a02 -> 
  custom:video-encoder-webm-vp8: eb34c28f22e8b96e1ab97ce403110664 -> 
  custom:framework-osx-AVFoundation: e770b220cccbd017edd2c1fefb359320 -> 
  custom:audio-encoder-webm-vorbis: bf7c407c2cedff20999df2af8eb42d56 -> 
  custom:container-demuxer-ogg: 62fdf1f143b41e24485cea50d1cbac27 -> 
  custom:video-decoder-webm-vp8: 9c59270c3fd7afecdb556c50c9e8de78 -> 
  custom:audio-decoder-ogg-vorbis: bf7c407c2cedff20999df2af8eb42d56 -> 
========================================================================
Received Import Request.
  Time since last request: 218.050922 seconds.
  path: Assets/Scenes/Test.unity
  artifactKey: Guid(53ac4240e49a4694d85c41ddd665099e) Importer(815301076,1909f56bfc062723c751e8b465ee728b)
Start importing Assets/Scenes/Test.unity using Guid(53ac4240e49a4694d85c41ddd665099e) Importer(815301076,1909f56bfc062723c751e8b465ee728b)  -> (artifact id: 'e8b085b38c5c0fb1b02ac1e07fa2318a') in 0.015842 seconds 
========================================================================
Received Import Request.
  Time since last request: 283.337925 seconds.
  path: Assets/Scenes/SplashScreen.unity
  artifactKey: Guid(8b01428a3402a1c4eaab407b2d2a6c59) Importer(815301076,1909f56bfc062723c751e8b465ee728b)
Start importing Assets/Scenes/SplashScreen.unity using Guid(8b01428a3402a1c4eaab407b2d2a6c59) Importer(815301076,1909f56bfc062723c751e8b465ee728b)  -> (artifact id: '72698b06583c41e33b620c60ca39d2cc') in 0.001006 seconds 
========================================================================
Received Import Request.
  Time since last request: 3.424968 seconds.
  path: Assets/Scenes/MainMenu.unity
  artifactKey: Guid(b83270a03ecd34d8fb2ef215da7de083) Importer(815301076,1909f56bfc062723c751e8b465ee728b)
Start importing Assets/Scenes/MainMenu.unity using Guid(b83270a03ecd34d8fb2ef215da7de083) Importer(815301076,1909f56bfc062723c751e8b465ee728b)  -> (artifact id: 'cf1a2d76701029f2c39ee2d05361d8db') in 0.001270 seconds 
========================================================================
Received Prepare
Registering precompiled user dll's ...
Registered in 0.003177 seconds.
Begin MonoManager ReloadAssembly
Thread 0x2938d7000 may have been prematurely finalized
Symbol file LoadedFromMemory doesn't match image /Users/henrymoss/Documents/GitHub/Sigil-Game/Library/PackageCache/com.unity.visualscripting@1.7.6/Editor/VisualScripting.Core/Dependencies/YamlDotNet/Unity.VisualScripting.YamlDotNet.dll
Symbol file LoadedFromMemory doesn't match image /Users/henrymoss/Documents/GitHub/Sigil-Game/Library/PackageCache/com.unity.visualscripting@1.7.6/Editor/VisualScripting.Core/Dependencies/DotNetZip/Unity.VisualScripting.IonicZip.dll
Native extension for LinuxStandalone target not found
Native extension for WindowsStandalone target not found
Native extension for OSXStandalone target not found
Refreshing native plugins compatible for Editor in 0.67 ms, found 2 plugins.
Preloading 0 native plugins for Editor in 0.00 ms.
Unable to allocate new scene culling mask
UnityEngine.StackTraceUtility:ExtractStackTrace () (at /Users/bokken/buildslave/unity/build/Runtime/Export/Scripting/StackTrace.cs:37)
UnityEditor.SceneManagement.EditorSceneManager:NewPreviewScene (bool)
UnityEditor.SceneManagement.EditorSceneManager:NewPreviewScene () (at /Users/bokken/buildslave/unity/build/Editor/Mono/EditorSceneManager.bindings.cs:84)
UnityEditor.PreviewScene:.ctor (string) (at /Users/bokken/buildslave/unity/build/Editor/Mono/Inspector/PreviewRenderUtility.cs:22)
UnityEditor.PreviewRenderUtility:.ctor () (at /Users/bokken/buildslave/unity/build/Editor/Mono/Inspector/PreviewRenderUtility.cs:109)
UnityEditor.Texture3DPreview:InitPreviewUtility () (at /Users/bokken/buildslave/unity/build/Editor/Mono/Inspector/Texture3DPreview.cs:209)
UnityEditor.Texture3DPreview:OnEnable () (at /Users/bokken/buildslave/unity/build/Editor/Mono/Inspector/Texture3DPreview.cs:193)

[/Users/bokken/buildslave/unity/build/Editor/Mono/EditorSceneManager.bindings.cs line 84]

Unable to allocate new scene culling mask
UnityEngine.StackTraceUtility:ExtractStackTrace () (at /Users/bokken/buildslave/unity/build/Runtime/Export/Scripting/StackTrace.cs:37)
UnityEditor.SceneManagement.EditorSceneManager:NewPreviewScene (bool)
UnityEditor.SceneManagement.EditorSceneManager:NewPreviewScene () (at /Users/bokken/buildslave/unity/build/Editor/Mono/EditorSceneManager.bindings.cs:84)
UnityEditor.PreviewScene:.ctor (string) (at /Users/bokken/buildslave/unity/build/Editor/Mono/Inspector/PreviewRenderUtility.cs:22)
UnityEditor.PreviewRenderUtility:.ctor () (at /Users/bokken/buildslave/unity/build/Editor/Mono/Inspector/PreviewRenderUtility.cs:109)
UnityEditor.Texture3DPreview:InitPreviewUtility () (at /Users/bokken/buildslave/unity/build/Editor/Mono/Inspector/Texture3DPreview.cs:209)
UnityEditor.Texture3DPreview:OnEnable () (at /Users/bokken/buildslave/unity/build/Editor/Mono/Inspector/Texture3DPreview.cs:193)

[/Users/bokken/buildslave/unity/build/Editor/Mono/EditorSceneManager.bindings.cs line 84]

Unable to allocate new scene culling mask
UnityEngine.StackTraceUtility:ExtractStackTrace () (at /Users/bokken/buildslave/unity/build/Runtime/Export/Scripting/StackTrace.cs:37)
UnityEditor.SceneManagement.EditorSceneManager:NewPreviewScene (bool)
UnityEditor.SceneManagement.EditorSceneManager:NewPreviewScene () (at /Users/bokken/buildslave/unity/build/Editor/Mono/EditorSceneManager.bindings.cs:84)
UnityEditor.PreviewScene:.ctor (string) (at /Users/bokken/buildslave/unity/build/Editor/Mono/Inspector/PreviewRenderUtility.cs:22)
UnityEditor.PreviewRenderUtility:.ctor () (at /Users/bokken/buildslave/unity/build/Editor/Mono/Inspector/PreviewRenderUtility.cs:109)
UnityEditor.Texture3DPreview:InitPreviewUtility () (at /Users/bokken/buildslave/unity/build/Editor/Mono/Inspector/Texture3DPreview.cs:209)
UnityEditor.Texture3DPreview:OnEnable () (at /Users/bokken/buildslave/unity/build/Editor/Mono/Inspector/Texture3DPreview.cs:193)

[/Users/bokken/buildslave/unity/build/Editor/Mono/EditorSceneManager.bindings.cs line 84]

Unable to allocate new scene culling mask
UnityEngine.StackTraceUtility:ExtractStackTrace () (at /Users/bokken/buildslave/unity/build/Runtime/Export/Scripting/StackTrace.cs:37)
UnityEditor.SceneManagement.EditorSceneManager:NewPreviewScene (bool)
UnityEditor.SceneManagement.EditorSceneManager:NewPreviewScene () (at /Users/bokken/buildslave/unity/build/Editor/Mono/EditorSceneManager.bindings.cs:84)
UnityEditor.PreviewScene:.ctor (string) (at /Users/bokken/buildslave/unity/build/Editor/Mono/Inspector/PreviewRenderUtility.cs:22)
UnityEditor.PreviewRenderUtility:.ctor () (at /Users/bokken/buildslave/unity/build/Editor/Mono/Inspector/PreviewRenderUtility.cs:109)
UnityEditor.Texture3DPreview:InitPreviewUtility () (at /Users/bokken/buildslave/unity/build/Editor/Mono/Inspector/Texture3DPreview.cs:209)
UnityEditor.Texture3DPreview:OnEnable () (at /Users/bokken/buildslave/unity/build/Editor/Mono/Inspector/Texture3DPreview.cs:193)

[/Users/bokken/buildslave/unity/build/Editor/Mono/EditorSceneManager.bindings.cs line 84]

Unable to allocate new scene culling mask
UnityEngine.StackTraceUtility:ExtractStackTrace () (at /Users/bokken/buildslave/unity/build/Runtime/Export/Scripting/StackTrace.cs:37)
UnityEditor.SceneManagement.EditorSceneManager:NewPreviewScene (bool)
UnityEditor.SceneManagement.EditorSceneManager:NewPreviewScene () (at /Users/bokken/buildslave/unity/build/Editor/Mono/EditorSceneManager.bindings.cs:84)
UnityEditor.PreviewScene:.ctor (string) (at /Users/bokken/buildslave/unity/build/Editor/Mono/Inspector/PreviewRenderUtility.cs:22)
UnityEditor.PreviewRenderUtility:.ctor () (at /Users/bokken/buildslave/unity/build/Editor/Mono/Inspector/PreviewRenderUtility.cs:109)
UnityEditor.Texture3DPreview:InitPreviewUtility () (at /Users/bokken/buildslave/unity/build/Editor/Mono/Inspector/Texture3DPreview.cs:209)
UnityEditor.Texture3DPreview:OnEnable () (at /Users/bokken/buildslave/unity/build/Editor/Mono/Inspector/Texture3DPreview.cs:193)

[/Users/bokken/buildslave/unity/build/Editor/Mono/EditorSceneManager.bindings.cs line 84]

Unable to allocate new scene culling mask
UnityEngine.StackTraceUtility:ExtractStackTrace () (at /Users/bokken/buildslave/unity/build/Runtime/Export/Scripting/StackTrace.cs:37)
UnityEditor.SceneManagement.EditorSceneManager:NewPreviewScene (bool)
UnityEditor.SceneManagement.EditorSceneManager:NewPreviewScene () (at /Users/bokken/buildslave/unity/build/Editor/Mono/EditorSceneManager.bindings.cs:84)
UnityEditor.PreviewScene:.ctor (string) (at /Users/bokken/buildslave/unity/build/Editor/Mono/Inspector/PreviewRenderUtility.cs:22)
UnityEditor.PreviewRenderUtility:.ctor () (at /Users/bokken/buildslave/unity/build/Editor/Mono/Inspector/PreviewRenderUtility.cs:109)
UnityEditor.Texture3DPreview:InitPreviewUtility () (at /Users/bokken/buildslave/unity/build/Editor/Mono/Inspector/Texture3DPreview.cs:209)
UnityEditor.Texture3DPreview:OnEnable () (at /Users/bokken/buildslave/unity/build/Editor/Mono/Inspector/Texture3DPreview.cs:193)

[/Users/bokken/buildslave/unity/build/Editor/Mono/EditorSceneManager.bindings.cs line 84]

Unable to allocate new scene culling mask
UnityEngine.StackTraceUtility:ExtractStackTrace () (at /Users/bokken/buildslave/unity/build/Runtime/Export/Scripting/StackTrace.cs:37)
UnityEditor.SceneManagement.EditorSceneManager:NewPreviewScene (bool)
UnityEditor.SceneManagement.EditorSceneManager:NewPreviewScene () (at /Users/bokken/buildslave/unity/build/Editor/Mono/EditorSceneManager.bindings.cs:84)
UnityEditor.PreviewScene:.ctor (string) (at /Users/bokken/buildslave/unity/build/Editor/Mono/Inspector/PreviewRenderUtility.cs:22)
UnityEditor.PreviewRenderUtility:.ctor () (at /Users/bokken/buildslave/unity/build/Editor/Mono/Inspector/PreviewRenderUtility.cs:109)
UnityEditor.Texture3DPreview:InitPreviewUtility () (at /Users/bokken/buildslave/unity/build/Editor/Mono/Inspector/Texture3DPreview.cs:209)
UnityEditor.Texture3DPreview:OnEnable () (at /Users/bokken/buildslave/unity/build/Editor/Mono/Inspector/Texture3DPreview.cs:193)

[/Users/bokken/buildslave/unity/build/Editor/Mono/EditorSceneManager.bindings.cs line 84]

Mono: successfully reloaded assembly
- Completed reload, in  1.466 seconds
Domain Reload Profiling:
	ReloadAssembly (1467ms)
		BeginReloadAssembly (118ms)
			ExecutionOrderSort (0ms)
			DisableScriptedObjects (10ms)
			BackupInstance (0ms)
			ReleaseScriptingObjects (0ms)
			CreateAndSetChildDomain (49ms)
		EndReloadAssembly (1238ms)
			LoadAssemblies (43ms)
			RebuildTransferFunctionScriptingTraits (0ms)
			SetupTypeCache (476ms)
			ReleaseScriptCaches (2ms)
			RebuildScriptCaches (93ms)
			SetupLoadedEditorAssemblies (509ms)
				LogAssemblyErrors (0ms)
				InitializePlatformSupportModulesInManaged (20ms)
				SetLoadedEditorAssemblies (1ms)
				RefreshPlugins (1ms)
				BeforeProcessingInitializeOnLoad (133ms)
				ProcessInitializeOnLoadAttributes (320ms)
				ProcessInitializeOnLoadMethodAttributes (32ms)
				AfterProcessingInitializeOnLoad (2ms)
				EditorAssembliesLoaded (0ms)
			ExecutionOrderSort2 (0ms)
			AwakeInstancesAfterBackupRestoration (22ms)
Platform modules already initialized, skipping
Refreshing native plugins compatible for Editor in 0.56 ms, found 2 plugins.
Preloading 0 native plugins for Editor in 0.00 ms.
Unloading 3101 Unused Serialized files (Serialized files now loaded: 0)
Unloading 18 unused Assets / (22.0 KB). Loaded Objects now: 4627.
Memory consumption went from 165.8 MB to 165.8 MB.
Total: 4.316708 ms (FindLiveObjects: 0.310834 ms CreateObjectMapping: 0.101959 ms MarkObjects: 3.878125 ms  DeleteObjects: 0.024750 ms)

AssetImportParameters requested are different than current active one (requested -> active):
  custom:video-decoder-ogg-theora: a1e56fd34408186e4bbccfd4996cb3dc -> 
  custom:container-muxer-webm: aa71ff27fc2769a1b78a27578f13a17b -> 
  custom:container-demuxer-webm: 4f35f7cbe854078d1ac9338744f61a02 -> 
  custom:video-encoder-webm-vp8: eb34c28f22e8b96e1ab97ce403110664 -> 
  custom:framework-osx-AVFoundation: e770b220cccbd017edd2c1fefb359320 -> 
  custom:audio-encoder-webm-vorbis: bf7c407c2cedff20999df2af8eb42d56 -> 
  custom:container-demuxer-ogg: 62fdf1f143b41e24485cea50d1cbac27 -> 
  custom:video-decoder-webm-vp8: 9c59270c3fd7afecdb556c50c9e8de78 -> 
  custom:audio-decoder-ogg-vorbis: bf7c407c2cedff20999df2af8eb42d56 -> 
========================================================================
Received Import Request.
  Time since last request: 24.779161 seconds.
  path: Assets/Scenes/Test.unity
  artifactKey: Guid(53ac4240e49a4694d85c41ddd665099e) Importer(815301076,1909f56bfc062723c751e8b465ee728b)
Start importing Assets/Scenes/Test.unity using Guid(53ac4240e49a4694d85c41ddd665099e) Importer(815301076,1909f56bfc062723c751e8b465ee728b)  -> (artifact id: '1bbaecb80cbb68de53a485b95b584b9f') in 0.015037 seconds 
========================================================================
Received Prepare
Registering precompiled user dll's ...
Registered in 0.002342 seconds.
Begin MonoManager ReloadAssembly
Thread 0x290aef000 may have been prematurely finalized
Symbol file LoadedFromMemory doesn't match image /Users/henrymoss/Documents/GitHub/Sigil-Game/Library/PackageCache/com.unity.visualscripting@1.7.6/Editor/VisualScripting.Core/Dependencies/YamlDotNet/Unity.VisualScripting.YamlDotNet.dll
Symbol file LoadedFromMemory doesn't match image /Users/henrymoss/Documents/GitHub/Sigil-Game/Library/PackageCache/com.unity.visualscripting@1.7.6/Editor/VisualScripting.Core/Dependencies/DotNetZip/Unity.VisualScripting.IonicZip.dll
Native extension for LinuxStandalone target not found
Native extension for WindowsStandalone target not found
Native extension for OSXStandalone target not found
Refreshing native plugins compatible for Editor in 0.40 ms, found 2 plugins.
Preloading 0 native plugins for Editor in 0.00 ms.
Unable to allocate new scene culling mask
UnityEngine.StackTraceUtility:ExtractStackTrace () (at /Users/bokken/buildslave/unity/build/Runtime/Export/Scripting/StackTrace.cs:37)
UnityEditor.SceneManagement.EditorSceneManager:NewPreviewScene (bool)
UnityEditor.SceneManagement.EditorSceneManager:NewPreviewScene () (at /Users/bokken/buildslave/unity/build/Editor/Mono/EditorSceneManager.bindings.cs:84)
UnityEditor.PreviewScene:.ctor (string) (at /Users/bokken/buildslave/unity/build/Editor/Mono/Inspector/PreviewRenderUtility.cs:22)
UnityEditor.PreviewRenderUtility:.ctor () (at /Users/bokken/buildslave/unity/build/Editor/Mono/Inspector/PreviewRenderUtility.cs:109)
UnityEditor.Texture3DPreview:InitPreviewUtility () (at /Users/bokken/buildslave/unity/build/Editor/Mono/Inspector/Texture3DPreview.cs:209)
UnityEditor.Texture3DPreview:OnEnable () (at /Users/bokken/buildslave/unity/build/Editor/Mono/Inspector/Texture3DPreview.cs:193)

[/Users/bokken/buildslave/unity/build/Editor/Mono/EditorSceneManager.bindings.cs line 84]

Unable to allocate new scene culling mask
UnityEngine.StackTraceUtility:ExtractStackTrace () (at /Users/bokken/buildslave/unity/build/Runtime/Export/Scripting/StackTrace.cs:37)
UnityEditor.SceneManagement.EditorSceneManager:NewPreviewScene (bool)
UnityEditor.SceneManagement.EditorSceneManager:NewPreviewScene () (at /Users/bokken/buildslave/unity/build/Editor/Mono/EditorSceneManager.bindings.cs:84)
UnityEditor.PreviewScene:.ctor (string) (at /Users/bokken/buildslave/unity/build/Editor/Mono/Inspector/PreviewRenderUtility.cs:22)
UnityEditor.PreviewRenderUtility:.ctor () (at /Users/bokken/buildslave/unity/build/Editor/Mono/Inspector/PreviewRenderUtility.cs:109)
UnityEditor.Texture3DPreview:InitPreviewUtility () (at /Users/bokken/buildslave/unity/build/Editor/Mono/Inspector/Texture3DPreview.cs:209)
UnityEditor.Texture3DPreview:OnEnable () (at /Users/bokken/buildslave/unity/build/Editor/Mono/Inspector/Texture3DPreview.cs:193)

[/Users/bokken/buildslave/unity/build/Editor/Mono/EditorSceneManager.bindings.cs line 84]

Unable to allocate new scene culling mask
UnityEngine.StackTraceUtility:ExtractStackTrace () (at /Users/bokken/buildslave/unity/build/Runtime/Export/Scripting/StackTrace.cs:37)
UnityEditor.SceneManagement.EditorSceneManager:NewPreviewScene (bool)
UnityEditor.SceneManagement.EditorSceneManager:NewPreviewScene () (at /Users/bokken/buildslave/unity/build/Editor/Mono/EditorSceneManager.bindings.cs:84)
UnityEditor.PreviewScene:.ctor (string) (at /Users/bokken/buildslave/unity/build/Editor/Mono/Inspector/PreviewRenderUtility.cs:22)
UnityEditor.PreviewRenderUtility:.ctor () (at /Users/bokken/buildslave/unity/build/Editor/Mono/Inspector/PreviewRenderUtility.cs:109)
UnityEditor.Texture3DPreview:InitPreviewUtility () (at /Users/bokken/buildslave/unity/build/Editor/Mono/Inspector/Texture3DPreview.cs:209)
UnityEditor.Texture3DPreview:OnEnable () (at /Users/bokken/buildslave/unity/build/Editor/Mono/Inspector/Texture3DPreview.cs:193)

[/Users/bokken/buildslave/unity/build/Editor/Mono/EditorSceneManager.bindings.cs line 84]

Unable to allocate new scene culling mask
UnityEngine.StackTraceUtility:ExtractStackTrace () (at /Users/bokken/buildslave/unity/build/Runtime/Export/Scripting/StackTrace.cs:37)
UnityEditor.SceneManagement.EditorSceneManager:NewPreviewScene (bool)
UnityEditor.SceneManagement.EditorSceneManager:NewPreviewScene () (at /Users/bokken/buildslave/unity/build/Editor/Mono/EditorSceneManager.bindings.cs:84)
UnityEditor.PreviewScene:.ctor (string) (at /Users/bokken/buildslave/unity/build/Editor/Mono/Inspector/PreviewRenderUtility.cs:22)
UnityEditor.PreviewRenderUtility:.ctor () (at /Users/bokken/buildslave/unity/build/Editor/Mono/Inspector/PreviewRenderUtility.cs:109)
UnityEditor.Texture3DPreview:InitPreviewUtility () (at /Users/bokken/buildslave/unity/build/Editor/Mono/Inspector/Texture3DPreview.cs:209)
UnityEditor.Texture3DPreview:OnEnable () (at /Users/bokken/buildslave/unity/build/Editor/Mono/Inspector/Texture3DPreview.cs:193)

[/Users/bokken/buildslave/unity/build/Editor/Mono/EditorSceneManager.bindings.cs line 84]

Unable to allocate new scene culling mask
UnityEngine.StackTraceUtility:ExtractStackTrace () (at /Users/bokken/buildslave/unity/build/Runtime/Export/Scripting/StackTrace.cs:37)
UnityEditor.SceneManagement.EditorSceneManager:NewPreviewScene (bool)
UnityEditor.SceneManagement.EditorSceneManager:NewPreviewScene () (at /Users/bokken/buildslave/unity/build/Editor/Mono/EditorSceneManager.bindings.cs:84)
UnityEditor.PreviewScene:.ctor (string) (at /Users/bokken/buildslave/unity/build/Editor/Mono/Inspector/PreviewRenderUtility.cs:22)
UnityEditor.PreviewRenderUtility:.ctor () (at /Users/bokken/buildslave/unity/build/Editor/Mono/Inspector/PreviewRenderUtility.cs:109)
UnityEditor.Texture3DPreview:InitPreviewUtility () (at /Users/bokken/buildslave/unity/build/Editor/Mono/Inspector/Texture3DPreview.cs:209)
UnityEditor.Texture3DPreview:OnEnable () (at /Users/bokken/buildslave/unity/build/Editor/Mono/Inspector/Texture3DPreview.cs:193)

[/Users/bokken/buildslave/unity/build/Editor/Mono/EditorSceneManager.bindings.cs line 84]

Unable to allocate new scene culling mask
UnityEngine.StackTraceUtility:ExtractStackTrace () (at /Users/bokken/buildslave/unity/build/Runtime/Export/Scripting/StackTrace.cs:37)
UnityEditor.SceneManagement.EditorSceneManager:NewPreviewScene (bool)
UnityEditor.SceneManagement.EditorSceneManager:NewPreviewScene () (at /Users/bokken/buildslave/unity/build/Editor/Mono/EditorSceneManager.bindings.cs:84)
UnityEditor.PreviewScene:.ctor (string) (at /Users/bokken/buildslave/unity/build/Editor/Mono/Inspector/PreviewRenderUtility.cs:22)
UnityEditor.PreviewRenderUtility:.ctor () (at /Users/bokken/buildslave/unity/build/Editor/Mono/Inspector/PreviewRenderUtility.cs:109)
UnityEditor.Texture3DPreview:InitPreviewUtility () (at /Users/bokken/buildslave/unity/build/Editor/Mono/Inspector/Texture3DPreview.cs:209)
UnityEditor.Texture3DPreview:OnEnable () (at /Users/bokken/buildslave/unity/build/Editor/Mono/Inspector/Texture3DPreview.cs:193)

[/Users/bokken/buildslave/unity/build/Editor/Mono/EditorSceneManager.bindings.cs line 84]

Unable to allocate new scene culling mask
UnityEngine.StackTraceUtility:ExtractStackTrace () (at /Users/bokken/buildslave/unity/build/Runtime/Export/Scripting/StackTrace.cs:37)
UnityEditor.SceneManagement.EditorSceneManager:NewPreviewScene (bool)
UnityEditor.SceneManagement.EditorSceneManager:NewPreviewScene () (at /Users/bokken/buildslave/unity/build/Editor/Mono/EditorSceneManager.bindings.cs:84)
UnityEditor.PreviewScene:.ctor (string) (at /Users/bokken/buildslave/unity/build/Editor/Mono/Inspector/PreviewRenderUtility.cs:22)
UnityEditor.PreviewRenderUtility:.ctor () (at /Users/bokken/buildslave/unity/build/Editor/Mono/Inspector/PreviewRenderUtility.cs:109)
UnityEditor.Texture3DPreview:InitPreviewUtility () (at /Users/bokken/buildslave/unity/build/Editor/Mono/Inspector/Texture3DPreview.cs:209)
UnityEditor.Texture3DPreview:OnEnable () (at /Users/bokken/buildslave/unity/build/Editor/Mono/Inspector/Texture3DPreview.cs:193)

[/Users/bokken/buildslave/unity/build/Editor/Mono/EditorSceneManager.bindings.cs line 84]

Mono: successfully reloaded assembly
- Completed reload, in  0.928 seconds
Domain Reload Profiling:
	ReloadAssembly (929ms)
		BeginReloadAssembly (116ms)
			ExecutionOrderSort (0ms)
			DisableScriptedObjects (11ms)
			BackupInstance (0ms)
			ReleaseScriptingObjects (0ms)
			CreateAndSetChildDomain (46ms)
		EndReloadAssembly (706ms)
			LoadAssemblies (40ms)
			RebuildTransferFunctionScriptingTraits (0ms)
			SetupTypeCache (254ms)
			ReleaseScriptCaches (1ms)
			RebuildScriptCaches (60ms)
			SetupLoadedEditorAssemblies (287ms)
				LogAssemblyErrors (0ms)
				InitializePlatformSupportModulesInManaged (10ms)
				SetLoadedEditorAssemblies (0ms)
				RefreshPlugins (0ms)
				BeforeProcessingInitializeOnLoad (72ms)
				ProcessInitializeOnLoadAttributes (180ms)
				ProcessInitializeOnLoadMethodAttributes (22ms)
				AfterProcessingInitializeOnLoad (1ms)
				EditorAssembliesLoaded (0ms)
			ExecutionOrderSort2 (0ms)
			AwakeInstancesAfterBackupRestoration (13ms)
Platform modules already initialized, skipping
Refreshing native plugins compatible for Editor in 0.30 ms, found 2 plugins.
Preloading 0 native plugins for Editor in 0.00 ms.
Unloading 3101 Unused Serialized files (Serialized files now loaded: 0)
Unloading 18 unused Assets / (22.0 KB). Loaded Objects now: 4629.
Memory consumption went from 172.1 MB to 172.1 MB.
Total: 2.956417 ms (FindLiveObjects: 0.209458 ms CreateObjectMapping: 0.065250 ms MarkObjects: 2.664542 ms  DeleteObjects: 0.013500 ms)

AssetImportParameters requested are different than current active one (requested -> active):
  custom:video-decoder-ogg-theora: a1e56fd34408186e4bbccfd4996cb3dc -> 
  custom:container-muxer-webm: aa71ff27fc2769a1b78a27578f13a17b -> 
  custom:container-demuxer-webm: 4f35f7cbe854078d1ac9338744f61a02 -> 
  custom:video-encoder-webm-vp8: eb34c28f22e8b96e1ab97ce403110664 -> 
  custom:framework-osx-AVFoundation: e770b220cccbd017edd2c1fefb359320 -> 
  custom:audio-encoder-webm-vorbis: bf7c407c2cedff20999df2af8eb42d56 -> 
  custom:container-demuxer-ogg: 62fdf1f143b41e24485cea50d1cbac27 -> 
  custom:video-decoder-webm-vp8: 9c59270c3fd7afecdb556c50c9e8de78 -> 
  custom:audio-decoder-ogg-vorbis: bf7c407c2cedff20999df2af8eb42d56 -> 
========================================================================
Received Prepare
Registering precompiled user dll's ...
Registered in 0.002674 seconds.
Begin MonoManager ReloadAssembly
Thread 0x2923db000 may have been prematurely finalized
Symbol file LoadedFromMemory doesn't match image /Users/henrymoss/Documents/GitHub/Sigil-Game/Library/PackageCache/com.unity.visualscripting@1.7.6/Editor/VisualScripting.Core/Dependencies/YamlDotNet/Unity.VisualScripting.YamlDotNet.dll
Symbol file LoadedFromMemory doesn't match image /Users/henrymoss/Documents/GitHub/Sigil-Game/Library/PackageCache/com.unity.visualscripting@1.7.6/Editor/VisualScripting.Core/Dependencies/DotNetZip/Unity.VisualScripting.IonicZip.dll
Native extension for LinuxStandalone target not found
Native extension for WindowsStandalone target not found
Native extension for OSXStandalone target not found
Refreshing native plugins compatible for Editor in 0.45 ms, found 2 plugins.
Preloading 0 native plugins for Editor in 0.00 ms.
Unable to allocate new scene culling mask
UnityEngine.StackTraceUtility:ExtractStackTrace () (at /Users/bokken/buildslave/unity/build/Runtime/Export/Scripting/StackTrace.cs:37)
UnityEditor.SceneManagement.EditorSceneManager:NewPreviewScene (bool)
UnityEditor.SceneManagement.EditorSceneManager:NewPreviewScene () (at /Users/bokken/buildslave/unity/build/Editor/Mono/EditorSceneManager.bindings.cs:84)
UnityEditor.PreviewScene:.ctor (string) (at /Users/bokken/buildslave/unity/build/Editor/Mono/Inspector/PreviewRenderUtility.cs:22)
UnityEditor.PreviewRenderUtility:.ctor () (at /Users/bokken/buildslave/unity/build/Editor/Mono/Inspector/PreviewRenderUtility.cs:109)
UnityEditor.Texture3DPreview:InitPreviewUtility () (at /Users/bokken/buildslave/unity/build/Editor/Mono/Inspector/Texture3DPreview.cs:209)
UnityEditor.Texture3DPreview:OnEnable () (at /Users/bokken/buildslave/unity/build/Editor/Mono/Inspector/Texture3DPreview.cs:193)

[/Users/bokken/buildslave/unity/build/Editor/Mono/EditorSceneManager.bindings.cs line 84]

Unable to allocate new scene culling mask
UnityEngine.StackTraceUtility:ExtractStackTrace () (at /Users/bokken/buildslave/unity/build/Runtime/Export/Scripting/StackTrace.cs:37)
UnityEditor.SceneManagement.EditorSceneManager:NewPreviewScene (bool)
UnityEditor.SceneManagement.EditorSceneManager:NewPreviewScene () (at /Users/bokken/buildslave/unity/build/Editor/Mono/EditorSceneManager.bindings.cs:84)
UnityEditor.PreviewScene:.ctor (string) (at /Users/bokken/buildslave/unity/build/Editor/Mono/Inspector/PreviewRenderUtility.cs:22)
UnityEditor.PreviewRenderUtility:.ctor () (at /Users/bokken/buildslave/unity/build/Editor/Mono/Inspector/PreviewRenderUtility.cs:109)
UnityEditor.Texture3DPreview:InitPreviewUtility () (at /Users/bokken/buildslave/unity/build/Editor/Mono/Inspector/Texture3DPreview.cs:209)
UnityEditor.Texture3DPreview:OnEnable () (at /Users/bokken/buildslave/unity/build/Editor/Mono/Inspector/Texture3DPreview.cs:193)

[/Users/bokken/buildslave/unity/build/Editor/Mono/EditorSceneManager.bindings.cs line 84]

Unable to allocate new scene culling mask
UnityEngine.StackTraceUtility:ExtractStackTrace () (at /Users/bokken/buildslave/unity/build/Runtime/Export/Scripting/StackTrace.cs:37)
UnityEditor.SceneManagement.EditorSceneManager:NewPreviewScene (bool)
UnityEditor.SceneManagement.EditorSceneManager:NewPreviewScene () (at /Users/bokken/buildslave/unity/build/Editor/Mono/EditorSceneManager.bindings.cs:84)
UnityEditor.PreviewScene:.ctor (string) (at /Users/bokken/buildslave/unity/build/Editor/Mono/Inspector/PreviewRenderUtility.cs:22)
UnityEditor.PreviewRenderUtility:.ctor () (at /Users/bokken/buildslave/unity/build/Editor/Mono/Inspector/PreviewRenderUtility.cs:109)
UnityEditor.Texture3DPreview:InitPreviewUtility () (at /Users/bokken/buildslave/unity/build/Editor/Mono/Inspector/Texture3DPreview.cs:209)
UnityEditor.Texture3DPreview:OnEnable () (at /Users/bokken/buildslave/unity/build/Editor/Mono/Inspector/Texture3DPreview.cs:193)

[/Users/bokken/buildslave/unity/build/Editor/Mono/EditorSceneManager.bindings.cs line 84]

Unable to allocate new scene culling mask
UnityEngine.StackTraceUtility:ExtractStackTrace () (at /Users/bokken/buildslave/unity/build/Runtime/Export/Scripting/StackTrace.cs:37)
UnityEditor.SceneManagement.EditorSceneManager:NewPreviewScene (bool)
UnityEditor.SceneManagement.EditorSceneManager:NewPreviewScene () (at /Users/bokken/buildslave/unity/build/Editor/Mono/EditorSceneManager.bindings.cs:84)
UnityEditor.PreviewScene:.ctor (string) (at /Users/bokken/buildslave/unity/build/Editor/Mono/Inspector/PreviewRenderUtility.cs:22)
UnityEditor.PreviewRenderUtility:.ctor () (at /Users/bokken/buildslave/unity/build/Editor/Mono/Inspector/PreviewRenderUtility.cs:109)
UnityEditor.Texture3DPreview:InitPreviewUtility () (at /Users/bokken/buildslave/unity/build/Editor/Mono/Inspector/Texture3DPreview.cs:209)
UnityEditor.Texture3DPreview:OnEnable () (at /Users/bokken/buildslave/unity/build/Editor/Mono/Inspector/Texture3DPreview.cs:193)

[/Users/bokken/buildslave/unity/build/Editor/Mono/EditorSceneManager.bindings.cs line 84]

Unable to allocate new scene culling mask
UnityEngine.StackTraceUtility:ExtractStackTrace () (at /Users/bokken/buildslave/unity/build/Runtime/Export/Scripting/StackTrace.cs:37)
UnityEditor.SceneManagement.EditorSceneManager:NewPreviewScene (bool)
UnityEditor.SceneManagement.EditorSceneManager:NewPreviewScene () (at /Users/bokken/buildslave/unity/build/Editor/Mono/EditorSceneManager.bindings.cs:84)
UnityEditor.PreviewScene:.ctor (string) (at /Users/bokken/buildslave/unity/build/Editor/Mono/Inspector/PreviewRenderUtility.cs:22)
UnityEditor.PreviewRenderUtility:.ctor () (at /Users/bokken/buildslave/unity/build/Editor/Mono/Inspector/PreviewRenderUtility.cs:109)
UnityEditor.Texture3DPreview:InitPreviewUtility () (at /Users/bokken/buildslave/unity/build/Editor/Mono/Inspector/Texture3DPreview.cs:209)
UnityEditor.Texture3DPreview:OnEnable () (at /Users/bokken/buildslave/unity/build/Editor/Mono/Inspector/Texture3DPreview.cs:193)

[/Users/bokken/buildslave/unity/build/Editor/Mono/EditorSceneManager.bindings.cs line 84]

Unable to allocate new scene culling mask
UnityEngine.StackTraceUtility:ExtractStackTrace () (at /Users/bokken/buildslave/unity/build/Runtime/Export/Scripting/StackTrace.cs:37)
UnityEditor.SceneManagement.EditorSceneManager:NewPreviewScene (bool)
UnityEditor.SceneManagement.EditorSceneManager:NewPreviewScene () (at /Users/bokken/buildslave/unity/build/Editor/Mono/EditorSceneManager.bindings.cs:84)
UnityEditor.PreviewScene:.ctor (string) (at /Users/bokken/buildslave/unity/build/Editor/Mono/Inspector/PreviewRenderUtility.cs:22)
UnityEditor.PreviewRenderUtility:.ctor () (at /Users/bokken/buildslave/unity/build/Editor/Mono/Inspector/PreviewRenderUtility.cs:109)
UnityEditor.Texture3DPreview:InitPreviewUtility () (at /Users/bokken/buildslave/unity/build/Editor/Mono/Inspector/Texture3DPreview.cs:209)
UnityEditor.Texture3DPreview:OnEnable () (at /Users/bokken/buildslave/unity/build/Editor/Mono/Inspector/Texture3DPreview.cs:193)

[/Users/bokken/buildslave/unity/build/Editor/Mono/EditorSceneManager.bindings.cs line 84]

Unable to allocate new scene culling mask
UnityEngine.StackTraceUtility:ExtractStackTrace () (at /Users/bokken/buildslave/unity/build/Runtime/Export/Scripting/StackTrace.cs:37)
UnityEditor.SceneManagement.EditorSceneManager:NewPreviewScene (bool)
UnityEditor.SceneManagement.EditorSceneManager:NewPreviewScene () (at /Users/bokken/buildslave/unity/build/Editor/Mono/EditorSceneManager.bindings.cs:84)
UnityEditor.PreviewScene:.ctor (string) (at /Users/bokken/buildslave/unity/build/Editor/Mono/Inspector/PreviewRenderUtility.cs:22)
UnityEditor.PreviewRenderUtility:.ctor () (at /Users/bokken/buildslave/unity/build/Editor/Mono/Inspector/PreviewRenderUtility.cs:109)
UnityEditor.Texture3DPreview:InitPreviewUtility () (at /Users/bokken/buildslave/unity/build/Editor/Mono/Inspector/Texture3DPreview.cs:209)
UnityEditor.Texture3DPreview:OnEnable () (at /Users/bokken/buildslave/unity/build/Editor/Mono/Inspector/Texture3DPreview.cs:193)

[/Users/bokken/buildslave/unity/build/Editor/Mono/EditorSceneManager.bindings.cs line 84]

Mono: successfully reloaded assembly
- Completed reload, in  1.192 seconds
Domain Reload Profiling:
	ReloadAssembly (1193ms)
		BeginReloadAssembly (113ms)
			ExecutionOrderSort (0ms)
			DisableScriptedObjects (10ms)
			BackupInstance (0ms)
			ReleaseScriptingObjects (0ms)
			CreateAndSetChildDomain (44ms)
		EndReloadAssembly (974ms)
			LoadAssemblies (40ms)
			RebuildTransferFunctionScriptingTraits (0ms)
			SetupTypeCache (274ms)
			ReleaseScriptCaches (1ms)
			RebuildScriptCaches (71ms)
			SetupLoadedEditorAssemblies (504ms)
				LogAssemblyErrors (0ms)
				InitializePlatformSupportModulesInManaged (11ms)
				SetLoadedEditorAssemblies (1ms)
				RefreshPlugins (0ms)
				BeforeProcessingInitializeOnLoad (98ms)
				ProcessInitializeOnLoadAttributes (356ms)
				ProcessInitializeOnLoadMethodAttributes (35ms)
				AfterProcessingInitializeOnLoad (2ms)
				EditorAssembliesLoaded (0ms)
			ExecutionOrderSort2 (0ms)
			AwakeInstancesAfterBackupRestoration (19ms)
Platform modules already initialized, skipping
Refreshing native plugins compatible for Editor in 0.38 ms, found 2 plugins.
Preloading 0 native plugins for Editor in 0.00 ms.
Unloading 3101 Unused Serialized files (Serialized files now loaded: 0)
Unloading 18 unused Assets / (22.2 KB). Loaded Objects now: 4631.
Memory consumption went from 178.0 MB to 178.0 MB.
Total: 3.368333 ms (FindLiveObjects: 0.237125 ms CreateObjectMapping: 0.074375 ms MarkObjects: 3.038542 ms  DeleteObjects: 0.017375 ms)

AssetImportParameters requested are different than current active one (requested -> active):
  custom:video-decoder-ogg-theora: a1e56fd34408186e4bbccfd4996cb3dc -> 
  custom:container-muxer-webm: aa71ff27fc2769a1b78a27578f13a17b -> 
  custom:container-demuxer-webm: 4f35f7cbe854078d1ac9338744f61a02 -> 
  custom:video-encoder-webm-vp8: eb34c28f22e8b96e1ab97ce403110664 -> 
  custom:framework-osx-AVFoundation: e770b220cccbd017edd2c1fefb359320 -> 
  custom:audio-encoder-webm-vorbis: bf7c407c2cedff20999df2af8eb42d56 -> 
  custom:container-demuxer-ogg: 62fdf1f143b41e24485cea50d1cbac27 -> 
  custom:video-decoder-webm-vp8: 9c59270c3fd7afecdb556c50c9e8de78 -> 
  custom:audio-decoder-ogg-vorbis: bf7c407c2cedff20999df2af8eb42d56 -> 
========================================================================
Received Import Request.
  Time since last request: 215.093769 seconds.
  path: Assets/TextMesh Pro/Resources/Fonts & Materials/LiberationSans SDF - Fallback.asset
  artifactKey: Guid(2e498d1c8094910479dc3e1b768306a4) Importer(815301076,1909f56bfc062723c751e8b465ee728b)
Start importing Assets/TextMesh Pro/Resources/Fonts & Materials/LiberationSans SDF - Fallback.asset using Guid(2e498d1c8094910479dc3e1b768306a4) Importer(815301076,1909f56bfc062723c751e8b465ee728b) Unable to allocate new scene culling mask
UnityEngine.StackTraceUtility:ExtractStackTrace () (at /Users/bokken/buildslave/unity/build/Runtime/Export/Scripting/StackTrace.cs:37)
UnityEditor.SceneManagement.EditorSceneManager:NewPreviewScene (bool)
UnityEditor.SceneManagement.EditorSceneManager:NewPreviewScene () (at /Users/bokken/buildslave/unity/build/Editor/Mono/EditorSceneManager.bindings.cs:84)
UnityEditor.PreviewScene:.ctor (string) (at /Users/bokken/buildslave/unity/build/Editor/Mono/Inspector/PreviewRenderUtility.cs:22)
UnityEditor.PreviewRenderUtility:.ctor () (at /Users/bokken/buildslave/unity/build/Editor/Mono/Inspector/PreviewRenderUtility.cs:109)
UnityEditor.MaterialEditor:GetPreviewRendererUtility () (at /Users/bokken/buildslave/unity/build/Editor/Mono/Inspector/MaterialEditor.cs:2305)
UnityEditor.MaterialEditor:RenderStaticPreview (string,UnityEngine.Object[],int,int) (at /Users/bokken/buildslave/unity/build/Editor/Mono/Inspector/MaterialEditor.cs:2099)
UnityEditor.AssetPreviewUpdater:CreatePreview (UnityEngine.Object,UnityEngine.Object[],string,int,int) (at /Users/bokken/buildslave/unity/build/Editor/Mono/AssetPreviewUpdater.cs:38)
UnityEditor.AssetPreviewUpdater:CreatePreviewForAsset (UnityEngine.Object,UnityEngine.Object[],string) (at /Users/bokken/buildslave/unity/build/Editor/Mono/AssetPreviewUpdater.cs:9)

[./Editor/Src/SceneManager/EditorSceneManager.cpp line 680]

Unable to allocate new scene culling mask
UnityEngine.StackTraceUtility:ExtractStackTrace () (at /Users/bokken/buildslave/unity/build/Runtime/Export/Scripting/StackTrace.cs:37)
UnityEditor.SceneManagement.EditorSceneManager:NewPreviewScene (bool)
UnityEditor.SceneManagement.EditorSceneManager:NewPreviewScene () (at /Users/bokken/buildslave/unity/build/Editor/Mono/EditorSceneManager.bindings.cs:84)
UnityEditor.PreviewScene:.ctor (string) (at /Users/bokken/buildslave/unity/build/Editor/Mono/Inspector/PreviewRenderUtility.cs:22)
UnityEditor.PreviewRenderUtility:.ctor () (at /Users/bokken/buildslave/unity/build/Editor/Mono/Inspector/PreviewRenderUtility.cs:109)
UnityEditor.Texture3DPreview:InitPreviewUtility () (at /Users/bokken/buildslave/unity/build/Editor/Mono/Inspector/Texture3DPreview.cs:209)
UnityEditor.Texture3DPreview:OnEnable () (at /Users/bokken/buildslave/unity/build/Editor/Mono/Inspector/Texture3DPreview.cs:193)
UnityEngine.ScriptableObject:CreateInstance (System.Type) (at /Users/bokken/buildslave/unity/build/Runtime/Export/Scripting/ScriptableObject.bindings.cs:35)
UnityEngine.ScriptableObject:CreateInstance<UnityEditor.Texture3DPreview> () (at /Users/bokken/buildslave/unity/build/Runtime/Export/Scripting/ScriptableObject.bindings.cs:41)
UnityEditor.TextureInspector:OnEnable () (at /Users/bokken/buildslave/unity/build/Editor/Mono/Inspector/TextureInspector.cs:170)
UnityEditor.Editor:CreateEditorWithContext (UnityEngine.Object[],UnityEngine.Object,System.Type) (at /Users/bokken/buildslave/unity/build/Editor/Mono/Inspector/Editor.cs:515)
UnityEditor.Editor:CreateEditor (UnityEngine.Object,System.Type) (at /Users/bokken/buildslave/unity/build/Editor/Mono/Inspector/Editor.cs:559)
UnityEditor.Editor:CreateEditor (UnityEngine.Object) (at /Users/bokken/buildslave/unity/build/Editor/Mono/Inspector/Editor.cs:554)
UnityEditor.AssetPreviewUpdater:CreatePreview (UnityEngine.Object,UnityEngine.Object[],string,int,int) (at /Users/bokken/buildslave/unity/build/Editor/Mono/AssetPreviewUpdater.cs:33)
UnityEditor.AssetPreviewUpdater:CreatePreviewForAsset (UnityEngine.Object,UnityEngine.Object[],string) (at /Users/bokken/buildslave/unity/build/Editor/Mono/AssetPreviewUpdater.cs:9)

[./Editor/Src/SceneManager/EditorSceneManager.cpp line 680]

 -> (artifact id: 'e973b1023e802da228ab52a5455e4e96') in 0.837175 seconds 
========================================================================
Received Import Request.
  Time since last request: 50.082805 seconds.
  path: Assets/Fonts/Downloads/Vitruvian Man SDF.asset
  artifactKey: Guid(3e7e2518013204323b7fad3abaf7bcd5) Importer(815301076,1909f56bfc062723c751e8b465ee728b)
Start importing Assets/Fonts/Downloads/Vitruvian Man SDF.asset using Guid(3e7e2518013204323b7fad3abaf7bcd5) Importer(815301076,1909f56bfc062723c751e8b465ee728b) Unable to allocate new scene culling mask
UnityEngine.StackTraceUtility:ExtractStackTrace () (at /Users/bokken/buildslave/unity/build/Runtime/Export/Scripting/StackTrace.cs:37)
UnityEditor.SceneManagement.EditorSceneManager:NewPreviewScene (bool)
UnityEditor.SceneManagement.EditorSceneManager:NewPreviewScene () (at /Users/bokken/buildslave/unity/build/Editor/Mono/EditorSceneManager.bindings.cs:84)
UnityEditor.PreviewScene:.ctor (string) (at /Users/bokken/buildslave/unity/build/Editor/Mono/Inspector/PreviewRenderUtility.cs:22)
UnityEditor.PreviewRenderUtility:.ctor () (at /Users/bokken/buildslave/unity/build/Editor/Mono/Inspector/PreviewRenderUtility.cs:109)
UnityEditor.MaterialEditor:GetPreviewRendererUtility () (at /Users/bokken/buildslave/unity/build/Editor/Mono/Inspector/MaterialEditor.cs:2305)
UnityEditor.MaterialEditor:RenderStaticPreview (string,UnityEngine.Object[],int,int) (at /Users/bokken/buildslave/unity/build/Editor/Mono/Inspector/MaterialEditor.cs:2099)
UnityEditor.AssetPreviewUpdater:CreatePreview (UnityEngine.Object,UnityEngine.Object[],string,int,int) (at /Users/bokken/buildslave/unity/build/Editor/Mono/AssetPreviewUpdater.cs:38)
UnityEditor.AssetPreviewUpdater:CreatePreviewForAsset (UnityEngine.Object,UnityEngine.Object[],string) (at /Users/bokken/buildslave/unity/build/Editor/Mono/AssetPreviewUpdater.cs:9)

[./Editor/Src/SceneManager/EditorSceneManager.cpp line 680]

Unable to allocate new scene culling mask
UnityEngine.StackTraceUtility:ExtractStackTrace () (at /Users/bokken/buildslave/unity/build/Runtime/Export/Scripting/StackTrace.cs:37)
UnityEditor.SceneManagement.EditorSceneManager:NewPreviewScene (bool)
UnityEditor.SceneManagement.EditorSceneManager:NewPreviewScene () (at /Users/bokken/buildslave/unity/build/Editor/Mono/EditorSceneManager.bindings.cs:84)
UnityEditor.PreviewScene:.ctor (string) (at /Users/bokken/buildslave/unity/build/Editor/Mono/Inspector/PreviewRenderUtility.cs:22)
UnityEditor.PreviewRenderUtility:.ctor () (at /Users/bokken/buildslave/unity/build/Editor/Mono/Inspector/PreviewRenderUtility.cs:109)
UnityEditor.Texture3DPreview:InitPreviewUtility () (at /Users/bokken/buildslave/unity/build/Editor/Mono/Inspector/Texture3DPreview.cs:209)
UnityEditor.Texture3DPreview:OnEnable () (at /Users/bokken/buildslave/unity/build/Editor/Mono/Inspector/Texture3DPreview.cs:193)
UnityEngine.ScriptableObject:CreateInstance (System.Type) (at /Users/bokken/buildslave/unity/build/Runtime/Export/Scripting/ScriptableObject.bindings.cs:35)
UnityEngine.ScriptableObject:CreateInstance<UnityEditor.Texture3DPreview> () (at /Users/bokken/buildslave/unity/build/Runtime/Export/Scripting/ScriptableObject.bindings.cs:41)
UnityEditor.TextureInspector:OnEnable () (at /Users/bokken/buildslave/unity/build/Editor/Mono/Inspector/TextureInspector.cs:170)
UnityEditor.Editor:CreateEditorWithContext (UnityEngine.Object[],UnityEngine.Object,System.Type) (at /Users/bokken/buildslave/unity/build/Editor/Mono/Inspector/Editor.cs:515)
UnityEditor.Editor:CreateEditor (UnityEngine.Object,System.Type) (at /Users/bokken/buildslave/unity/build/Editor/Mono/Inspector/Editor.cs:559)
UnityEditor.Editor:CreateEditor (UnityEngine.Object) (at /Users/bokken/buildslave/unity/build/Editor/Mono/Inspector/Editor.cs:554)
UnityEditor.AssetPreviewUpdater:CreatePreview (UnityEngine.Object,UnityEngine.Object[],string,int,int) (at /Users/bokken/buildslave/unity/build/Editor/Mono/AssetPreviewUpdater.cs:33)
UnityEditor.AssetPreviewUpdater:CreatePreviewForAsset (UnityEngine.Object,UnityEngine.Object[],string) (at /Users/bokken/buildslave/unity/build/Editor/Mono/AssetPreviewUpdater.cs:9)

[./Editor/Src/SceneManager/EditorSceneManager.cpp line 680]

 -> (artifact id: '6610f3e9fcaf252be1055632a7b4be6f') in 0.014407 seconds 
========================================================================
Received Import Request.
  Time since last request: 6.725211 seconds.
  path: Assets/TextMesh Pro/Resources/Fonts & Materials/LiberationSans SDF - Fallback.asset
  artifactKey: Guid(2e498d1c8094910479dc3e1b768306a4) Importer(815301076,1909f56bfc062723c751e8b465ee728b)
Start importing Assets/TextMesh Pro/Resources/Fonts & Materials/LiberationSans SDF - Fallback.asset using Guid(2e498d1c8094910479dc3e1b768306a4) Importer(815301076,1909f56bfc062723c751e8b465ee728b) Unable to allocate new scene culling mask
UnityEngine.StackTraceUtility:ExtractStackTrace () (at /Users/bokken/buildslave/unity/build/Runtime/Export/Scripting/StackTrace.cs:37)
UnityEditor.SceneManagement.EditorSceneManager:NewPreviewScene (bool)
UnityEditor.SceneManagement.EditorSceneManager:NewPreviewScene () (at /Users/bokken/buildslave/unity/build/Editor/Mono/EditorSceneManager.bindings.cs:84)
UnityEditor.PreviewScene:.ctor (string) (at /Users/bokken/buildslave/unity/build/Editor/Mono/Inspector/PreviewRenderUtility.cs:22)
UnityEditor.PreviewRenderUtility:.ctor () (at /Users/bokken/buildslave/unity/build/Editor/Mono/Inspector/PreviewRenderUtility.cs:109)
UnityEditor.MaterialEditor:GetPreviewRendererUtility () (at /Users/bokken/buildslave/unity/build/Editor/Mono/Inspector/MaterialEditor.cs:2305)
UnityEditor.MaterialEditor:RenderStaticPreview (string,UnityEngine.Object[],int,int) (at /Users/bokken/buildslave/unity/build/Editor/Mono/Inspector/MaterialEditor.cs:2099)
UnityEditor.AssetPreviewUpdater:CreatePreview (UnityEngine.Object,UnityEngine.Object[],string,int,int) (at /Users/bokken/buildslave/unity/build/Editor/Mono/AssetPreviewUpdater.cs:38)
UnityEditor.AssetPreviewUpdater:CreatePreviewForAsset (UnityEngine.Object,UnityEngine.Object[],string) (at /Users/bokken/buildslave/unity/build/Editor/Mono/AssetPreviewUpdater.cs:9)

[./Editor/Src/SceneManager/EditorSceneManager.cpp line 680]

Unable to allocate new scene culling mask
UnityEngine.StackTraceUtility:ExtractStackTrace () (at /Users/bokken/buildslave/unity/build/Runtime/Export/Scripting/StackTrace.cs:37)
UnityEditor.SceneManagement.EditorSceneManager:NewPreviewScene (bool)
UnityEditor.SceneManagement.EditorSceneManager:NewPreviewScene () (at /Users/bokken/buildslave/unity/build/Editor/Mono/EditorSceneManager.bindings.cs:84)
UnityEditor.PreviewScene:.ctor (string) (at /Users/bokken/buildslave/unity/build/Editor/Mono/Inspector/PreviewRenderUtility.cs:22)
UnityEditor.PreviewRenderUtility:.ctor () (at /Users/bokken/buildslave/unity/build/Editor/Mono/Inspector/PreviewRenderUtility.cs:109)
UnityEditor.Texture3DPreview:InitPreviewUtility () (at /Users/bokken/buildslave/unity/build/Editor/Mono/Inspector/Texture3DPreview.cs:209)
UnityEditor.Texture3DPreview:OnEnable () (at /Users/bokken/buildslave/unity/build/Editor/Mono/Inspector/Texture3DPreview.cs:193)
UnityEngine.ScriptableObject:CreateInstance (System.Type) (at /Users/bokken/buildslave/unity/build/Runtime/Export/Scripting/ScriptableObject.bindings.cs:35)
UnityEngine.ScriptableObject:CreateInstance<UnityEditor.Texture3DPreview> () (at /Users/bokken/buildslave/unity/build/Runtime/Export/Scripting/ScriptableObject.bindings.cs:41)
UnityEditor.TextureInspector:OnEnable () (at /Users/bokken/buildslave/unity/build/Editor/Mono/Inspector/TextureInspector.cs:170)
UnityEditor.Editor:CreateEditorWithContext (UnityEngine.Object[],UnityEngine.Object,System.Type) (at /Users/bokken/buildslave/unity/build/Editor/Mono/Inspector/Editor.cs:515)
UnityEditor.Editor:CreateEditor (UnityEngine.Object,System.Type) (at /Users/bokken/buildslave/unity/build/Editor/Mono/Inspector/Editor.cs:559)
UnityEditor.Editor:CreateEditor (UnityEngine.Object) (at /Users/bokken/buildslave/unity/build/Editor/Mono/Inspector/Editor.cs:554)
UnityEditor.AssetPreviewUpdater:CreatePreview (UnityEngine.Object,UnityEngine.Object[],string,int,int) (at /Users/bokken/buildslave/unity/build/Editor/Mono/AssetPreviewUpdater.cs:33)
UnityEditor.AssetPreviewUpdater:CreatePreviewForAsset (UnityEngine.Object,UnityEngine.Object[],string) (at /Users/bokken/buildslave/unity/build/Editor/Mono/AssetPreviewUpdater.cs:9)

[./Editor/Src/SceneManager/EditorSceneManager.cpp line 680]

 -> (artifact id: 'e70086213fdb434a9094d1d9c6a89d90') in 0.016366 seconds 
========================================================================
Received Prepare
Registering precompiled user dll's ...
Registered in 0.001998 seconds.
Begin MonoManager ReloadAssembly
Thread 0x2923db000 may have been prematurely finalized
Symbol file LoadedFromMemory doesn't match image /Users/henrymoss/Documents/GitHub/Sigil-Game/Library/PackageCache/com.unity.visualscripting@1.7.6/Editor/VisualScripting.Core/Dependencies/YamlDotNet/Unity.VisualScripting.YamlDotNet.dll
Symbol file LoadedFromMemory doesn't match image /Users/henrymoss/Documents/GitHub/Sigil-Game/Library/PackageCache/com.unity.visualscripting@1.7.6/Editor/VisualScripting.Core/Dependencies/DotNetZip/Unity.VisualScripting.IonicZip.dll
Native extension for LinuxStandalone target not found
Native extension for WindowsStandalone target not found
Native extension for OSXStandalone target not found
Refreshing native plugins compatible for Editor in 0.47 ms, found 2 plugins.
Preloading 0 native plugins for Editor in 0.00 ms.
Unable to allocate new scene culling mask
UnityEngine.StackTraceUtility:ExtractStackTrace () (at /Users/bokken/buildslave/unity/build/Runtime/Export/Scripting/StackTrace.cs:37)
UnityEditor.SceneManagement.EditorSceneManager:NewPreviewScene (bool)
UnityEditor.SceneManagement.EditorSceneManager:NewPreviewScene () (at /Users/bokken/buildslave/unity/build/Editor/Mono/EditorSceneManager.bindings.cs:84)
UnityEditor.PreviewScene:.ctor (string) (at /Users/bokken/buildslave/unity/build/Editor/Mono/Inspector/PreviewRenderUtility.cs:22)
UnityEditor.PreviewRenderUtility:.ctor () (at /Users/bokken/buildslave/unity/build/Editor/Mono/Inspector/PreviewRenderUtility.cs:109)
UnityEditor.Texture3DPreview:InitPreviewUtility () (at /Users/bokken/buildslave/unity/build/Editor/Mono/Inspector/Texture3DPreview.cs:209)
UnityEditor.Texture3DPreview:OnEnable () (at /Users/bokken/buildslave/unity/build/Editor/Mono/Inspector/Texture3DPreview.cs:193)

[/Users/bokken/buildslave/unity/build/Editor/Mono/EditorSceneManager.bindings.cs line 84]

Unable to allocate new scene culling mask
UnityEngine.StackTraceUtility:ExtractStackTrace () (at /Users/bokken/buildslave/unity/build/Runtime/Export/Scripting/StackTrace.cs:37)
UnityEditor.SceneManagement.EditorSceneManager:NewPreviewScene (bool)
UnityEditor.SceneManagement.EditorSceneManager:NewPreviewScene () (at /Users/bokken/buildslave/unity/build/Editor/Mono/EditorSceneManager.bindings.cs:84)
UnityEditor.PreviewScene:.ctor (string) (at /Users/bokken/buildslave/unity/build/Editor/Mono/Inspector/PreviewRenderUtility.cs:22)
UnityEditor.PreviewRenderUtility:.ctor () (at /Users/bokken/buildslave/unity/build/Editor/Mono/Inspector/PreviewRenderUtility.cs:109)
UnityEditor.Texture3DPreview:InitPreviewUtility () (at /Users/bokken/buildslave/unity/build/Editor/Mono/Inspector/Texture3DPreview.cs:209)
UnityEditor.Texture3DPreview:OnEnable () (at /Users/bokken/buildslave/unity/build/Editor/Mono/Inspector/Texture3DPreview.cs:193)

[/Users/bokken/buildslave/unity/build/Editor/Mono/EditorSceneManager.bindings.cs line 84]

Unable to allocate new scene culling mask
UnityEngine.StackTraceUtility:ExtractStackTrace () (at /Users/bokken/buildslave/unity/build/Runtime/Export/Scripting/StackTrace.cs:37)
UnityEditor.SceneManagement.EditorSceneManager:NewPreviewScene (bool)
UnityEditor.SceneManagement.EditorSceneManager:NewPreviewScene () (at /Users/bokken/buildslave/unity/build/Editor/Mono/EditorSceneManager.bindings.cs:84)
UnityEditor.PreviewScene:.ctor (string) (at /Users/bokken/buildslave/unity/build/Editor/Mono/Inspector/PreviewRenderUtility.cs:22)
UnityEditor.PreviewRenderUtility:.ctor () (at /Users/bokken/buildslave/unity/build/Editor/Mono/Inspector/PreviewRenderUtility.cs:109)
UnityEditor.Texture3DPreview:InitPreviewUtility () (at /Users/bokken/buildslave/unity/build/Editor/Mono/Inspector/Texture3DPreview.cs:209)
UnityEditor.Texture3DPreview:OnEnable () (at /Users/bokken/buildslave/unity/build/Editor/Mono/Inspector/Texture3DPreview.cs:193)

[/Users/bokken/buildslave/unity/build/Editor/Mono/EditorSceneManager.bindings.cs line 84]

Unable to allocate new scene culling mask
UnityEngine.StackTraceUtility:ExtractStackTrace () (at /Users/bokken/buildslave/unity/build/Runtime/Export/Scripting/StackTrace.cs:37)
UnityEditor.SceneManagement.EditorSceneManager:NewPreviewScene (bool)
UnityEditor.SceneManagement.EditorSceneManager:NewPreviewScene () (at /Users/bokken/buildslave/unity/build/Editor/Mono/EditorSceneManager.bindings.cs:84)
UnityEditor.PreviewScene:.ctor (string) (at /Users/bokken/buildslave/unity/build/Editor/Mono/Inspector/PreviewRenderUtility.cs:22)
UnityEditor.PreviewRenderUtility:.ctor () (at /Users/bokken/buildslave/unity/build/Editor/Mono/Inspector/PreviewRenderUtility.cs:109)
UnityEditor.Texture3DPreview:InitPreviewUtility () (at /Users/bokken/buildslave/unity/build/Editor/Mono/Inspector/Texture3DPreview.cs:209)
UnityEditor.Texture3DPreview:OnEnable () (at /Users/bokken/buildslave/unity/build/Editor/Mono/Inspector/Texture3DPreview.cs:193)

[/Users/bokken/buildslave/unity/build/Editor/Mono/EditorSceneManager.bindings.cs line 84]

Unable to allocate new scene culling mask
UnityEngine.StackTraceUtility:ExtractStackTrace () (at /Users/bokken/buildslave/unity/build/Runtime/Export/Scripting/StackTrace.cs:37)
UnityEditor.SceneManagement.EditorSceneManager:NewPreviewScene (bool)
UnityEditor.SceneManagement.EditorSceneManager:NewPreviewScene () (at /Users/bokken/buildslave/unity/build/Editor/Mono/EditorSceneManager.bindings.cs:84)
UnityEditor.PreviewScene:.ctor (string) (at /Users/bokken/buildslave/unity/build/Editor/Mono/Inspector/PreviewRenderUtility.cs:22)
UnityEditor.PreviewRenderUtility:.ctor () (at /Users/bokken/buildslave/unity/build/Editor/Mono/Inspector/PreviewRenderUtility.cs:109)
UnityEditor.Texture3DPreview:InitPreviewUtility () (at /Users/bokken/buildslave/unity/build/Editor/Mono/Inspector/Texture3DPreview.cs:209)
UnityEditor.Texture3DPreview:OnEnable () (at /Users/bokken/buildslave/unity/build/Editor/Mono/Inspector/Texture3DPreview.cs:193)

[/Users/bokken/buildslave/unity/build/Editor/Mono/EditorSceneManager.bindings.cs line 84]

Unable to allocate new scene culling mask
UnityEngine.StackTraceUtility:ExtractStackTrace () (at /Users/bokken/buildslave/unity/build/Runtime/Export/Scripting/StackTrace.cs:37)
UnityEditor.SceneManagement.EditorSceneManager:NewPreviewScene (bool)
UnityEditor.SceneManagement.EditorSceneManager:NewPreviewScene () (at /Users/bokken/buildslave/unity/build/Editor/Mono/EditorSceneManager.bindings.cs:84)
UnityEditor.PreviewScene:.ctor (string) (at /Users/bokken/buildslave/unity/build/Editor/Mono/Inspector/PreviewRenderUtility.cs:22)
UnityEditor.PreviewRenderUtility:.ctor () (at /Users/bokken/buildslave/unity/build/Editor/Mono/Inspector/PreviewRenderUtility.cs:109)
UnityEditor.Texture3DPreview:InitPreviewUtility () (at /Users/bokken/buildslave/unity/build/Editor/Mono/Inspector/Texture3DPreview.cs:209)
UnityEditor.Texture3DPreview:OnEnable () (at /Users/bokken/buildslave/unity/build/Editor/Mono/Inspector/Texture3DPreview.cs:193)

[/Users/bokken/buildslave/unity/build/Editor/Mono/EditorSceneManager.bindings.cs line 84]

Unable to allocate new scene culling mask
UnityEngine.StackTraceUtility:ExtractStackTrace () (at /Users/bokken/buildslave/unity/build/Runtime/Export/Scripting/StackTrace.cs:37)
UnityEditor.SceneManagement.EditorSceneManager:NewPreviewScene (bool)
UnityEditor.SceneManagement.EditorSceneManager:NewPreviewScene () (at /Users/bokken/buildslave/unity/build/Editor/Mono/EditorSceneManager.bindings.cs:84)
UnityEditor.PreviewScene:.ctor (string) (at /Users/bokken/buildslave/unity/build/Editor/Mono/Inspector/PreviewRenderUtility.cs:22)
UnityEditor.PreviewRenderUtility:.ctor () (at /Users/bokken/buildslave/unity/build/Editor/Mono/Inspector/PreviewRenderUtility.cs:109)
UnityEditor.Texture3DPreview:InitPreviewUtility () (at /Users/bokken/buildslave/unity/build/Editor/Mono/Inspector/Texture3DPreview.cs:209)
UnityEditor.Texture3DPreview:OnEnable () (at /Users/bokken/buildslave/unity/build/Editor/Mono/Inspector/Texture3DPreview.cs:193)

[/Users/bokken/buildslave/unity/build/Editor/Mono/EditorSceneManager.bindings.cs line 84]

Unable to allocate new scene culling mask
UnityEngine.StackTraceUtility:ExtractStackTrace () (at /Users/bokken/buildslave/unity/build/Runtime/Export/Scripting/StackTrace.cs:37)
UnityEditor.SceneManagement.EditorSceneManager:NewPreviewScene (bool)
UnityEditor.SceneManagement.EditorSceneManager:NewPreviewScene () (at /Users/bokken/buildslave/unity/build/Editor/Mono/EditorSceneManager.bindings.cs:84)
UnityEditor.PreviewScene:.ctor (string) (at /Users/bokken/buildslave/unity/build/Editor/Mono/Inspector/PreviewRenderUtility.cs:22)
UnityEditor.PreviewRenderUtility:.ctor () (at /Users/bokken/buildslave/unity/build/Editor/Mono/Inspector/PreviewRenderUtility.cs:109)
UnityEditor.Texture3DPreview:InitPreviewUtility () (at /Users/bokken/buildslave/unity/build/Editor/Mono/Inspector/Texture3DPreview.cs:209)
UnityEditor.Texture3DPreview:OnEnable () (at /Users/bokken/buildslave/unity/build/Editor/Mono/Inspector/Texture3DPreview.cs:193)

[/Users/bokken/buildslave/unity/build/Editor/Mono/EditorSceneManager.bindings.cs line 84]

Unable to allocate new scene culling mask
UnityEngine.StackTraceUtility:ExtractStackTrace () (at /Users/bokken/buildslave/unity/build/Runtime/Export/Scripting/StackTrace.cs:37)
UnityEditor.SceneManagement.EditorSceneManager:NewPreviewScene (bool)
UnityEditor.SceneManagement.EditorSceneManager:NewPreviewScene () (at /Users/bokken/buildslave/unity/build/Editor/Mono/EditorSceneManager.bindings.cs:84)
UnityEditor.PreviewScene:.ctor (string) (at /Users/bokken/buildslave/unity/build/Editor/Mono/Inspector/PreviewRenderUtility.cs:22)
UnityEditor.PreviewRenderUtility:.ctor () (at /Users/bokken/buildslave/unity/build/Editor/Mono/Inspector/PreviewRenderUtility.cs:109)
UnityEditor.Texture3DPreview:InitPreviewUtility () (at /Users/bokken/buildslave/unity/build/Editor/Mono/Inspector/Texture3DPreview.cs:209)
UnityEditor.Texture3DPreview:OnEnable () (at /Users/bokken/buildslave/unity/build/Editor/Mono/Inspector/Texture3DPreview.cs:193)

[/Users/bokken/buildslave/unity/build/Editor/Mono/EditorSceneManager.bindings.cs line 84]

Unable to allocate new scene culling mask
UnityEngine.StackTraceUtility:ExtractStackTrace () (at /Users/bokken/buildslave/unity/build/Runtime/Export/Scripting/StackTrace.cs:37)
UnityEditor.SceneManagement.EditorSceneManager:NewPreviewScene (bool)
UnityEditor.SceneManagement.EditorSceneManager:NewPreviewScene () (at /Users/bokken/buildslave/unity/build/Editor/Mono/EditorSceneManager.bindings.cs:84)
UnityEditor.PreviewScene:.ctor (string) (at /Users/bokken/buildslave/unity/build/Editor/Mono/Inspector/PreviewRenderUtility.cs:22)
UnityEditor.PreviewRenderUtility:.ctor () (at /Users/bokken/buildslave/unity/build/Editor/Mono/Inspector/PreviewRenderUtility.cs:109)
UnityEditor.Texture3DPreview:InitPreviewUtility () (at /Users/bokken/buildslave/unity/build/Editor/Mono/Inspector/Texture3DPreview.cs:209)
UnityEditor.Texture3DPreview:OnEnable () (at /Users/bokken/buildslave/unity/build/Editor/Mono/Inspector/Texture3DPreview.cs:193)

[/Users/bokken/buildslave/unity/build/Editor/Mono/EditorSceneManager.bindings.cs line 84]

Mono: successfully reloaded assembly
- Completed reload, in  1.160 seconds
Domain Reload Profiling:
	ReloadAssembly (1161ms)
		BeginReloadAssembly (109ms)
			ExecutionOrderSort (0ms)
			DisableScriptedObjects (9ms)
			BackupInstance (0ms)
			ReleaseScriptingObjects (0ms)
			CreateAndSetChildDomain (45ms)
		EndReloadAssembly (949ms)
			LoadAssemblies (38ms)
			RebuildTransferFunctionScriptingTraits (0ms)
			SetupTypeCache (329ms)
			ReleaseScriptCaches (2ms)
			RebuildScriptCaches (91ms)
			SetupLoadedEditorAssemblies (392ms)
				LogAssemblyErrors (0ms)
				InitializePlatformSupportModulesInManaged (14ms)
				SetLoadedEditorAssemblies (1ms)
				RefreshPlugins (0ms)
				BeforeProcessingInitializeOnLoad (100ms)
				ProcessInitializeOnLoadAttributes (250ms)
				ProcessInitializeOnLoadMethodAttributes (25ms)
				AfterProcessingInitializeOnLoad (2ms)
				EditorAssembliesLoaded (0ms)
			ExecutionOrderSort2 (0ms)
			AwakeInstancesAfterBackupRestoration (17ms)
Platform modules already initialized, skipping
Refreshing native plugins compatible for Editor in 0.46 ms, found 2 plugins.
Preloading 0 native plugins for Editor in 0.00 ms.
Unloading 3103 Unused Serialized files (Serialized files now loaded: 0)
Unloading 18 unused Assets / (22.0 KB). Loaded Objects now: 4718.
Memory consumption went from 265.5 MB to 265.4 MB.
Total: 3.453667 ms (FindLiveObjects: 0.240959 ms CreateObjectMapping: 0.076125 ms MarkObjects: 3.103000 ms  DeleteObjects: 0.030125 ms)

AssetImportParameters requested are different than current active one (requested -> active):
  custom:video-decoder-ogg-theora: a1e56fd34408186e4bbccfd4996cb3dc -> 
  custom:container-muxer-webm: aa71ff27fc2769a1b78a27578f13a17b -> 
  custom:container-demuxer-webm: 4f35f7cbe854078d1ac9338744f61a02 -> 
  custom:video-encoder-webm-vp8: eb34c28f22e8b96e1ab97ce403110664 -> 
  custom:framework-osx-AVFoundation: e770b220cccbd017edd2c1fefb359320 -> 
  custom:audio-encoder-webm-vorbis: bf7c407c2cedff20999df2af8eb42d56 -> 
  custom:container-demuxer-ogg: 62fdf1f143b41e24485cea50d1cbac27 -> 
  custom:video-decoder-webm-vp8: 9c59270c3fd7afecdb556c50c9e8de78 -> 
  custom:audio-decoder-ogg-vorbis: bf7c407c2cedff20999df2af8eb42d56 -> 
========================================================================
Received Prepare
Registering precompiled user dll's ...
Registered in 0.003199 seconds.
Begin MonoManager ReloadAssembly
Thread 0x292e23000 may have been prematurely finalized
Symbol file LoadedFromMemory doesn't match image /Users/henrymoss/Documents/GitHub/Sigil-Game/Library/PackageCache/com.unity.visualscripting@1.7.6/Editor/VisualScripting.Core/Dependencies/YamlDotNet/Unity.VisualScripting.YamlDotNet.dll
Symbol file LoadedFromMemory doesn't match image /Users/henrymoss/Documents/GitHub/Sigil-Game/Library/PackageCache/com.unity.visualscripting@1.7.6/Editor/VisualScripting.Core/Dependencies/DotNetZip/Unity.VisualScripting.IonicZip.dll
Native extension for LinuxStandalone target not found
Native extension for WindowsStandalone target not found
Native extension for OSXStandalone target not found
Refreshing native plugins compatible for Editor in 0.44 ms, found 2 plugins.
Preloading 0 native plugins for Editor in 0.00 ms.
Unable to allocate new scene culling mask
UnityEngine.StackTraceUtility:ExtractStackTrace () (at /Users/bokken/buildslave/unity/build/Runtime/Export/Scripting/StackTrace.cs:37)
UnityEditor.SceneManagement.EditorSceneManager:NewPreviewScene (bool)
UnityEditor.SceneManagement.EditorSceneManager:NewPreviewScene () (at /Users/bokken/buildslave/unity/build/Editor/Mono/EditorSceneManager.bindings.cs:84)
UnityEditor.PreviewScene:.ctor (string) (at /Users/bokken/buildslave/unity/build/Editor/Mono/Inspector/PreviewRenderUtility.cs:22)
UnityEditor.PreviewRenderUtility:.ctor () (at /Users/bokken/buildslave/unity/build/Editor/Mono/Inspector/PreviewRenderUtility.cs:109)
UnityEditor.Texture3DPreview:InitPreviewUtility () (at /Users/bokken/buildslave/unity/build/Editor/Mono/Inspector/Texture3DPreview.cs:209)
UnityEditor.Texture3DPreview:OnEnable () (at /Users/bokken/buildslave/unity/build/Editor/Mono/Inspector/Texture3DPreview.cs:193)

[/Users/bokken/buildslave/unity/build/Editor/Mono/EditorSceneManager.bindings.cs line 84]

Unable to allocate new scene culling mask
UnityEngine.StackTraceUtility:ExtractStackTrace () (at /Users/bokken/buildslave/unity/build/Runtime/Export/Scripting/StackTrace.cs:37)
UnityEditor.SceneManagement.EditorSceneManager:NewPreviewScene (bool)
UnityEditor.SceneManagement.EditorSceneManager:NewPreviewScene () (at /Users/bokken/buildslave/unity/build/Editor/Mono/EditorSceneManager.bindings.cs:84)
UnityEditor.PreviewScene:.ctor (string) (at /Users/bokken/buildslave/unity/build/Editor/Mono/Inspector/PreviewRenderUtility.cs:22)
UnityEditor.PreviewRenderUtility:.ctor () (at /Users/bokken/buildslave/unity/build/Editor/Mono/Inspector/PreviewRenderUtility.cs:109)
UnityEditor.Texture3DPreview:InitPreviewUtility () (at /Users/bokken/buildslave/unity/build/Editor/Mono/Inspector/Texture3DPreview.cs:209)
UnityEditor.Texture3DPreview:OnEnable () (at /Users/bokken/buildslave/unity/build/Editor/Mono/Inspector/Texture3DPreview.cs:193)

[/Users/bokken/buildslave/unity/build/Editor/Mono/EditorSceneManager.bindings.cs line 84]

Unable to allocate new scene culling mask
UnityEngine.StackTraceUtility:ExtractStackTrace () (at /Users/bokken/buildslave/unity/build/Runtime/Export/Scripting/StackTrace.cs:37)
UnityEditor.SceneManagement.EditorSceneManager:NewPreviewScene (bool)
UnityEditor.SceneManagement.EditorSceneManager:NewPreviewScene () (at /Users/bokken/buildslave/unity/build/Editor/Mono/EditorSceneManager.bindings.cs:84)
UnityEditor.PreviewScene:.ctor (string) (at /Users/bokken/buildslave/unity/build/Editor/Mono/Inspector/PreviewRenderUtility.cs:22)
UnityEditor.PreviewRenderUtility:.ctor () (at /Users/bokken/buildslave/unity/build/Editor/Mono/Inspector/PreviewRenderUtility.cs:109)
UnityEditor.Texture3DPreview:InitPreviewUtility () (at /Users/bokken/buildslave/unity/build/Editor/Mono/Inspector/Texture3DPreview.cs:209)
UnityEditor.Texture3DPreview:OnEnable () (at /Users/bokken/buildslave/unity/build/Editor/Mono/Inspector/Texture3DPreview.cs:193)

[/Users/bokken/buildslave/unity/build/Editor/Mono/EditorSceneManager.bindings.cs line 84]

Unable to allocate new scene culling mask
UnityEngine.StackTraceUtility:ExtractStackTrace () (at /Users/bokken/buildslave/unity/build/Runtime/Export/Scripting/StackTrace.cs:37)
UnityEditor.SceneManagement.EditorSceneManager:NewPreviewScene (bool)
UnityEditor.SceneManagement.EditorSceneManager:NewPreviewScene () (at /Users/bokken/buildslave/unity/build/Editor/Mono/EditorSceneManager.bindings.cs:84)
UnityEditor.PreviewScene:.ctor (string) (at /Users/bokken/buildslave/unity/build/Editor/Mono/Inspector/PreviewRenderUtility.cs:22)
UnityEditor.PreviewRenderUtility:.ctor () (at /Users/bokken/buildslave/unity/build/Editor/Mono/Inspector/PreviewRenderUtility.cs:109)
UnityEditor.Texture3DPreview:InitPreviewUtility () (at /Users/bokken/buildslave/unity/build/Editor/Mono/Inspector/Texture3DPreview.cs:209)
UnityEditor.Texture3DPreview:OnEnable () (at /Users/bokken/buildslave/unity/build/Editor/Mono/Inspector/Texture3DPreview.cs:193)

[/Users/bokken/buildslave/unity/build/Editor/Mono/EditorSceneManager.bindings.cs line 84]

Unable to allocate new scene culling mask
UnityEngine.StackTraceUtility:ExtractStackTrace () (at /Users/bokken/buildslave/unity/build/Runtime/Export/Scripting/StackTrace.cs:37)
UnityEditor.SceneManagement.EditorSceneManager:NewPreviewScene (bool)
UnityEditor.SceneManagement.EditorSceneManager:NewPreviewScene () (at /Users/bokken/buildslave/unity/build/Editor/Mono/EditorSceneManager.bindings.cs:84)
UnityEditor.PreviewScene:.ctor (string) (at /Users/bokken/buildslave/unity/build/Editor/Mono/Inspector/PreviewRenderUtility.cs:22)
UnityEditor.PreviewRenderUtility:.ctor () (at /Users/bokken/buildslave/unity/build/Editor/Mono/Inspector/PreviewRenderUtility.cs:109)
UnityEditor.Texture3DPreview:InitPreviewUtility () (at /Users/bokken/buildslave/unity/build/Editor/Mono/Inspector/Texture3DPreview.cs:209)
UnityEditor.Texture3DPreview:OnEnable () (at /Users/bokken/buildslave/unity/build/Editor/Mono/Inspector/Texture3DPreview.cs:193)

[/Users/bokken/buildslave/unity/build/Editor/Mono/EditorSceneManager.bindings.cs line 84]

Unable to allocate new scene culling mask
UnityEngine.StackTraceUtility:ExtractStackTrace () (at /Users/bokken/buildslave/unity/build/Runtime/Export/Scripting/StackTrace.cs:37)
UnityEditor.SceneManagement.EditorSceneManager:NewPreviewScene (bool)
UnityEditor.SceneManagement.EditorSceneManager:NewPreviewScene () (at /Users/bokken/buildslave/unity/build/Editor/Mono/EditorSceneManager.bindings.cs:84)
UnityEditor.PreviewScene:.ctor (string) (at /Users/bokken/buildslave/unity/build/Editor/Mono/Inspector/PreviewRenderUtility.cs:22)
UnityEditor.PreviewRenderUtility:.ctor () (at /Users/bokken/buildslave/unity/build/Editor/Mono/Inspector/PreviewRenderUtility.cs:109)
UnityEditor.Texture3DPreview:InitPreviewUtility () (at /Users/bokken/buildslave/unity/build/Editor/Mono/Inspector/Texture3DPreview.cs:209)
UnityEditor.Texture3DPreview:OnEnable () (at /Users/bokken/buildslave/unity/build/Editor/Mono/Inspector/Texture3DPreview.cs:193)

[/Users/bokken/buildslave/unity/build/Editor/Mono/EditorSceneManager.bindings.cs line 84]

Unable to allocate new scene culling mask
UnityEngine.StackTraceUtility:ExtractStackTrace () (at /Users/bokken/buildslave/unity/build/Runtime/Export/Scripting/StackTrace.cs:37)
UnityEditor.SceneManagement.EditorSceneManager:NewPreviewScene (bool)
UnityEditor.SceneManagement.EditorSceneManager:NewPreviewScene () (at /Users/bokken/buildslave/unity/build/Editor/Mono/EditorSceneManager.bindings.cs:84)
UnityEditor.PreviewScene:.ctor (string) (at /Users/bokken/buildslave/unity/build/Editor/Mono/Inspector/PreviewRenderUtility.cs:22)
UnityEditor.PreviewRenderUtility:.ctor () (at /Users/bokken/buildslave/unity/build/Editor/Mono/Inspector/PreviewRenderUtility.cs:109)
UnityEditor.Texture3DPreview:InitPreviewUtility () (at /Users/bokken/buildslave/unity/build/Editor/Mono/Inspector/Texture3DPreview.cs:209)
UnityEditor.Texture3DPreview:OnEnable () (at /Users/bokken/buildslave/unity/build/Editor/Mono/Inspector/Texture3DPreview.cs:193)

[/Users/bokken/buildslave/unity/build/Editor/Mono/EditorSceneManager.bindings.cs line 84]

Unable to allocate new scene culling mask
UnityEngine.StackTraceUtility:ExtractStackTrace () (at /Users/bokken/buildslave/unity/build/Runtime/Export/Scripting/StackTrace.cs:37)
UnityEditor.SceneManagement.EditorSceneManager:NewPreviewScene (bool)
UnityEditor.SceneManagement.EditorSceneManager:NewPreviewScene () (at /Users/bokken/buildslave/unity/build/Editor/Mono/EditorSceneManager.bindings.cs:84)
UnityEditor.PreviewScene:.ctor (string) (at /Users/bokken/buildslave/unity/build/Editor/Mono/Inspector/PreviewRenderUtility.cs:22)
UnityEditor.PreviewRenderUtility:.ctor () (at /Users/bokken/buildslave/unity/build/Editor/Mono/Inspector/PreviewRenderUtility.cs:109)
UnityEditor.Texture3DPreview:InitPreviewUtility () (at /Users/bokken/buildslave/unity/build/Editor/Mono/Inspector/Texture3DPreview.cs:209)
UnityEditor.Texture3DPreview:OnEnable () (at /Users/bokken/buildslave/unity/build/Editor/Mono/Inspector/Texture3DPreview.cs:193)

[/Users/bokken/buildslave/unity/build/Editor/Mono/EditorSceneManager.bindings.cs line 84]

Unable to allocate new scene culling mask
UnityEngine.StackTraceUtility:ExtractStackTrace () (at /Users/bokken/buildslave/unity/build/Runtime/Export/Scripting/StackTrace.cs:37)
UnityEditor.SceneManagement.EditorSceneManager:NewPreviewScene (bool)
UnityEditor.SceneManagement.EditorSceneManager:NewPreviewScene () (at /Users/bokken/buildslave/unity/build/Editor/Mono/EditorSceneManager.bindings.cs:84)
UnityEditor.PreviewScene:.ctor (string) (at /Users/bokken/buildslave/unity/build/Editor/Mono/Inspector/PreviewRenderUtility.cs:22)
UnityEditor.PreviewRenderUtility:.ctor () (at /Users/bokken/buildslave/unity/build/Editor/Mono/Inspector/PreviewRenderUtility.cs:109)
UnityEditor.Texture3DPreview:InitPreviewUtility () (at /Users/bokken/buildslave/unity/build/Editor/Mono/Inspector/Texture3DPreview.cs:209)
UnityEditor.Texture3DPreview:OnEnable () (at /Users/bokken/buildslave/unity/build/Editor/Mono/Inspector/Texture3DPreview.cs:193)

[/Users/bokken/buildslave/unity/build/Editor/Mono/EditorSceneManager.bindings.cs line 84]

Unable to allocate new scene culling mask
UnityEngine.StackTraceUtility:ExtractStackTrace () (at /Users/bokken/buildslave/unity/build/Runtime/Export/Scripting/StackTrace.cs:37)
UnityEditor.SceneManagement.EditorSceneManager:NewPreviewScene (bool)
UnityEditor.SceneManagement.EditorSceneManager:NewPreviewScene () (at /Users/bokken/buildslave/unity/build/Editor/Mono/EditorSceneManager.bindings.cs:84)
UnityEditor.PreviewScene:.ctor (string) (at /Users/bokken/buildslave/unity/build/Editor/Mono/Inspector/PreviewRenderUtility.cs:22)
UnityEditor.PreviewRenderUtility:.ctor () (at /Users/bokken/buildslave/unity/build/Editor/Mono/Inspector/PreviewRenderUtility.cs:109)
UnityEditor.Texture3DPreview:InitPreviewUtility () (at /Users/bokken/buildslave/unity/build/Editor/Mono/Inspector/Texture3DPreview.cs:209)
UnityEditor.Texture3DPreview:OnEnable () (at /Users/bokken/buildslave/unity/build/Editor/Mono/Inspector/Texture3DPreview.cs:193)

[/Users/bokken/buildslave/unity/build/Editor/Mono/EditorSceneManager.bindings.cs line 84]

Mono: successfully reloaded assembly
- Completed reload, in  1.128 seconds
Domain Reload Profiling:
	ReloadAssembly (1128ms)
		BeginReloadAssembly (105ms)
			ExecutionOrderSort (0ms)
			DisableScriptedObjects (10ms)
			BackupInstance (0ms)
			ReleaseScriptingObjects (0ms)
			CreateAndSetChildDomain (40ms)
		EndReloadAssembly (929ms)
			LoadAssemblies (37ms)
			RebuildTransferFunctionScriptingTraits (0ms)
			SetupTypeCache (377ms)
			ReleaseScriptCaches (2ms)
			RebuildScriptCaches (80ms)
			SetupLoadedEditorAssemblies (350ms)
				LogAssemblyErrors (0ms)
				InitializePlatformSupportModulesInManaged (11ms)
				SetLoadedEditorAssemblies (1ms)
				RefreshPlugins (0ms)
				BeforeProcessingInitializeOnLoad (85ms)
				ProcessInitializeOnLoadAttributes (227ms)
				ProcessInitializeOnLoadMethodAttributes (25ms)
				AfterProcessingInitializeOnLoad (2ms)
				EditorAssembliesLoaded (0ms)
			ExecutionOrderSort2 (0ms)
			AwakeInstancesAfterBackupRestoration (16ms)
Platform modules already initialized, skipping
Refreshing native plugins compatible for Editor in 0.47 ms, found 2 plugins.
Preloading 0 native plugins for Editor in 0.00 ms.
Unloading 3101 Unused Serialized files (Serialized files now loaded: 0)
Unloading 18 unused Assets / (22.0 KB). Loaded Objects now: 4720.
Memory consumption went from 271.6 MB to 271.6 MB.
Total: 3.805500 ms (FindLiveObjects: 0.274375 ms CreateObjectMapping: 0.086209 ms MarkObjects: 3.423166 ms  DeleteObjects: 0.020875 ms)

AssetImportParameters requested are different than current active one (requested -> active):
  custom:video-decoder-ogg-theora: a1e56fd34408186e4bbccfd4996cb3dc -> 
  custom:container-muxer-webm: aa71ff27fc2769a1b78a27578f13a17b -> 
  custom:container-demuxer-webm: 4f35f7cbe854078d1ac9338744f61a02 -> 
  custom:video-encoder-webm-vp8: eb34c28f22e8b96e1ab97ce403110664 -> 
  custom:framework-osx-AVFoundation: e770b220cccbd017edd2c1fefb359320 -> 
  custom:audio-encoder-webm-vorbis: bf7c407c2cedff20999df2af8eb42d56 -> 
  custom:container-demuxer-ogg: 62fdf1f143b41e24485cea50d1cbac27 -> 
  custom:video-decoder-webm-vp8: 9c59270c3fd7afecdb556c50c9e8de78 -> 
  custom:audio-decoder-ogg-vorbis: bf7c407c2cedff20999df2af8eb42d56 -> 
========================================================================
Received Import Request.
  Time since last request: 192.990470 seconds.
  path: Assets/Fonts/Downloads/Vitruvian Man SDF.asset
  artifactKey: Guid(3e7e2518013204323b7fad3abaf7bcd5) Importer(815301076,1909f56bfc062723c751e8b465ee728b)
Start importing Assets/Fonts/Downloads/Vitruvian Man SDF.asset using Guid(3e7e2518013204323b7fad3abaf7bcd5) Importer(815301076,1909f56bfc062723c751e8b465ee728b) Unable to allocate new scene culling mask
UnityEngine.StackTraceUtility:ExtractStackTrace () (at /Users/bokken/buildslave/unity/build/Runtime/Export/Scripting/StackTrace.cs:37)
UnityEditor.SceneManagement.EditorSceneManager:NewPreviewScene (bool)
UnityEditor.SceneManagement.EditorSceneManager:NewPreviewScene () (at /Users/bokken/buildslave/unity/build/Editor/Mono/EditorSceneManager.bindings.cs:84)
UnityEditor.PreviewScene:.ctor (string) (at /Users/bokken/buildslave/unity/build/Editor/Mono/Inspector/PreviewRenderUtility.cs:22)
UnityEditor.PreviewRenderUtility:.ctor () (at /Users/bokken/buildslave/unity/build/Editor/Mono/Inspector/PreviewRenderUtility.cs:109)
UnityEditor.MaterialEditor:GetPreviewRendererUtility () (at /Users/bokken/buildslave/unity/build/Editor/Mono/Inspector/MaterialEditor.cs:2305)
UnityEditor.MaterialEditor:RenderStaticPreview (string,UnityEngine.Object[],int,int) (at /Users/bokken/buildslave/unity/build/Editor/Mono/Inspector/MaterialEditor.cs:2099)
UnityEditor.AssetPreviewUpdater:CreatePreview (UnityEngine.Object,UnityEngine.Object[],string,int,int) (at /Users/bokken/buildslave/unity/build/Editor/Mono/AssetPreviewUpdater.cs:38)
UnityEditor.AssetPreviewUpdater:CreatePreviewForAsset (UnityEngine.Object,UnityEngine.Object[],string) (at /Users/bokken/buildslave/unity/build/Editor/Mono/AssetPreviewUpdater.cs:9)

[./Editor/Src/SceneManager/EditorSceneManager.cpp line 680]

Unable to allocate new scene culling mask
UnityEngine.StackTraceUtility:ExtractStackTrace () (at /Users/bokken/buildslave/unity/build/Runtime/Export/Scripting/StackTrace.cs:37)
UnityEditor.SceneManagement.EditorSceneManager:NewPreviewScene (bool)
UnityEditor.SceneManagement.EditorSceneManager:NewPreviewScene () (at /Users/bokken/buildslave/unity/build/Editor/Mono/EditorSceneManager.bindings.cs:84)
UnityEditor.PreviewScene:.ctor (string) (at /Users/bokken/buildslave/unity/build/Editor/Mono/Inspector/PreviewRenderUtility.cs:22)
UnityEditor.PreviewRenderUtility:.ctor () (at /Users/bokken/buildslave/unity/build/Editor/Mono/Inspector/PreviewRenderUtility.cs:109)
UnityEditor.Texture3DPreview:InitPreviewUtility () (at /Users/bokken/buildslave/unity/build/Editor/Mono/Inspector/Texture3DPreview.cs:209)
UnityEditor.Texture3DPreview:OnEnable () (at /Users/bokken/buildslave/unity/build/Editor/Mono/Inspector/Texture3DPreview.cs:193)
UnityEngine.ScriptableObject:CreateInstance (System.Type) (at /Users/bokken/buildslave/unity/build/Runtime/Export/Scripting/ScriptableObject.bindings.cs:35)
UnityEngine.ScriptableObject:CreateInstance<UnityEditor.Texture3DPreview> () (at /Users/bokken/buildslave/unity/build/Runtime/Export/Scripting/ScriptableObject.bindings.cs:41)
UnityEditor.TextureInspector:OnEnable () (at /Users/bokken/buildslave/unity/build/Editor/Mono/Inspector/TextureInspector.cs:170)
UnityEditor.Editor:CreateEditorWithContext (UnityEngine.Object[],UnityEngine.Object,System.Type) (at /Users/bokken/buildslave/unity/build/Editor/Mono/Inspector/Editor.cs:515)
UnityEditor.Editor:CreateEditor (UnityEngine.Object,System.Type) (at /Users/bokken/buildslave/unity/build/Editor/Mono/Inspector/Editor.cs:559)
UnityEditor.Editor:CreateEditor (UnityEngine.Object) (at /Users/bokken/buildslave/unity/build/Editor/Mono/Inspector/Editor.cs:554)
UnityEditor.AssetPreviewUpdater:CreatePreview (UnityEngine.Object,UnityEngine.Object[],string,int,int) (at /Users/bokken/buildslave/unity/build/Editor/Mono/AssetPreviewUpdater.cs:33)
UnityEditor.AssetPreviewUpdater:CreatePreviewForAsset (UnityEngine.Object,UnityEngine.Object[],string) (at /Users/bokken/buildslave/unity/build/Editor/Mono/AssetPreviewUpdater.cs:9)

[./Editor/Src/SceneManager/EditorSceneManager.cpp line 680]

 -> (artifact id: '3b321044a3b3d204cb81fa24f2e45bbc') in 0.078480 seconds 
========================================================================
Received Prepare
Registering precompiled user dll's ...
Registered in 0.002845 seconds.
Begin MonoManager ReloadAssembly
Thread 0x292e23000 may have been prematurely finalized
Symbol file LoadedFromMemory doesn't match image /Users/henrymoss/Documents/GitHub/Sigil-Game/Library/PackageCache/com.unity.visualscripting@1.7.6/Editor/VisualScripting.Core/Dependencies/YamlDotNet/Unity.VisualScripting.YamlDotNet.dll
Symbol file LoadedFromMemory doesn't match image /Users/henrymoss/Documents/GitHub/Sigil-Game/Library/PackageCache/com.unity.visualscripting@1.7.6/Editor/VisualScripting.Core/Dependencies/DotNetZip/Unity.VisualScripting.IonicZip.dll
Native extension for LinuxStandalone target not found
Native extension for WindowsStandalone target not found
Native extension for OSXStandalone target not found
Refreshing native plugins compatible for Editor in 0.64 ms, found 2 plugins.
Preloading 0 native plugins for Editor in 0.00 ms.
Unable to allocate new scene culling mask
UnityEngine.StackTraceUtility:ExtractStackTrace () (at /Users/bokken/buildslave/unity/build/Runtime/Export/Scripting/StackTrace.cs:37)
UnityEditor.SceneManagement.EditorSceneManager:NewPreviewScene (bool)
UnityEditor.SceneManagement.EditorSceneManager:NewPreviewScene () (at /Users/bokken/buildslave/unity/build/Editor/Mono/EditorSceneManager.bindings.cs:84)
UnityEditor.PreviewScene:.ctor (string) (at /Users/bokken/buildslave/unity/build/Editor/Mono/Inspector/PreviewRenderUtility.cs:22)
UnityEditor.PreviewRenderUtility:.ctor () (at /Users/bokken/buildslave/unity/build/Editor/Mono/Inspector/PreviewRenderUtility.cs:109)
UnityEditor.Texture3DPreview:InitPreviewUtility () (at /Users/bokken/buildslave/unity/build/Editor/Mono/Inspector/Texture3DPreview.cs:209)
UnityEditor.Texture3DPreview:OnEnable () (at /Users/bokken/buildslave/unity/build/Editor/Mono/Inspector/Texture3DPreview.cs:193)

[/Users/bokken/buildslave/unity/build/Editor/Mono/EditorSceneManager.bindings.cs line 84]

Unable to allocate new scene culling mask
UnityEngine.StackTraceUtility:ExtractStackTrace () (at /Users/bokken/buildslave/unity/build/Runtime/Export/Scripting/StackTrace.cs:37)
UnityEditor.SceneManagement.EditorSceneManager:NewPreviewScene (bool)
UnityEditor.SceneManagement.EditorSceneManager:NewPreviewScene () (at /Users/bokken/buildslave/unity/build/Editor/Mono/EditorSceneManager.bindings.cs:84)
UnityEditor.PreviewScene:.ctor (string) (at /Users/bokken/buildslave/unity/build/Editor/Mono/Inspector/PreviewRenderUtility.cs:22)
UnityEditor.PreviewRenderUtility:.ctor () (at /Users/bokken/buildslave/unity/build/Editor/Mono/Inspector/PreviewRenderUtility.cs:109)
UnityEditor.Texture3DPreview:InitPreviewUtility () (at /Users/bokken/buildslave/unity/build/Editor/Mono/Inspector/Texture3DPreview.cs:209)
UnityEditor.Texture3DPreview:OnEnable () (at /Users/bokken/buildslave/unity/build/Editor/Mono/Inspector/Texture3DPreview.cs:193)

[/Users/bokken/buildslave/unity/build/Editor/Mono/EditorSceneManager.bindings.cs line 84]

Unable to allocate new scene culling mask
UnityEngine.StackTraceUtility:ExtractStackTrace () (at /Users/bokken/buildslave/unity/build/Runtime/Export/Scripting/StackTrace.cs:37)
UnityEditor.SceneManagement.EditorSceneManager:NewPreviewScene (bool)
UnityEditor.SceneManagement.EditorSceneManager:NewPreviewScene () (at /Users/bokken/buildslave/unity/build/Editor/Mono/EditorSceneManager.bindings.cs:84)
UnityEditor.PreviewScene:.ctor (string) (at /Users/bokken/buildslave/unity/build/Editor/Mono/Inspector/PreviewRenderUtility.cs:22)
UnityEditor.PreviewRenderUtility:.ctor () (at /Users/bokken/buildslave/unity/build/Editor/Mono/Inspector/PreviewRenderUtility.cs:109)
UnityEditor.Texture3DPreview:InitPreviewUtility () (at /Users/bokken/buildslave/unity/build/Editor/Mono/Inspector/Texture3DPreview.cs:209)
UnityEditor.Texture3DPreview:OnEnable () (at /Users/bokken/buildslave/unity/build/Editor/Mono/Inspector/Texture3DPreview.cs:193)

[/Users/bokken/buildslave/unity/build/Editor/Mono/EditorSceneManager.bindings.cs line 84]

Unable to allocate new scene culling mask
UnityEngine.StackTraceUtility:ExtractStackTrace () (at /Users/bokken/buildslave/unity/build/Runtime/Export/Scripting/StackTrace.cs:37)
UnityEditor.SceneManagement.EditorSceneManager:NewPreviewScene (bool)
UnityEditor.SceneManagement.EditorSceneManager:NewPreviewScene () (at /Users/bokken/buildslave/unity/build/Editor/Mono/EditorSceneManager.bindings.cs:84)
UnityEditor.PreviewScene:.ctor (string) (at /Users/bokken/buildslave/unity/build/Editor/Mono/Inspector/PreviewRenderUtility.cs:22)
UnityEditor.PreviewRenderUtility:.ctor () (at /Users/bokken/buildslave/unity/build/Editor/Mono/Inspector/PreviewRenderUtility.cs:109)
UnityEditor.Texture3DPreview:InitPreviewUtility () (at /Users/bokken/buildslave/unity/build/Editor/Mono/Inspector/Texture3DPreview.cs:209)
UnityEditor.Texture3DPreview:OnEnable () (at /Users/bokken/buildslave/unity/build/Editor/Mono/Inspector/Texture3DPreview.cs:193)

[/Users/bokken/buildslave/unity/build/Editor/Mono/EditorSceneManager.bindings.cs line 84]

Unable to allocate new scene culling mask
UnityEngine.StackTraceUtility:ExtractStackTrace () (at /Users/bokken/buildslave/unity/build/Runtime/Export/Scripting/StackTrace.cs:37)
UnityEditor.SceneManagement.EditorSceneManager:NewPreviewScene (bool)
UnityEditor.SceneManagement.EditorSceneManager:NewPreviewScene () (at /Users/bokken/buildslave/unity/build/Editor/Mono/EditorSceneManager.bindings.cs:84)
UnityEditor.PreviewScene:.ctor (string) (at /Users/bokken/buildslave/unity/build/Editor/Mono/Inspector/PreviewRenderUtility.cs:22)
UnityEditor.PreviewRenderUtility:.ctor () (at /Users/bokken/buildslave/unity/build/Editor/Mono/Inspector/PreviewRenderUtility.cs:109)
UnityEditor.Texture3DPreview:InitPreviewUtility () (at /Users/bokken/buildslave/unity/build/Editor/Mono/Inspector/Texture3DPreview.cs:209)
UnityEditor.Texture3DPreview:OnEnable () (at /Users/bokken/buildslave/unity/build/Editor/Mono/Inspector/Texture3DPreview.cs:193)

[/Users/bokken/buildslave/unity/build/Editor/Mono/EditorSceneManager.bindings.cs line 84]

Unable to allocate new scene culling mask
UnityEngine.StackTraceUtility:ExtractStackTrace () (at /Users/bokken/buildslave/unity/build/Runtime/Export/Scripting/StackTrace.cs:37)
UnityEditor.SceneManagement.EditorSceneManager:NewPreviewScene (bool)
UnityEditor.SceneManagement.EditorSceneManager:NewPreviewScene () (at /Users/bokken/buildslave/unity/build/Editor/Mono/EditorSceneManager.bindings.cs:84)
UnityEditor.PreviewScene:.ctor (string) (at /Users/bokken/buildslave/unity/build/Editor/Mono/Inspector/PreviewRenderUtility.cs:22)
UnityEditor.PreviewRenderUtility:.ctor () (at /Users/bokken/buildslave/unity/build/Editor/Mono/Inspector/PreviewRenderUtility.cs:109)
UnityEditor.Texture3DPreview:InitPreviewUtility () (at /Users/bokken/buildslave/unity/build/Editor/Mono/Inspector/Texture3DPreview.cs:209)
UnityEditor.Texture3DPreview:OnEnable () (at /Users/bokken/buildslave/unity/build/Editor/Mono/Inspector/Texture3DPreview.cs:193)

[/Users/bokken/buildslave/unity/build/Editor/Mono/EditorSceneManager.bindings.cs line 84]

Unable to allocate new scene culling mask
UnityEngine.StackTraceUtility:ExtractStackTrace () (at /Users/bokken/buildslave/unity/build/Runtime/Export/Scripting/StackTrace.cs:37)
UnityEditor.SceneManagement.EditorSceneManager:NewPreviewScene (bool)
UnityEditor.SceneManagement.EditorSceneManager:NewPreviewScene () (at /Users/bokken/buildslave/unity/build/Editor/Mono/EditorSceneManager.bindings.cs:84)
UnityEditor.PreviewScene:.ctor (string) (at /Users/bokken/buildslave/unity/build/Editor/Mono/Inspector/PreviewRenderUtility.cs:22)
UnityEditor.PreviewRenderUtility:.ctor () (at /Users/bokken/buildslave/unity/build/Editor/Mono/Inspector/PreviewRenderUtility.cs:109)
UnityEditor.Texture3DPreview:InitPreviewUtility () (at /Users/bokken/buildslave/unity/build/Editor/Mono/Inspector/Texture3DPreview.cs:209)
UnityEditor.Texture3DPreview:OnEnable () (at /Users/bokken/buildslave/unity/build/Editor/Mono/Inspector/Texture3DPreview.cs:193)

[/Users/bokken/buildslave/unity/build/Editor/Mono/EditorSceneManager.bindings.cs line 84]

Unable to allocate new scene culling mask
UnityEngine.StackTraceUtility:ExtractStackTrace () (at /Users/bokken/buildslave/unity/build/Runtime/Export/Scripting/StackTrace.cs:37)
UnityEditor.SceneManagement.EditorSceneManager:NewPreviewScene (bool)
UnityEditor.SceneManagement.EditorSceneManager:NewPreviewScene () (at /Users/bokken/buildslave/unity/build/Editor/Mono/EditorSceneManager.bindings.cs:84)
UnityEditor.PreviewScene:.ctor (string) (at /Users/bokken/buildslave/unity/build/Editor/Mono/Inspector/PreviewRenderUtility.cs:22)
UnityEditor.PreviewRenderUtility:.ctor () (at /Users/bokken/buildslave/unity/build/Editor/Mono/Inspector/PreviewRenderUtility.cs:109)
UnityEditor.Texture3DPreview:InitPreviewUtility () (at /Users/bokken/buildslave/unity/build/Editor/Mono/Inspector/Texture3DPreview.cs:209)
UnityEditor.Texture3DPreview:OnEnable () (at /Users/bokken/buildslave/unity/build/Editor/Mono/Inspector/Texture3DPreview.cs:193)

[/Users/bokken/buildslave/unity/build/Editor/Mono/EditorSceneManager.bindings.cs line 84]

Unable to allocate new scene culling mask
UnityEngine.StackTraceUtility:ExtractStackTrace () (at /Users/bokken/buildslave/unity/build/Runtime/Export/Scripting/StackTrace.cs:37)
UnityEditor.SceneManagement.EditorSceneManager:NewPreviewScene (bool)
UnityEditor.SceneManagement.EditorSceneManager:NewPreviewScene () (at /Users/bokken/buildslave/unity/build/Editor/Mono/EditorSceneManager.bindings.cs:84)
UnityEditor.PreviewScene:.ctor (string) (at /Users/bokken/buildslave/unity/build/Editor/Mono/Inspector/PreviewRenderUtility.cs:22)
UnityEditor.PreviewRenderUtility:.ctor () (at /Users/bokken/buildslave/unity/build/Editor/Mono/Inspector/PreviewRenderUtility.cs:109)
UnityEditor.Texture3DPreview:InitPreviewUtility () (at /Users/bokken/buildslave/unity/build/Editor/Mono/Inspector/Texture3DPreview.cs:209)
UnityEditor.Texture3DPreview:OnEnable () (at /Users/bokken/buildslave/unity/build/Editor/Mono/Inspector/Texture3DPreview.cs:193)

[/Users/bokken/buildslave/unity/build/Editor/Mono/EditorSceneManager.bindings.cs line 84]

Unable to allocate new scene culling mask
UnityEngine.StackTraceUtility:ExtractStackTrace () (at /Users/bokken/buildslave/unity/build/Runtime/Export/Scripting/StackTrace.cs:37)
UnityEditor.SceneManagement.EditorSceneManager:NewPreviewScene (bool)
UnityEditor.SceneManagement.EditorSceneManager:NewPreviewScene () (at /Users/bokken/buildslave/unity/build/Editor/Mono/EditorSceneManager.bindings.cs:84)
UnityEditor.PreviewScene:.ctor (string) (at /Users/bokken/buildslave/unity/build/Editor/Mono/Inspector/PreviewRenderUtility.cs:22)
UnityEditor.PreviewRenderUtility:.ctor () (at /Users/bokken/buildslave/unity/build/Editor/Mono/Inspector/PreviewRenderUtility.cs:109)
UnityEditor.Texture3DPreview:InitPreviewUtility () (at /Users/bokken/buildslave/unity/build/Editor/Mono/Inspector/Texture3DPreview.cs:209)
UnityEditor.Texture3DPreview:OnEnable () (at /Users/bokken/buildslave/unity/build/Editor/Mono/Inspector/Texture3DPreview.cs:193)

[/Users/bokken/buildslave/unity/build/Editor/Mono/EditorSceneManager.bindings.cs line 84]

Unable to allocate new scene culling mask
UnityEngine.StackTraceUtility:ExtractStackTrace () (at /Users/bokken/buildslave/unity/build/Runtime/Export/Scripting/StackTrace.cs:37)
UnityEditor.SceneManagement.EditorSceneManager:NewPreviewScene (bool)
UnityEditor.SceneManagement.EditorSceneManager:NewPreviewScene () (at /Users/bokken/buildslave/unity/build/Editor/Mono/EditorSceneManager.bindings.cs:84)
UnityEditor.PreviewScene:.ctor (string) (at /Users/bokken/buildslave/unity/build/Editor/Mono/Inspector/PreviewRenderUtility.cs:22)
UnityEditor.PreviewRenderUtility:.ctor () (at /Users/bokken/buildslave/unity/build/Editor/Mono/Inspector/PreviewRenderUtility.cs:109)
UnityEditor.Texture3DPreview:InitPreviewUtility () (at /Users/bokken/buildslave/unity/build/Editor/Mono/Inspector/Texture3DPreview.cs:209)
UnityEditor.Texture3DPreview:OnEnable () (at /Users/bokken/buildslave/unity/build/Editor/Mono/Inspector/Texture3DPreview.cs:193)

[/Users/bokken/buildslave/unity/build/Editor/Mono/EditorSceneManager.bindings.cs line 84]

Mono: successfully reloaded assembly
- Completed reload, in  1.185 seconds
Domain Reload Profiling:
	ReloadAssembly (1185ms)
		BeginReloadAssembly (104ms)
			ExecutionOrderSort (0ms)
			DisableScriptedObjects (8ms)
			BackupInstance (0ms)
			ReleaseScriptingObjects (0ms)
			CreateAndSetChildDomain (41ms)
		EndReloadAssembly (978ms)
			LoadAssemblies (38ms)
			RebuildTransferFunctionScriptingTraits (0ms)
			SetupTypeCache (283ms)
			ReleaseScriptCaches (2ms)
			RebuildScriptCaches (104ms)
			SetupLoadedEditorAssemblies (415ms)
				LogAssemblyErrors (0ms)
				InitializePlatformSupportModulesInManaged (21ms)
				SetLoadedEditorAssemblies (1ms)
				RefreshPlugins (1ms)
				BeforeProcessingInitializeOnLoad (123ms)
				ProcessInitializeOnLoadAttributes (245ms)
				ProcessInitializeOnLoadMethodAttributes (24ms)
				AfterProcessingInitializeOnLoad (2ms)
				EditorAssembliesLoaded (0ms)
			ExecutionOrderSort2 (0ms)
			AwakeInstancesAfterBackupRestoration (16ms)
Platform modules already initialized, skipping
Refreshing native plugins compatible for Editor in 0.57 ms, found 2 plugins.
Preloading 0 native plugins for Editor in 0.00 ms.
Unloading 3102 Unused Serialized files (Serialized files now loaded: 0)
Unloading 18 unused Assets / (22.1 KB). Loaded Objects now: 4737.
Memory consumption went from 279.7 MB to 279.7 MB.
Total: 3.385042 ms (FindLiveObjects: 0.245834 ms CreateObjectMapping: 0.075125 ms MarkObjects: 3.041750 ms  DeleteObjects: 0.021459 ms)

AssetImportParameters requested are different than current active one (requested -> active):
  custom:video-decoder-ogg-theora: a1e56fd34408186e4bbccfd4996cb3dc -> 
  custom:container-muxer-webm: aa71ff27fc2769a1b78a27578f13a17b -> 
  custom:container-demuxer-webm: 4f35f7cbe854078d1ac9338744f61a02 -> 
  custom:video-encoder-webm-vp8: eb34c28f22e8b96e1ab97ce403110664 -> 
  custom:framework-osx-AVFoundation: e770b220cccbd017edd2c1fefb359320 -> 
  custom:audio-encoder-webm-vorbis: bf7c407c2cedff20999df2af8eb42d56 -> 
  custom:container-demuxer-ogg: 62fdf1f143b41e24485cea50d1cbac27 -> 
  custom:video-decoder-webm-vp8: 9c59270c3fd7afecdb556c50c9e8de78 -> 
  custom:audio-decoder-ogg-vorbis: bf7c407c2cedff20999df2af8eb42d56 -> 
========================================================================
Received Prepare
Registering precompiled user dll's ...
Registered in 0.003055 seconds.
Begin MonoManager ReloadAssembly
Thread 0x286f07000 may have been prematurely finalized
Symbol file LoadedFromMemory doesn't match image /Users/henrymoss/Documents/GitHub/Sigil-Game/Library/PackageCache/com.unity.visualscripting@1.7.6/Editor/VisualScripting.Core/Dependencies/YamlDotNet/Unity.VisualScripting.YamlDotNet.dll
Symbol file LoadedFromMemory doesn't match image /Users/henrymoss/Documents/GitHub/Sigil-Game/Library/PackageCache/com.unity.visualscripting@1.7.6/Editor/VisualScripting.Core/Dependencies/DotNetZip/Unity.VisualScripting.IonicZip.dll
Native extension for LinuxStandalone target not found
Native extension for WindowsStandalone target not found
Native extension for OSXStandalone target not found
Refreshing native plugins compatible for Editor in 0.56 ms, found 2 plugins.
Preloading 0 native plugins for Editor in 0.00 ms.
Unable to allocate new scene culling mask
UnityEngine.StackTraceUtility:ExtractStackTrace () (at /Users/bokken/buildslave/unity/build/Runtime/Export/Scripting/StackTrace.cs:37)
UnityEditor.SceneManagement.EditorSceneManager:NewPreviewScene (bool)
UnityEditor.SceneManagement.EditorSceneManager:NewPreviewScene () (at /Users/bokken/buildslave/unity/build/Editor/Mono/EditorSceneManager.bindings.cs:84)
UnityEditor.PreviewScene:.ctor (string) (at /Users/bokken/buildslave/unity/build/Editor/Mono/Inspector/PreviewRenderUtility.cs:22)
UnityEditor.PreviewRenderUtility:.ctor () (at /Users/bokken/buildslave/unity/build/Editor/Mono/Inspector/PreviewRenderUtility.cs:109)
UnityEditor.Texture3DPreview:InitPreviewUtility () (at /Users/bokken/buildslave/unity/build/Editor/Mono/Inspector/Texture3DPreview.cs:209)
UnityEditor.Texture3DPreview:OnEnable () (at /Users/bokken/buildslave/unity/build/Editor/Mono/Inspector/Texture3DPreview.cs:193)

[/Users/bokken/buildslave/unity/build/Editor/Mono/EditorSceneManager.bindings.cs line 84]

Unable to allocate new scene culling mask
UnityEngine.StackTraceUtility:ExtractStackTrace () (at /Users/bokken/buildslave/unity/build/Runtime/Export/Scripting/StackTrace.cs:37)
UnityEditor.SceneManagement.EditorSceneManager:NewPreviewScene (bool)
UnityEditor.SceneManagement.EditorSceneManager:NewPreviewScene () (at /Users/bokken/buildslave/unity/build/Editor/Mono/EditorSceneManager.bindings.cs:84)
UnityEditor.PreviewScene:.ctor (string) (at /Users/bokken/buildslave/unity/build/Editor/Mono/Inspector/PreviewRenderUtility.cs:22)
UnityEditor.PreviewRenderUtility:.ctor () (at /Users/bokken/buildslave/unity/build/Editor/Mono/Inspector/PreviewRenderUtility.cs:109)
UnityEditor.Texture3DPreview:InitPreviewUtility () (at /Users/bokken/buildslave/unity/build/Editor/Mono/Inspector/Texture3DPreview.cs:209)
UnityEditor.Texture3DPreview:OnEnable () (at /Users/bokken/buildslave/unity/build/Editor/Mono/Inspector/Texture3DPreview.cs:193)

[/Users/bokken/buildslave/unity/build/Editor/Mono/EditorSceneManager.bindings.cs line 84]

Unable to allocate new scene culling mask
UnityEngine.StackTraceUtility:ExtractStackTrace () (at /Users/bokken/buildslave/unity/build/Runtime/Export/Scripting/StackTrace.cs:37)
UnityEditor.SceneManagement.EditorSceneManager:NewPreviewScene (bool)
UnityEditor.SceneManagement.EditorSceneManager:NewPreviewScene () (at /Users/bokken/buildslave/unity/build/Editor/Mono/EditorSceneManager.bindings.cs:84)
UnityEditor.PreviewScene:.ctor (string) (at /Users/bokken/buildslave/unity/build/Editor/Mono/Inspector/PreviewRenderUtility.cs:22)
UnityEditor.PreviewRenderUtility:.ctor () (at /Users/bokken/buildslave/unity/build/Editor/Mono/Inspector/PreviewRenderUtility.cs:109)
UnityEditor.Texture3DPreview:InitPreviewUtility () (at /Users/bokken/buildslave/unity/build/Editor/Mono/Inspector/Texture3DPreview.cs:209)
UnityEditor.Texture3DPreview:OnEnable () (at /Users/bokken/buildslave/unity/build/Editor/Mono/Inspector/Texture3DPreview.cs:193)

[/Users/bokken/buildslave/unity/build/Editor/Mono/EditorSceneManager.bindings.cs line 84]

Unable to allocate new scene culling mask
UnityEngine.StackTraceUtility:ExtractStackTrace () (at /Users/bokken/buildslave/unity/build/Runtime/Export/Scripting/StackTrace.cs:37)
UnityEditor.SceneManagement.EditorSceneManager:NewPreviewScene (bool)
UnityEditor.SceneManagement.EditorSceneManager:NewPreviewScene () (at /Users/bokken/buildslave/unity/build/Editor/Mono/EditorSceneManager.bindings.cs:84)
UnityEditor.PreviewScene:.ctor (string) (at /Users/bokken/buildslave/unity/build/Editor/Mono/Inspector/PreviewRenderUtility.cs:22)
UnityEditor.PreviewRenderUtility:.ctor () (at /Users/bokken/buildslave/unity/build/Editor/Mono/Inspector/PreviewRenderUtility.cs:109)
UnityEditor.Texture3DPreview:InitPreviewUtility () (at /Users/bokken/buildslave/unity/build/Editor/Mono/Inspector/Texture3DPreview.cs:209)
UnityEditor.Texture3DPreview:OnEnable () (at /Users/bokken/buildslave/unity/build/Editor/Mono/Inspector/Texture3DPreview.cs:193)

[/Users/bokken/buildslave/unity/build/Editor/Mono/EditorSceneManager.bindings.cs line 84]

Unable to allocate new scene culling mask
UnityEngine.StackTraceUtility:ExtractStackTrace () (at /Users/bokken/buildslave/unity/build/Runtime/Export/Scripting/StackTrace.cs:37)
UnityEditor.SceneManagement.EditorSceneManager:NewPreviewScene (bool)
UnityEditor.SceneManagement.EditorSceneManager:NewPreviewScene () (at /Users/bokken/buildslave/unity/build/Editor/Mono/EditorSceneManager.bindings.cs:84)
UnityEditor.PreviewScene:.ctor (string) (at /Users/bokken/buildslave/unity/build/Editor/Mono/Inspector/PreviewRenderUtility.cs:22)
UnityEditor.PreviewRenderUtility:.ctor () (at /Users/bokken/buildslave/unity/build/Editor/Mono/Inspector/PreviewRenderUtility.cs:109)
UnityEditor.Texture3DPreview:InitPreviewUtility () (at /Users/bokken/buildslave/unity/build/Editor/Mono/Inspector/Texture3DPreview.cs:209)
UnityEditor.Texture3DPreview:OnEnable () (at /Users/bokken/buildslave/unity/build/Editor/Mono/Inspector/Texture3DPreview.cs:193)

[/Users/bokken/buildslave/unity/build/Editor/Mono/EditorSceneManager.bindings.cs line 84]

Unable to allocate new scene culling mask
UnityEngine.StackTraceUtility:ExtractStackTrace () (at /Users/bokken/buildslave/unity/build/Runtime/Export/Scripting/StackTrace.cs:37)
UnityEditor.SceneManagement.EditorSceneManager:NewPreviewScene (bool)
UnityEditor.SceneManagement.EditorSceneManager:NewPreviewScene () (at /Users/bokken/buildslave/unity/build/Editor/Mono/EditorSceneManager.bindings.cs:84)
UnityEditor.PreviewScene:.ctor (string) (at /Users/bokken/buildslave/unity/build/Editor/Mono/Inspector/PreviewRenderUtility.cs:22)
UnityEditor.PreviewRenderUtility:.ctor () (at /Users/bokken/buildslave/unity/build/Editor/Mono/Inspector/PreviewRenderUtility.cs:109)
UnityEditor.Texture3DPreview:InitPreviewUtility () (at /Users/bokken/buildslave/unity/build/Editor/Mono/Inspector/Texture3DPreview.cs:209)
UnityEditor.Texture3DPreview:OnEnable () (at /Users/bokken/buildslave/unity/build/Editor/Mono/Inspector/Texture3DPreview.cs:193)

[/Users/bokken/buildslave/unity/build/Editor/Mono/EditorSceneManager.bindings.cs line 84]

Unable to allocate new scene culling mask
UnityEngine.StackTraceUtility:ExtractStackTrace () (at /Users/bokken/buildslave/unity/build/Runtime/Export/Scripting/StackTrace.cs:37)
UnityEditor.SceneManagement.EditorSceneManager:NewPreviewScene (bool)
UnityEditor.SceneManagement.EditorSceneManager:NewPreviewScene () (at /Users/bokken/buildslave/unity/build/Editor/Mono/EditorSceneManager.bindings.cs:84)
UnityEditor.PreviewScene:.ctor (string) (at /Users/bokken/buildslave/unity/build/Editor/Mono/Inspector/PreviewRenderUtility.cs:22)
UnityEditor.PreviewRenderUtility:.ctor () (at /Users/bokken/buildslave/unity/build/Editor/Mono/Inspector/PreviewRenderUtility.cs:109)
UnityEditor.Texture3DPreview:InitPreviewUtility () (at /Users/bokken/buildslave/unity/build/Editor/Mono/Inspector/Texture3DPreview.cs:209)
UnityEditor.Texture3DPreview:OnEnable () (at /Users/bokken/buildslave/unity/build/Editor/Mono/Inspector/Texture3DPreview.cs:193)

[/Users/bokken/buildslave/unity/build/Editor/Mono/EditorSceneManager.bindings.cs line 84]

Unable to allocate new scene culling mask
UnityEngine.StackTraceUtility:ExtractStackTrace () (at /Users/bokken/buildslave/unity/build/Runtime/Export/Scripting/StackTrace.cs:37)
UnityEditor.SceneManagement.EditorSceneManager:NewPreviewScene (bool)
UnityEditor.SceneManagement.EditorSceneManager:NewPreviewScene () (at /Users/bokken/buildslave/unity/build/Editor/Mono/EditorSceneManager.bindings.cs:84)
UnityEditor.PreviewScene:.ctor (string) (at /Users/bokken/buildslave/unity/build/Editor/Mono/Inspector/PreviewRenderUtility.cs:22)
UnityEditor.PreviewRenderUtility:.ctor () (at /Users/bokken/buildslave/unity/build/Editor/Mono/Inspector/PreviewRenderUtility.cs:109)
UnityEditor.Texture3DPreview:InitPreviewUtility () (at /Users/bokken/buildslave/unity/build/Editor/Mono/Inspector/Texture3DPreview.cs:209)
UnityEditor.Texture3DPreview:OnEnable () (at /Users/bokken/buildslave/unity/build/Editor/Mono/Inspector/Texture3DPreview.cs:193)

[/Users/bokken/buildslave/unity/build/Editor/Mono/EditorSceneManager.bindings.cs line 84]

Unable to allocate new scene culling mask
UnityEngine.StackTraceUtility:ExtractStackTrace () (at /Users/bokken/buildslave/unity/build/Runtime/Export/Scripting/StackTrace.cs:37)
UnityEditor.SceneManagement.EditorSceneManager:NewPreviewScene (bool)
UnityEditor.SceneManagement.EditorSceneManager:NewPreviewScene () (at /Users/bokken/buildslave/unity/build/Editor/Mono/EditorSceneManager.bindings.cs:84)
UnityEditor.PreviewScene:.ctor (string) (at /Users/bokken/buildslave/unity/build/Editor/Mono/Inspector/PreviewRenderUtility.cs:22)
UnityEditor.PreviewRenderUtility:.ctor () (at /Users/bokken/buildslave/unity/build/Editor/Mono/Inspector/PreviewRenderUtility.cs:109)
UnityEditor.Texture3DPreview:InitPreviewUtility () (at /Users/bokken/buildslave/unity/build/Editor/Mono/Inspector/Texture3DPreview.cs:209)
UnityEditor.Texture3DPreview:OnEnable () (at /Users/bokken/buildslave/unity/build/Editor/Mono/Inspector/Texture3DPreview.cs:193)

[/Users/bokken/buildslave/unity/build/Editor/Mono/EditorSceneManager.bindings.cs line 84]

Unable to allocate new scene culling mask
UnityEngine.StackTraceUtility:ExtractStackTrace () (at /Users/bokken/buildslave/unity/build/Runtime/Export/Scripting/StackTrace.cs:37)
UnityEditor.SceneManagement.EditorSceneManager:NewPreviewScene (bool)
UnityEditor.SceneManagement.EditorSceneManager:NewPreviewScene () (at /Users/bokken/buildslave/unity/build/Editor/Mono/EditorSceneManager.bindings.cs:84)
UnityEditor.PreviewScene:.ctor (string) (at /Users/bokken/buildslave/unity/build/Editor/Mono/Inspector/PreviewRenderUtility.cs:22)
UnityEditor.PreviewRenderUtility:.ctor () (at /Users/bokken/buildslave/unity/build/Editor/Mono/Inspector/PreviewRenderUtility.cs:109)
UnityEditor.Texture3DPreview:InitPreviewUtility () (at /Users/bokken/buildslave/unity/build/Editor/Mono/Inspector/Texture3DPreview.cs:209)
UnityEditor.Texture3DPreview:OnEnable () (at /Users/bokken/buildslave/unity/build/Editor/Mono/Inspector/Texture3DPreview.cs:193)

[/Users/bokken/buildslave/unity/build/Editor/Mono/EditorSceneManager.bindings.cs line 84]

Unable to allocate new scene culling mask
UnityEngine.StackTraceUtility:ExtractStackTrace () (at /Users/bokken/buildslave/unity/build/Runtime/Export/Scripting/StackTrace.cs:37)
UnityEditor.SceneManagement.EditorSceneManager:NewPreviewScene (bool)
UnityEditor.SceneManagement.EditorSceneManager:NewPreviewScene () (at /Users/bokken/buildslave/unity/build/Editor/Mono/EditorSceneManager.bindings.cs:84)
UnityEditor.PreviewScene:.ctor (string) (at /Users/bokken/buildslave/unity/build/Editor/Mono/Inspector/PreviewRenderUtility.cs:22)
UnityEditor.PreviewRenderUtility:.ctor () (at /Users/bokken/buildslave/unity/build/Editor/Mono/Inspector/PreviewRenderUtility.cs:109)
UnityEditor.Texture3DPreview:InitPreviewUtility () (at /Users/bokken/buildslave/unity/build/Editor/Mono/Inspector/Texture3DPreview.cs:209)
UnityEditor.Texture3DPreview:OnEnable () (at /Users/bokken/buildslave/unity/build/Editor/Mono/Inspector/Texture3DPreview.cs:193)

[/Users/bokken/buildslave/unity/build/Editor/Mono/EditorSceneManager.bindings.cs line 84]

Mono: successfully reloaded assembly
- Completed reload, in  1.093 seconds
Domain Reload Profiling:
	ReloadAssembly (1094ms)
		BeginReloadAssembly (107ms)
			ExecutionOrderSort (0ms)
			DisableScriptedObjects (9ms)
			BackupInstance (0ms)
			ReleaseScriptingObjects (0ms)
			CreateAndSetChildDomain (43ms)
		EndReloadAssembly (883ms)
			LoadAssemblies (37ms)
			RebuildTransferFunctionScriptingTraits (0ms)
			SetupTypeCache (276ms)
			ReleaseScriptCaches (2ms)
			RebuildScriptCaches (71ms)
			SetupLoadedEditorAssemblies (402ms)
				LogAssemblyErrors (0ms)
				InitializePlatformSupportModulesInManaged (13ms)
				SetLoadedEditorAssemblies (1ms)
				RefreshPlugins (1ms)
				BeforeProcessingInitializeOnLoad (109ms)
				ProcessInitializeOnLoadAttributes (250ms)
				ProcessInitializeOnLoadMethodAttributes (28ms)
				AfterProcessingInitializeOnLoad (2ms)
				EditorAssembliesLoaded (0ms)
			ExecutionOrderSort2 (0ms)
			AwakeInstancesAfterBackupRestoration (22ms)
Platform modules already initialized, skipping
Refreshing native plugins compatible for Editor in 0.47 ms, found 2 plugins.
Preloading 0 native plugins for Editor in 0.00 ms.
Unloading 3101 Unused Serialized files (Serialized files now loaded: 0)
Unloading 18 unused Assets / (22.0 KB). Loaded Objects now: 4739.
Memory consumption went from 285.7 MB to 285.7 MB.
Total: 4.625333 ms (FindLiveObjects: 0.262791 ms CreateObjectMapping: 0.074792 ms MarkObjects: 4.265625 ms  DeleteObjects: 0.021625 ms)

AssetImportParameters requested are different than current active one (requested -> active):
  custom:video-decoder-ogg-theora: a1e56fd34408186e4bbccfd4996cb3dc -> 
  custom:container-muxer-webm: aa71ff27fc2769a1b78a27578f13a17b -> 
  custom:container-demuxer-webm: 4f35f7cbe854078d1ac9338744f61a02 -> 
  custom:video-encoder-webm-vp8: eb34c28f22e8b96e1ab97ce403110664 -> 
  custom:framework-osx-AVFoundation: e770b220cccbd017edd2c1fefb359320 -> 
  custom:audio-encoder-webm-vorbis: bf7c407c2cedff20999df2af8eb42d56 -> 
  custom:container-demuxer-ogg: 62fdf1f143b41e24485cea50d1cbac27 -> 
  custom:video-decoder-webm-vp8: 9c59270c3fd7afecdb556c50c9e8de78 -> 
  custom:audio-decoder-ogg-vorbis: bf7c407c2cedff20999df2af8eb42d56 -> 
========================================================================
Received Prepare
Registering precompiled user dll's ...
Registered in 0.002557 seconds.
Begin MonoManager ReloadAssembly
Thread 0x286f07000 may have been prematurely finalized
Symbol file LoadedFromMemory doesn't match image /Users/henrymoss/Documents/GitHub/Sigil-Game/Library/PackageCache/com.unity.visualscripting@1.7.6/Editor/VisualScripting.Core/Dependencies/YamlDotNet/Unity.VisualScripting.YamlDotNet.dll
Symbol file LoadedFromMemory doesn't match image /Users/henrymoss/Documents/GitHub/Sigil-Game/Library/PackageCache/com.unity.visualscripting@1.7.6/Editor/VisualScripting.Core/Dependencies/DotNetZip/Unity.VisualScripting.IonicZip.dll
Native extension for LinuxStandalone target not found
Native extension for WindowsStandalone target not found
Native extension for OSXStandalone target not found
Refreshing native plugins compatible for Editor in 0.51 ms, found 2 plugins.
Preloading 0 native plugins for Editor in 0.00 ms.
Unable to allocate new scene culling mask
UnityEngine.StackTraceUtility:ExtractStackTrace () (at /Users/bokken/buildslave/unity/build/Runtime/Export/Scripting/StackTrace.cs:37)
UnityEditor.SceneManagement.EditorSceneManager:NewPreviewScene (bool)
UnityEditor.SceneManagement.EditorSceneManager:NewPreviewScene () (at /Users/bokken/buildslave/unity/build/Editor/Mono/EditorSceneManager.bindings.cs:84)
UnityEditor.PreviewScene:.ctor (string) (at /Users/bokken/buildslave/unity/build/Editor/Mono/Inspector/PreviewRenderUtility.cs:22)
UnityEditor.PreviewRenderUtility:.ctor () (at /Users/bokken/buildslave/unity/build/Editor/Mono/Inspector/PreviewRenderUtility.cs:109)
UnityEditor.Texture3DPreview:InitPreviewUtility () (at /Users/bokken/buildslave/unity/build/Editor/Mono/Inspector/Texture3DPreview.cs:209)
UnityEditor.Texture3DPreview:OnEnable () (at /Users/bokken/buildslave/unity/build/Editor/Mono/Inspector/Texture3DPreview.cs:193)

[/Users/bokken/buildslave/unity/build/Editor/Mono/EditorSceneManager.bindings.cs line 84]

Unable to allocate new scene culling mask
UnityEngine.StackTraceUtility:ExtractStackTrace () (at /Users/bokken/buildslave/unity/build/Runtime/Export/Scripting/StackTrace.cs:37)
UnityEditor.SceneManagement.EditorSceneManager:NewPreviewScene (bool)
UnityEditor.SceneManagement.EditorSceneManager:NewPreviewScene () (at /Users/bokken/buildslave/unity/build/Editor/Mono/EditorSceneManager.bindings.cs:84)
UnityEditor.PreviewScene:.ctor (string) (at /Users/bokken/buildslave/unity/build/Editor/Mono/Inspector/PreviewRenderUtility.cs:22)
UnityEditor.PreviewRenderUtility:.ctor () (at /Users/bokken/buildslave/unity/build/Editor/Mono/Inspector/PreviewRenderUtility.cs:109)
UnityEditor.Texture3DPreview:InitPreviewUtility () (at /Users/bokken/buildslave/unity/build/Editor/Mono/Inspector/Texture3DPreview.cs:209)
UnityEditor.Texture3DPreview:OnEnable () (at /Users/bokken/buildslave/unity/build/Editor/Mono/Inspector/Texture3DPreview.cs:193)

[/Users/bokken/buildslave/unity/build/Editor/Mono/EditorSceneManager.bindings.cs line 84]

Unable to allocate new scene culling mask
UnityEngine.StackTraceUtility:ExtractStackTrace () (at /Users/bokken/buildslave/unity/build/Runtime/Export/Scripting/StackTrace.cs:37)
UnityEditor.SceneManagement.EditorSceneManager:NewPreviewScene (bool)
UnityEditor.SceneManagement.EditorSceneManager:NewPreviewScene () (at /Users/bokken/buildslave/unity/build/Editor/Mono/EditorSceneManager.bindings.cs:84)
UnityEditor.PreviewScene:.ctor (string) (at /Users/bokken/buildslave/unity/build/Editor/Mono/Inspector/PreviewRenderUtility.cs:22)
UnityEditor.PreviewRenderUtility:.ctor () (at /Users/bokken/buildslave/unity/build/Editor/Mono/Inspector/PreviewRenderUtility.cs:109)
UnityEditor.Texture3DPreview:InitPreviewUtility () (at /Users/bokken/buildslave/unity/build/Editor/Mono/Inspector/Texture3DPreview.cs:209)
UnityEditor.Texture3DPreview:OnEnable () (at /Users/bokken/buildslave/unity/build/Editor/Mono/Inspector/Texture3DPreview.cs:193)

[/Users/bokken/buildslave/unity/build/Editor/Mono/EditorSceneManager.bindings.cs line 84]

Unable to allocate new scene culling mask
UnityEngine.StackTraceUtility:ExtractStackTrace () (at /Users/bokken/buildslave/unity/build/Runtime/Export/Scripting/StackTrace.cs:37)
UnityEditor.SceneManagement.EditorSceneManager:NewPreviewScene (bool)
UnityEditor.SceneManagement.EditorSceneManager:NewPreviewScene () (at /Users/bokken/buildslave/unity/build/Editor/Mono/EditorSceneManager.bindings.cs:84)
UnityEditor.PreviewScene:.ctor (string) (at /Users/bokken/buildslave/unity/build/Editor/Mono/Inspector/PreviewRenderUtility.cs:22)
UnityEditor.PreviewRenderUtility:.ctor () (at /Users/bokken/buildslave/unity/build/Editor/Mono/Inspector/PreviewRenderUtility.cs:109)
UnityEditor.Texture3DPreview:InitPreviewUtility () (at /Users/bokken/buildslave/unity/build/Editor/Mono/Inspector/Texture3DPreview.cs:209)
UnityEditor.Texture3DPreview:OnEnable () (at /Users/bokken/buildslave/unity/build/Editor/Mono/Inspector/Texture3DPreview.cs:193)

[/Users/bokken/buildslave/unity/build/Editor/Mono/EditorSceneManager.bindings.cs line 84]

Unable to allocate new scene culling mask
UnityEngine.StackTraceUtility:ExtractStackTrace () (at /Users/bokken/buildslave/unity/build/Runtime/Export/Scripting/StackTrace.cs:37)
UnityEditor.SceneManagement.EditorSceneManager:NewPreviewScene (bool)
UnityEditor.SceneManagement.EditorSceneManager:NewPreviewScene () (at /Users/bokken/buildslave/unity/build/Editor/Mono/EditorSceneManager.bindings.cs:84)
UnityEditor.PreviewScene:.ctor (string) (at /Users/bokken/buildslave/unity/build/Editor/Mono/Inspector/PreviewRenderUtility.cs:22)
UnityEditor.PreviewRenderUtility:.ctor () (at /Users/bokken/buildslave/unity/build/Editor/Mono/Inspector/PreviewRenderUtility.cs:109)
UnityEditor.Texture3DPreview:InitPreviewUtility () (at /Users/bokken/buildslave/unity/build/Editor/Mono/Inspector/Texture3DPreview.cs:209)
UnityEditor.Texture3DPreview:OnEnable () (at /Users/bokken/buildslave/unity/build/Editor/Mono/Inspector/Texture3DPreview.cs:193)

[/Users/bokken/buildslave/unity/build/Editor/Mono/EditorSceneManager.bindings.cs line 84]

Unable to allocate new scene culling mask
UnityEngine.StackTraceUtility:ExtractStackTrace () (at /Users/bokken/buildslave/unity/build/Runtime/Export/Scripting/StackTrace.cs:37)
UnityEditor.SceneManagement.EditorSceneManager:NewPreviewScene (bool)
UnityEditor.SceneManagement.EditorSceneManager:NewPreviewScene () (at /Users/bokken/buildslave/unity/build/Editor/Mono/EditorSceneManager.bindings.cs:84)
UnityEditor.PreviewScene:.ctor (string) (at /Users/bokken/buildslave/unity/build/Editor/Mono/Inspector/PreviewRenderUtility.cs:22)
UnityEditor.PreviewRenderUtility:.ctor () (at /Users/bokken/buildslave/unity/build/Editor/Mono/Inspector/PreviewRenderUtility.cs:109)
UnityEditor.Texture3DPreview:InitPreviewUtility () (at /Users/bokken/buildslave/unity/build/Editor/Mono/Inspector/Texture3DPreview.cs:209)
UnityEditor.Texture3DPreview:OnEnable () (at /Users/bokken/buildslave/unity/build/Editor/Mono/Inspector/Texture3DPreview.cs:193)

[/Users/bokken/buildslave/unity/build/Editor/Mono/EditorSceneManager.bindings.cs line 84]

Unable to allocate new scene culling mask
UnityEngine.StackTraceUtility:ExtractStackTrace () (at /Users/bokken/buildslave/unity/build/Runtime/Export/Scripting/StackTrace.cs:37)
UnityEditor.SceneManagement.EditorSceneManager:NewPreviewScene (bool)
UnityEditor.SceneManagement.EditorSceneManager:NewPreviewScene () (at /Users/bokken/buildslave/unity/build/Editor/Mono/EditorSceneManager.bindings.cs:84)
UnityEditor.PreviewScene:.ctor (string) (at /Users/bokken/buildslave/unity/build/Editor/Mono/Inspector/PreviewRenderUtility.cs:22)
UnityEditor.PreviewRenderUtility:.ctor () (at /Users/bokken/buildslave/unity/build/Editor/Mono/Inspector/PreviewRenderUtility.cs:109)
UnityEditor.Texture3DPreview:InitPreviewUtility () (at /Users/bokken/buildslave/unity/build/Editor/Mono/Inspector/Texture3DPreview.cs:209)
UnityEditor.Texture3DPreview:OnEnable () (at /Users/bokken/buildslave/unity/build/Editor/Mono/Inspector/Texture3DPreview.cs:193)

[/Users/bokken/buildslave/unity/build/Editor/Mono/EditorSceneManager.bindings.cs line 84]

Unable to allocate new scene culling mask
UnityEngine.StackTraceUtility:ExtractStackTrace () (at /Users/bokken/buildslave/unity/build/Runtime/Export/Scripting/StackTrace.cs:37)
UnityEditor.SceneManagement.EditorSceneManager:NewPreviewScene (bool)
UnityEditor.SceneManagement.EditorSceneManager:NewPreviewScene () (at /Users/bokken/buildslave/unity/build/Editor/Mono/EditorSceneManager.bindings.cs:84)
UnityEditor.PreviewScene:.ctor (string) (at /Users/bokken/buildslave/unity/build/Editor/Mono/Inspector/PreviewRenderUtility.cs:22)
UnityEditor.PreviewRenderUtility:.ctor () (at /Users/bokken/buildslave/unity/build/Editor/Mono/Inspector/PreviewRenderUtility.cs:109)
UnityEditor.Texture3DPreview:InitPreviewUtility () (at /Users/bokken/buildslave/unity/build/Editor/Mono/Inspector/Texture3DPreview.cs:209)
UnityEditor.Texture3DPreview:OnEnable () (at /Users/bokken/buildslave/unity/build/Editor/Mono/Inspector/Texture3DPreview.cs:193)

[/Users/bokken/buildslave/unity/build/Editor/Mono/EditorSceneManager.bindings.cs line 84]

Unable to allocate new scene culling mask
UnityEngine.StackTraceUtility:ExtractStackTrace () (at /Users/bokken/buildslave/unity/build/Runtime/Export/Scripting/StackTrace.cs:37)
UnityEditor.SceneManagement.EditorSceneManager:NewPreviewScene (bool)
UnityEditor.SceneManagement.EditorSceneManager:NewPreviewScene () (at /Users/bokken/buildslave/unity/build/Editor/Mono/EditorSceneManager.bindings.cs:84)
UnityEditor.PreviewScene:.ctor (string) (at /Users/bokken/buildslave/unity/build/Editor/Mono/Inspector/PreviewRenderUtility.cs:22)
UnityEditor.PreviewRenderUtility:.ctor () (at /Users/bokken/buildslave/unity/build/Editor/Mono/Inspector/PreviewRenderUtility.cs:109)
UnityEditor.Texture3DPreview:InitPreviewUtility () (at /Users/bokken/buildslave/unity/build/Editor/Mono/Inspector/Texture3DPreview.cs:209)
UnityEditor.Texture3DPreview:OnEnable () (at /Users/bokken/buildslave/unity/build/Editor/Mono/Inspector/Texture3DPreview.cs:193)

[/Users/bokken/buildslave/unity/build/Editor/Mono/EditorSceneManager.bindings.cs line 84]

Unable to allocate new scene culling mask
UnityEngine.StackTraceUtility:ExtractStackTrace () (at /Users/bokken/buildslave/unity/build/Runtime/Export/Scripting/StackTrace.cs:37)
UnityEditor.SceneManagement.EditorSceneManager:NewPreviewScene (bool)
UnityEditor.SceneManagement.EditorSceneManager:NewPreviewScene () (at /Users/bokken/buildslave/unity/build/Editor/Mono/EditorSceneManager.bindings.cs:84)
UnityEditor.PreviewScene:.ctor (string) (at /Users/bokken/buildslave/unity/build/Editor/Mono/Inspector/PreviewRenderUtility.cs:22)
UnityEditor.PreviewRenderUtility:.ctor () (at /Users/bokken/buildslave/unity/build/Editor/Mono/Inspector/PreviewRenderUtility.cs:109)
UnityEditor.Texture3DPreview:InitPreviewUtility () (at /Users/bokken/buildslave/unity/build/Editor/Mono/Inspector/Texture3DPreview.cs:209)
UnityEditor.Texture3DPreview:OnEnable () (at /Users/bokken/buildslave/unity/build/Editor/Mono/Inspector/Texture3DPreview.cs:193)

[/Users/bokken/buildslave/unity/build/Editor/Mono/EditorSceneManager.bindings.cs line 84]

Unable to allocate new scene culling mask
UnityEngine.StackTraceUtility:ExtractStackTrace () (at /Users/bokken/buildslave/unity/build/Runtime/Export/Scripting/StackTrace.cs:37)
UnityEditor.SceneManagement.EditorSceneManager:NewPreviewScene (bool)
UnityEditor.SceneManagement.EditorSceneManager:NewPreviewScene () (at /Users/bokken/buildslave/unity/build/Editor/Mono/EditorSceneManager.bindings.cs:84)
UnityEditor.PreviewScene:.ctor (string) (at /Users/bokken/buildslave/unity/build/Editor/Mono/Inspector/PreviewRenderUtility.cs:22)
UnityEditor.PreviewRenderUtility:.ctor () (at /Users/bokken/buildslave/unity/build/Editor/Mono/Inspector/PreviewRenderUtility.cs:109)
UnityEditor.Texture3DPreview:InitPreviewUtility () (at /Users/bokken/buildslave/unity/build/Editor/Mono/Inspector/Texture3DPreview.cs:209)
UnityEditor.Texture3DPreview:OnEnable () (at /Users/bokken/buildslave/unity/build/Editor/Mono/Inspector/Texture3DPreview.cs:193)

[/Users/bokken/buildslave/unity/build/Editor/Mono/EditorSceneManager.bindings.cs line 84]

Mono: successfully reloaded assembly
- Completed reload, in  1.164 seconds
Domain Reload Profiling:
	ReloadAssembly (1165ms)
		BeginReloadAssembly (114ms)
			ExecutionOrderSort (0ms)
			DisableScriptedObjects (11ms)
			BackupInstance (0ms)
			ReleaseScriptingObjects (0ms)
			CreateAndSetChildDomain (45ms)
		EndReloadAssembly (949ms)
			LoadAssemblies (39ms)
			RebuildTransferFunctionScriptingTraits (0ms)
			SetupTypeCache (258ms)
			ReleaseScriptCaches (1ms)
			RebuildScriptCaches (65ms)
			SetupLoadedEditorAssemblies (479ms)
				LogAssemblyErrors (0ms)
				InitializePlatformSupportModulesInManaged (12ms)
				SetLoadedEditorAssemblies (0ms)
				RefreshPlugins (1ms)
				BeforeProcessingInitializeOnLoad (83ms)
				ProcessInitializeOnLoadAttributes (328ms)
				ProcessInitializeOnLoadMethodAttributes (52ms)
				AfterProcessingInitializeOnLoad (3ms)
				EditorAssembliesLoaded (0ms)
			ExecutionOrderSort2 (0ms)
			AwakeInstancesAfterBackupRestoration (35ms)
Platform modules already initialized, skipping
Refreshing native plugins compatible for Editor in 0.54 ms, found 2 plugins.
Preloading 0 native plugins for Editor in 0.00 ms.
Unloading 3101 Unused Serialized files (Serialized files now loaded: 0)
Unloading 18 unused Assets / (22.0 KB). Loaded Objects now: 4741.
Memory consumption went from 291.7 MB to 291.7 MB.
Total: 4.467041 ms (FindLiveObjects: 0.334291 ms CreateObjectMapping: 0.101834 ms MarkObjects: 4.007541 ms  DeleteObjects: 0.022375 ms)

AssetImportParameters requested are different than current active one (requested -> active):
  custom:video-decoder-ogg-theora: a1e56fd34408186e4bbccfd4996cb3dc -> 
  custom:container-muxer-webm: aa71ff27fc2769a1b78a27578f13a17b -> 
  custom:container-demuxer-webm: 4f35f7cbe854078d1ac9338744f61a02 -> 
  custom:video-encoder-webm-vp8: eb34c28f22e8b96e1ab97ce403110664 -> 
  custom:framework-osx-AVFoundation: e770b220cccbd017edd2c1fefb359320 -> 
  custom:audio-encoder-webm-vorbis: bf7c407c2cedff20999df2af8eb42d56 -> 
  custom:container-demuxer-ogg: 62fdf1f143b41e24485cea50d1cbac27 -> 
  custom:video-decoder-webm-vp8: 9c59270c3fd7afecdb556c50c9e8de78 -> 
  custom:audio-decoder-ogg-vorbis: bf7c407c2cedff20999df2af8eb42d56 -> 
========================================================================
Received Prepare
Registering precompiled user dll's ...
Registered in 0.002739 seconds.
Begin MonoManager ReloadAssembly
Thread 0x286f07000 may have been prematurely finalized
Symbol file LoadedFromMemory doesn't match image /Users/henrymoss/Documents/GitHub/Sigil-Game/Library/PackageCache/com.unity.visualscripting@1.7.6/Editor/VisualScripting.Core/Dependencies/YamlDotNet/Unity.VisualScripting.YamlDotNet.dll
Symbol file LoadedFromMemory doesn't match image /Users/henrymoss/Documents/GitHub/Sigil-Game/Library/PackageCache/com.unity.visualscripting@1.7.6/Editor/VisualScripting.Core/Dependencies/DotNetZip/Unity.VisualScripting.IonicZip.dll
Native extension for LinuxStandalone target not found
Native extension for WindowsStandalone target not found
Native extension for OSXStandalone target not found
Refreshing native plugins compatible for Editor in 0.51 ms, found 2 plugins.
Preloading 0 native plugins for Editor in 0.00 ms.
Unable to allocate new scene culling mask
UnityEngine.StackTraceUtility:ExtractStackTrace () (at /Users/bokken/buildslave/unity/build/Runtime/Export/Scripting/StackTrace.cs:37)
UnityEditor.SceneManagement.EditorSceneManager:NewPreviewScene (bool)
UnityEditor.SceneManagement.EditorSceneManager:NewPreviewScene () (at /Users/bokken/buildslave/unity/build/Editor/Mono/EditorSceneManager.bindings.cs:84)
UnityEditor.PreviewScene:.ctor (string) (at /Users/bokken/buildslave/unity/build/Editor/Mono/Inspector/PreviewRenderUtility.cs:22)
UnityEditor.PreviewRenderUtility:.ctor () (at /Users/bokken/buildslave/unity/build/Editor/Mono/Inspector/PreviewRenderUtility.cs:109)
UnityEditor.Texture3DPreview:InitPreviewUtility () (at /Users/bokken/buildslave/unity/build/Editor/Mono/Inspector/Texture3DPreview.cs:209)
UnityEditor.Texture3DPreview:OnEnable () (at /Users/bokken/buildslave/unity/build/Editor/Mono/Inspector/Texture3DPreview.cs:193)

[/Users/bokken/buildslave/unity/build/Editor/Mono/EditorSceneManager.bindings.cs line 84]

Unable to allocate new scene culling mask
UnityEngine.StackTraceUtility:ExtractStackTrace () (at /Users/bokken/buildslave/unity/build/Runtime/Export/Scripting/StackTrace.cs:37)
UnityEditor.SceneManagement.EditorSceneManager:NewPreviewScene (bool)
UnityEditor.SceneManagement.EditorSceneManager:NewPreviewScene () (at /Users/bokken/buildslave/unity/build/Editor/Mono/EditorSceneManager.bindings.cs:84)
UnityEditor.PreviewScene:.ctor (string) (at /Users/bokken/buildslave/unity/build/Editor/Mono/Inspector/PreviewRenderUtility.cs:22)
UnityEditor.PreviewRenderUtility:.ctor () (at /Users/bokken/buildslave/unity/build/Editor/Mono/Inspector/PreviewRenderUtility.cs:109)
UnityEditor.Texture3DPreview:InitPreviewUtility () (at /Users/bokken/buildslave/unity/build/Editor/Mono/Inspector/Texture3DPreview.cs:209)
UnityEditor.Texture3DPreview:OnEnable () (at /Users/bokken/buildslave/unity/build/Editor/Mono/Inspector/Texture3DPreview.cs:193)

[/Users/bokken/buildslave/unity/build/Editor/Mono/EditorSceneManager.bindings.cs line 84]

Unable to allocate new scene culling mask
UnityEngine.StackTraceUtility:ExtractStackTrace () (at /Users/bokken/buildslave/unity/build/Runtime/Export/Scripting/StackTrace.cs:37)
UnityEditor.SceneManagement.EditorSceneManager:NewPreviewScene (bool)
UnityEditor.SceneManagement.EditorSceneManager:NewPreviewScene () (at /Users/bokken/buildslave/unity/build/Editor/Mono/EditorSceneManager.bindings.cs:84)
UnityEditor.PreviewScene:.ctor (string) (at /Users/bokken/buildslave/unity/build/Editor/Mono/Inspector/PreviewRenderUtility.cs:22)
UnityEditor.PreviewRenderUtility:.ctor () (at /Users/bokken/buildslave/unity/build/Editor/Mono/Inspector/PreviewRenderUtility.cs:109)
UnityEditor.Texture3DPreview:InitPreviewUtility () (at /Users/bokken/buildslave/unity/build/Editor/Mono/Inspector/Texture3DPreview.cs:209)
UnityEditor.Texture3DPreview:OnEnable () (at /Users/bokken/buildslave/unity/build/Editor/Mono/Inspector/Texture3DPreview.cs:193)

[/Users/bokken/buildslave/unity/build/Editor/Mono/EditorSceneManager.bindings.cs line 84]

Unable to allocate new scene culling mask
UnityEngine.StackTraceUtility:ExtractStackTrace () (at /Users/bokken/buildslave/unity/build/Runtime/Export/Scripting/StackTrace.cs:37)
UnityEditor.SceneManagement.EditorSceneManager:NewPreviewScene (bool)
UnityEditor.SceneManagement.EditorSceneManager:NewPreviewScene () (at /Users/bokken/buildslave/unity/build/Editor/Mono/EditorSceneManager.bindings.cs:84)
UnityEditor.PreviewScene:.ctor (string) (at /Users/bokken/buildslave/unity/build/Editor/Mono/Inspector/PreviewRenderUtility.cs:22)
UnityEditor.PreviewRenderUtility:.ctor () (at /Users/bokken/buildslave/unity/build/Editor/Mono/Inspector/PreviewRenderUtility.cs:109)
UnityEditor.Texture3DPreview:InitPreviewUtility () (at /Users/bokken/buildslave/unity/build/Editor/Mono/Inspector/Texture3DPreview.cs:209)
UnityEditor.Texture3DPreview:OnEnable () (at /Users/bokken/buildslave/unity/build/Editor/Mono/Inspector/Texture3DPreview.cs:193)

[/Users/bokken/buildslave/unity/build/Editor/Mono/EditorSceneManager.bindings.cs line 84]

Unable to allocate new scene culling mask
UnityEngine.StackTraceUtility:ExtractStackTrace () (at /Users/bokken/buildslave/unity/build/Runtime/Export/Scripting/StackTrace.cs:37)
UnityEditor.SceneManagement.EditorSceneManager:NewPreviewScene (bool)
UnityEditor.SceneManagement.EditorSceneManager:NewPreviewScene () (at /Users/bokken/buildslave/unity/build/Editor/Mono/EditorSceneManager.bindings.cs:84)
UnityEditor.PreviewScene:.ctor (string) (at /Users/bokken/buildslave/unity/build/Editor/Mono/Inspector/PreviewRenderUtility.cs:22)
UnityEditor.PreviewRenderUtility:.ctor () (at /Users/bokken/buildslave/unity/build/Editor/Mono/Inspector/PreviewRenderUtility.cs:109)
UnityEditor.Texture3DPreview:InitPreviewUtility () (at /Users/bokken/buildslave/unity/build/Editor/Mono/Inspector/Texture3DPreview.cs:209)
UnityEditor.Texture3DPreview:OnEnable () (at /Users/bokken/buildslave/unity/build/Editor/Mono/Inspector/Texture3DPreview.cs:193)

[/Users/bokken/buildslave/unity/build/Editor/Mono/EditorSceneManager.bindings.cs line 84]

Unable to allocate new scene culling mask
UnityEngine.StackTraceUtility:ExtractStackTrace () (at /Users/bokken/buildslave/unity/build/Runtime/Export/Scripting/StackTrace.cs:37)
UnityEditor.SceneManagement.EditorSceneManager:NewPreviewScene (bool)
UnityEditor.SceneManagement.EditorSceneManager:NewPreviewScene () (at /Users/bokken/buildslave/unity/build/Editor/Mono/EditorSceneManager.bindings.cs:84)
UnityEditor.PreviewScene:.ctor (string) (at /Users/bokken/buildslave/unity/build/Editor/Mono/Inspector/PreviewRenderUtility.cs:22)
UnityEditor.PreviewRenderUtility:.ctor () (at /Users/bokken/buildslave/unity/build/Editor/Mono/Inspector/PreviewRenderUtility.cs:109)
UnityEditor.Texture3DPreview:InitPreviewUtility () (at /Users/bokken/buildslave/unity/build/Editor/Mono/Inspector/Texture3DPreview.cs:209)
UnityEditor.Texture3DPreview:OnEnable () (at /Users/bokken/buildslave/unity/build/Editor/Mono/Inspector/Texture3DPreview.cs:193)

[/Users/bokken/buildslave/unity/build/Editor/Mono/EditorSceneManager.bindings.cs line 84]

Unable to allocate new scene culling mask
UnityEngine.StackTraceUtility:ExtractStackTrace () (at /Users/bokken/buildslave/unity/build/Runtime/Export/Scripting/StackTrace.cs:37)
UnityEditor.SceneManagement.EditorSceneManager:NewPreviewScene (bool)
UnityEditor.SceneManagement.EditorSceneManager:NewPreviewScene () (at /Users/bokken/buildslave/unity/build/Editor/Mono/EditorSceneManager.bindings.cs:84)
UnityEditor.PreviewScene:.ctor (string) (at /Users/bokken/buildslave/unity/build/Editor/Mono/Inspector/PreviewRenderUtility.cs:22)
UnityEditor.PreviewRenderUtility:.ctor () (at /Users/bokken/buildslave/unity/build/Editor/Mono/Inspector/PreviewRenderUtility.cs:109)
UnityEditor.Texture3DPreview:InitPreviewUtility () (at /Users/bokken/buildslave/unity/build/Editor/Mono/Inspector/Texture3DPreview.cs:209)
UnityEditor.Texture3DPreview:OnEnable () (at /Users/bokken/buildslave/unity/build/Editor/Mono/Inspector/Texture3DPreview.cs:193)

[/Users/bokken/buildslave/unity/build/Editor/Mono/EditorSceneManager.bindings.cs line 84]

Unable to allocate new scene culling mask
UnityEngine.StackTraceUtility:ExtractStackTrace () (at /Users/bokken/buildslave/unity/build/Runtime/Export/Scripting/StackTrace.cs:37)
UnityEditor.SceneManagement.EditorSceneManager:NewPreviewScene (bool)
UnityEditor.SceneManagement.EditorSceneManager:NewPreviewScene () (at /Users/bokken/buildslave/unity/build/Editor/Mono/EditorSceneManager.bindings.cs:84)
UnityEditor.PreviewScene:.ctor (string) (at /Users/bokken/buildslave/unity/build/Editor/Mono/Inspector/PreviewRenderUtility.cs:22)
UnityEditor.PreviewRenderUtility:.ctor () (at /Users/bokken/buildslave/unity/build/Editor/Mono/Inspector/PreviewRenderUtility.cs:109)
UnityEditor.Texture3DPreview:InitPreviewUtility () (at /Users/bokken/buildslave/unity/build/Editor/Mono/Inspector/Texture3DPreview.cs:209)
UnityEditor.Texture3DPreview:OnEnable () (at /Users/bokken/buildslave/unity/build/Editor/Mono/Inspector/Texture3DPreview.cs:193)

[/Users/bokken/buildslave/unity/build/Editor/Mono/EditorSceneManager.bindings.cs line 84]

Unable to allocate new scene culling mask
UnityEngine.StackTraceUtility:ExtractStackTrace () (at /Users/bokken/buildslave/unity/build/Runtime/Export/Scripting/StackTrace.cs:37)
UnityEditor.SceneManagement.EditorSceneManager:NewPreviewScene (bool)
UnityEditor.SceneManagement.EditorSceneManager:NewPreviewScene () (at /Users/bokken/buildslave/unity/build/Editor/Mono/EditorSceneManager.bindings.cs:84)
UnityEditor.PreviewScene:.ctor (string) (at /Users/bokken/buildslave/unity/build/Editor/Mono/Inspector/PreviewRenderUtility.cs:22)
UnityEditor.PreviewRenderUtility:.ctor () (at /Users/bokken/buildslave/unity/build/Editor/Mono/Inspector/PreviewRenderUtility.cs:109)
UnityEditor.Texture3DPreview:InitPreviewUtility () (at /Users/bokken/buildslave/unity/build/Editor/Mono/Inspector/Texture3DPreview.cs:209)
UnityEditor.Texture3DPreview:OnEnable () (at /Users/bokken/buildslave/unity/build/Editor/Mono/Inspector/Texture3DPreview.cs:193)

[/Users/bokken/buildslave/unity/build/Editor/Mono/EditorSceneManager.bindings.cs line 84]

Unable to allocate new scene culling mask
UnityEngine.StackTraceUtility:ExtractStackTrace () (at /Users/bokken/buildslave/unity/build/Runtime/Export/Scripting/StackTrace.cs:37)
UnityEditor.SceneManagement.EditorSceneManager:NewPreviewScene (bool)
UnityEditor.SceneManagement.EditorSceneManager:NewPreviewScene () (at /Users/bokken/buildslave/unity/build/Editor/Mono/EditorSceneManager.bindings.cs:84)
UnityEditor.PreviewScene:.ctor (string) (at /Users/bokken/buildslave/unity/build/Editor/Mono/Inspector/PreviewRenderUtility.cs:22)
UnityEditor.PreviewRenderUtility:.ctor () (at /Users/bokken/buildslave/unity/build/Editor/Mono/Inspector/PreviewRenderUtility.cs:109)
UnityEditor.Texture3DPreview:InitPreviewUtility () (at /Users/bokken/buildslave/unity/build/Editor/Mono/Inspector/Texture3DPreview.cs:209)
UnityEditor.Texture3DPreview:OnEnable () (at /Users/bokken/buildslave/unity/build/Editor/Mono/Inspector/Texture3DPreview.cs:193)

[/Users/bokken/buildslave/unity/build/Editor/Mono/EditorSceneManager.bindings.cs line 84]

Unable to allocate new scene culling mask
UnityEngine.StackTraceUtility:ExtractStackTrace () (at /Users/bokken/buildslave/unity/build/Runtime/Export/Scripting/StackTrace.cs:37)
UnityEditor.SceneManagement.EditorSceneManager:NewPreviewScene (bool)
UnityEditor.SceneManagement.EditorSceneManager:NewPreviewScene () (at /Users/bokken/buildslave/unity/build/Editor/Mono/EditorSceneManager.bindings.cs:84)
UnityEditor.PreviewScene:.ctor (string) (at /Users/bokken/buildslave/unity/build/Editor/Mono/Inspector/PreviewRenderUtility.cs:22)
UnityEditor.PreviewRenderUtility:.ctor () (at /Users/bokken/buildslave/unity/build/Editor/Mono/Inspector/PreviewRenderUtility.cs:109)
UnityEditor.Texture3DPreview:InitPreviewUtility () (at /Users/bokken/buildslave/unity/build/Editor/Mono/Inspector/Texture3DPreview.cs:209)
UnityEditor.Texture3DPreview:OnEnable () (at /Users/bokken/buildslave/unity/build/Editor/Mono/Inspector/Texture3DPreview.cs:193)

[/Users/bokken/buildslave/unity/build/Editor/Mono/EditorSceneManager.bindings.cs line 84]

Mono: successfully reloaded assembly
- Completed reload, in  1.073 seconds
Domain Reload Profiling:
	ReloadAssembly (1074ms)
		BeginReloadAssembly (105ms)
			ExecutionOrderSort (0ms)
			DisableScriptedObjects (10ms)
			BackupInstance (0ms)
			ReleaseScriptingObjects (0ms)
			CreateAndSetChildDomain (40ms)
		EndReloadAssembly (865ms)
			LoadAssemblies (36ms)
			RebuildTransferFunctionScriptingTraits (0ms)
			SetupTypeCache (281ms)
			ReleaseScriptCaches (2ms)
			RebuildScriptCaches (81ms)
			SetupLoadedEditorAssemblies (370ms)
				LogAssemblyErrors (0ms)
				InitializePlatformSupportModulesInManaged (14ms)
				SetLoadedEditorAssemblies (1ms)
				RefreshPlugins (1ms)
				BeforeProcessingInitializeOnLoad (96ms)
				ProcessInitializeOnLoadAttributes (233ms)
				ProcessInitializeOnLoadMethodAttributes (25ms)
				AfterProcessingInitializeOnLoad (2ms)
				EditorAssembliesLoaded (0ms)
			ExecutionOrderSort2 (0ms)
			AwakeInstancesAfterBackupRestoration (18ms)
Platform modules already initialized, skipping
Refreshing native plugins compatible for Editor in 0.44 ms, found 2 plugins.
Preloading 0 native plugins for Editor in 0.00 ms.
Unloading 3101 Unused Serialized files (Serialized files now loaded: 0)
Unloading 18 unused Assets / (22.1 KB). Loaded Objects now: 4743.
Memory consumption went from 298.0 MB to 297.9 MB.
Total: 3.333209 ms (FindLiveObjects: 0.252750 ms CreateObjectMapping: 0.074458 ms MarkObjects: 2.982625 ms  DeleteObjects: 0.022542 ms)

AssetImportParameters requested are different than current active one (requested -> active):
  custom:video-decoder-ogg-theora: a1e56fd34408186e4bbccfd4996cb3dc -> 
  custom:container-muxer-webm: aa71ff27fc2769a1b78a27578f13a17b -> 
  custom:container-demuxer-webm: 4f35f7cbe854078d1ac9338744f61a02 -> 
  custom:video-encoder-webm-vp8: eb34c28f22e8b96e1ab97ce403110664 -> 
  custom:framework-osx-AVFoundation: e770b220cccbd017edd2c1fefb359320 -> 
  custom:audio-encoder-webm-vorbis: bf7c407c2cedff20999df2af8eb42d56 -> 
  custom:container-demuxer-ogg: 62fdf1f143b41e24485cea50d1cbac27 -> 
  custom:video-decoder-webm-vp8: 9c59270c3fd7afecdb556c50c9e8de78 -> 
  custom:audio-decoder-ogg-vorbis: bf7c407c2cedff20999df2af8eb42d56 -> 
========================================================================
Received Prepare
Registering precompiled user dll's ...
Registered in 0.002926 seconds.
Begin MonoManager ReloadAssembly
Thread 0x286f07000 may have been prematurely finalized
Symbol file LoadedFromMemory doesn't match image /Users/henrymoss/Documents/GitHub/Sigil-Game/Library/PackageCache/com.unity.visualscripting@1.7.6/Editor/VisualScripting.Core/Dependencies/YamlDotNet/Unity.VisualScripting.YamlDotNet.dll
Symbol file LoadedFromMemory doesn't match image /Users/henrymoss/Documents/GitHub/Sigil-Game/Library/PackageCache/com.unity.visualscripting@1.7.6/Editor/VisualScripting.Core/Dependencies/DotNetZip/Unity.VisualScripting.IonicZip.dll
Native extension for LinuxStandalone target not found
Native extension for WindowsStandalone target not found
Native extension for OSXStandalone target not found
Refreshing native plugins compatible for Editor in 0.44 ms, found 2 plugins.
Preloading 0 native plugins for Editor in 0.00 ms.
Unable to allocate new scene culling mask
UnityEngine.StackTraceUtility:ExtractStackTrace () (at /Users/bokken/buildslave/unity/build/Runtime/Export/Scripting/StackTrace.cs:37)
UnityEditor.SceneManagement.EditorSceneManager:NewPreviewScene (bool)
UnityEditor.SceneManagement.EditorSceneManager:NewPreviewScene () (at /Users/bokken/buildslave/unity/build/Editor/Mono/EditorSceneManager.bindings.cs:84)
UnityEditor.PreviewScene:.ctor (string) (at /Users/bokken/buildslave/unity/build/Editor/Mono/Inspector/PreviewRenderUtility.cs:22)
UnityEditor.PreviewRenderUtility:.ctor () (at /Users/bokken/buildslave/unity/build/Editor/Mono/Inspector/PreviewRenderUtility.cs:109)
UnityEditor.Texture3DPreview:InitPreviewUtility () (at /Users/bokken/buildslave/unity/build/Editor/Mono/Inspector/Texture3DPreview.cs:209)
UnityEditor.Texture3DPreview:OnEnable () (at /Users/bokken/buildslave/unity/build/Editor/Mono/Inspector/Texture3DPreview.cs:193)

[/Users/bokken/buildslave/unity/build/Editor/Mono/EditorSceneManager.bindings.cs line 84]

Unable to allocate new scene culling mask
UnityEngine.StackTraceUtility:ExtractStackTrace () (at /Users/bokken/buildslave/unity/build/Runtime/Export/Scripting/StackTrace.cs:37)
UnityEditor.SceneManagement.EditorSceneManager:NewPreviewScene (bool)
UnityEditor.SceneManagement.EditorSceneManager:NewPreviewScene () (at /Users/bokken/buildslave/unity/build/Editor/Mono/EditorSceneManager.bindings.cs:84)
UnityEditor.PreviewScene:.ctor (string) (at /Users/bokken/buildslave/unity/build/Editor/Mono/Inspector/PreviewRenderUtility.cs:22)
UnityEditor.PreviewRenderUtility:.ctor () (at /Users/bokken/buildslave/unity/build/Editor/Mono/Inspector/PreviewRenderUtility.cs:109)
UnityEditor.Texture3DPreview:InitPreviewUtility () (at /Users/bokken/buildslave/unity/build/Editor/Mono/Inspector/Texture3DPreview.cs:209)
UnityEditor.Texture3DPreview:OnEnable () (at /Users/bokken/buildslave/unity/build/Editor/Mono/Inspector/Texture3DPreview.cs:193)

[/Users/bokken/buildslave/unity/build/Editor/Mono/EditorSceneManager.bindings.cs line 84]

Unable to allocate new scene culling mask
UnityEngine.StackTraceUtility:ExtractStackTrace () (at /Users/bokken/buildslave/unity/build/Runtime/Export/Scripting/StackTrace.cs:37)
UnityEditor.SceneManagement.EditorSceneManager:NewPreviewScene (bool)
UnityEditor.SceneManagement.EditorSceneManager:NewPreviewScene () (at /Users/bokken/buildslave/unity/build/Editor/Mono/EditorSceneManager.bindings.cs:84)
UnityEditor.PreviewScene:.ctor (string) (at /Users/bokken/buildslave/unity/build/Editor/Mono/Inspector/PreviewRenderUtility.cs:22)
UnityEditor.PreviewRenderUtility:.ctor () (at /Users/bokken/buildslave/unity/build/Editor/Mono/Inspector/PreviewRenderUtility.cs:109)
UnityEditor.Texture3DPreview:InitPreviewUtility () (at /Users/bokken/buildslave/unity/build/Editor/Mono/Inspector/Texture3DPreview.cs:209)
UnityEditor.Texture3DPreview:OnEnable () (at /Users/bokken/buildslave/unity/build/Editor/Mono/Inspector/Texture3DPreview.cs:193)

[/Users/bokken/buildslave/unity/build/Editor/Mono/EditorSceneManager.bindings.cs line 84]

Unable to allocate new scene culling mask
UnityEngine.StackTraceUtility:ExtractStackTrace () (at /Users/bokken/buildslave/unity/build/Runtime/Export/Scripting/StackTrace.cs:37)
UnityEditor.SceneManagement.EditorSceneManager:NewPreviewScene (bool)
UnityEditor.SceneManagement.EditorSceneManager:NewPreviewScene () (at /Users/bokken/buildslave/unity/build/Editor/Mono/EditorSceneManager.bindings.cs:84)
UnityEditor.PreviewScene:.ctor (string) (at /Users/bokken/buildslave/unity/build/Editor/Mono/Inspector/PreviewRenderUtility.cs:22)
UnityEditor.PreviewRenderUtility:.ctor () (at /Users/bokken/buildslave/unity/build/Editor/Mono/Inspector/PreviewRenderUtility.cs:109)
UnityEditor.Texture3DPreview:InitPreviewUtility () (at /Users/bokken/buildslave/unity/build/Editor/Mono/Inspector/Texture3DPreview.cs:209)
UnityEditor.Texture3DPreview:OnEnable () (at /Users/bokken/buildslave/unity/build/Editor/Mono/Inspector/Texture3DPreview.cs:193)

[/Users/bokken/buildslave/unity/build/Editor/Mono/EditorSceneManager.bindings.cs line 84]

Unable to allocate new scene culling mask
UnityEngine.StackTraceUtility:ExtractStackTrace () (at /Users/bokken/buildslave/unity/build/Runtime/Export/Scripting/StackTrace.cs:37)
UnityEditor.SceneManagement.EditorSceneManager:NewPreviewScene (bool)
UnityEditor.SceneManagement.EditorSceneManager:NewPreviewScene () (at /Users/bokken/buildslave/unity/build/Editor/Mono/EditorSceneManager.bindings.cs:84)
UnityEditor.PreviewScene:.ctor (string) (at /Users/bokken/buildslave/unity/build/Editor/Mono/Inspector/PreviewRenderUtility.cs:22)
UnityEditor.PreviewRenderUtility:.ctor () (at /Users/bokken/buildslave/unity/build/Editor/Mono/Inspector/PreviewRenderUtility.cs:109)
UnityEditor.Texture3DPreview:InitPreviewUtility () (at /Users/bokken/buildslave/unity/build/Editor/Mono/Inspector/Texture3DPreview.cs:209)
UnityEditor.Texture3DPreview:OnEnable () (at /Users/bokken/buildslave/unity/build/Editor/Mono/Inspector/Texture3DPreview.cs:193)

[/Users/bokken/buildslave/unity/build/Editor/Mono/EditorSceneManager.bindings.cs line 84]

Unable to allocate new scene culling mask
UnityEngine.StackTraceUtility:ExtractStackTrace () (at /Users/bokken/buildslave/unity/build/Runtime/Export/Scripting/StackTrace.cs:37)
UnityEditor.SceneManagement.EditorSceneManager:NewPreviewScene (bool)
UnityEditor.SceneManagement.EditorSceneManager:NewPreviewScene () (at /Users/bokken/buildslave/unity/build/Editor/Mono/EditorSceneManager.bindings.cs:84)
UnityEditor.PreviewScene:.ctor (string) (at /Users/bokken/buildslave/unity/build/Editor/Mono/Inspector/PreviewRenderUtility.cs:22)
UnityEditor.PreviewRenderUtility:.ctor () (at /Users/bokken/buildslave/unity/build/Editor/Mono/Inspector/PreviewRenderUtility.cs:109)
UnityEditor.Texture3DPreview:InitPreviewUtility () (at /Users/bokken/buildslave/unity/build/Editor/Mono/Inspector/Texture3DPreview.cs:209)
UnityEditor.Texture3DPreview:OnEnable () (at /Users/bokken/buildslave/unity/build/Editor/Mono/Inspector/Texture3DPreview.cs:193)

[/Users/bokken/buildslave/unity/build/Editor/Mono/EditorSceneManager.bindings.cs line 84]

Unable to allocate new scene culling mask
UnityEngine.StackTraceUtility:ExtractStackTrace () (at /Users/bokken/buildslave/unity/build/Runtime/Export/Scripting/StackTrace.cs:37)
UnityEditor.SceneManagement.EditorSceneManager:NewPreviewScene (bool)
UnityEditor.SceneManagement.EditorSceneManager:NewPreviewScene () (at /Users/bokken/buildslave/unity/build/Editor/Mono/EditorSceneManager.bindings.cs:84)
UnityEditor.PreviewScene:.ctor (string) (at /Users/bokken/buildslave/unity/build/Editor/Mono/Inspector/PreviewRenderUtility.cs:22)
UnityEditor.PreviewRenderUtility:.ctor () (at /Users/bokken/buildslave/unity/build/Editor/Mono/Inspector/PreviewRenderUtility.cs:109)
UnityEditor.Texture3DPreview:InitPreviewUtility () (at /Users/bokken/buildslave/unity/build/Editor/Mono/Inspector/Texture3DPreview.cs:209)
UnityEditor.Texture3DPreview:OnEnable () (at /Users/bokken/buildslave/unity/build/Editor/Mono/Inspector/Texture3DPreview.cs:193)

[/Users/bokken/buildslave/unity/build/Editor/Mono/EditorSceneManager.bindings.cs line 84]

Unable to allocate new scene culling mask
UnityEngine.StackTraceUtility:ExtractStackTrace () (at /Users/bokken/buildslave/unity/build/Runtime/Export/Scripting/StackTrace.cs:37)
UnityEditor.SceneManagement.EditorSceneManager:NewPreviewScene (bool)
UnityEditor.SceneManagement.EditorSceneManager:NewPreviewScene () (at /Users/bokken/buildslave/unity/build/Editor/Mono/EditorSceneManager.bindings.cs:84)
UnityEditor.PreviewScene:.ctor (string) (at /Users/bokken/buildslave/unity/build/Editor/Mono/Inspector/PreviewRenderUtility.cs:22)
UnityEditor.PreviewRenderUtility:.ctor () (at /Users/bokken/buildslave/unity/build/Editor/Mono/Inspector/PreviewRenderUtility.cs:109)
UnityEditor.Texture3DPreview:InitPreviewUtility () (at /Users/bokken/buildslave/unity/build/Editor/Mono/Inspector/Texture3DPreview.cs:209)
UnityEditor.Texture3DPreview:OnEnable () (at /Users/bokken/buildslave/unity/build/Editor/Mono/Inspector/Texture3DPreview.cs:193)

[/Users/bokken/buildslave/unity/build/Editor/Mono/EditorSceneManager.bindings.cs line 84]

Unable to allocate new scene culling mask
UnityEngine.StackTraceUtility:ExtractStackTrace () (at /Users/bokken/buildslave/unity/build/Runtime/Export/Scripting/StackTrace.cs:37)
UnityEditor.SceneManagement.EditorSceneManager:NewPreviewScene (bool)
UnityEditor.SceneManagement.EditorSceneManager:NewPreviewScene () (at /Users/bokken/buildslave/unity/build/Editor/Mono/EditorSceneManager.bindings.cs:84)
UnityEditor.PreviewScene:.ctor (string) (at /Users/bokken/buildslave/unity/build/Editor/Mono/Inspector/PreviewRenderUtility.cs:22)
UnityEditor.PreviewRenderUtility:.ctor () (at /Users/bokken/buildslave/unity/build/Editor/Mono/Inspector/PreviewRenderUtility.cs:109)
UnityEditor.Texture3DPreview:InitPreviewUtility () (at /Users/bokken/buildslave/unity/build/Editor/Mono/Inspector/Texture3DPreview.cs:209)
UnityEditor.Texture3DPreview:OnEnable () (at /Users/bokken/buildslave/unity/build/Editor/Mono/Inspector/Texture3DPreview.cs:193)

[/Users/bokken/buildslave/unity/build/Editor/Mono/EditorSceneManager.bindings.cs line 84]

Unable to allocate new scene culling mask
UnityEngine.StackTraceUtility:ExtractStackTrace () (at /Users/bokken/buildslave/unity/build/Runtime/Export/Scripting/StackTrace.cs:37)
UnityEditor.SceneManagement.EditorSceneManager:NewPreviewScene (bool)
UnityEditor.SceneManagement.EditorSceneManager:NewPreviewScene () (at /Users/bokken/buildslave/unity/build/Editor/Mono/EditorSceneManager.bindings.cs:84)
UnityEditor.PreviewScene:.ctor (string) (at /Users/bokken/buildslave/unity/build/Editor/Mono/Inspector/PreviewRenderUtility.cs:22)
UnityEditor.PreviewRenderUtility:.ctor () (at /Users/bokken/buildslave/unity/build/Editor/Mono/Inspector/PreviewRenderUtility.cs:109)
UnityEditor.Texture3DPreview:InitPreviewUtility () (at /Users/bokken/buildslave/unity/build/Editor/Mono/Inspector/Texture3DPreview.cs:209)
UnityEditor.Texture3DPreview:OnEnable () (at /Users/bokken/buildslave/unity/build/Editor/Mono/Inspector/Texture3DPreview.cs:193)

[/Users/bokken/buildslave/unity/build/Editor/Mono/EditorSceneManager.bindings.cs line 84]

Unable to allocate new scene culling mask
UnityEngine.StackTraceUtility:ExtractStackTrace () (at /Users/bokken/buildslave/unity/build/Runtime/Export/Scripting/StackTrace.cs:37)
UnityEditor.SceneManagement.EditorSceneManager:NewPreviewScene (bool)
UnityEditor.SceneManagement.EditorSceneManager:NewPreviewScene () (at /Users/bokken/buildslave/unity/build/Editor/Mono/EditorSceneManager.bindings.cs:84)
UnityEditor.PreviewScene:.ctor (string) (at /Users/bokken/buildslave/unity/build/Editor/Mono/Inspector/PreviewRenderUtility.cs:22)
UnityEditor.PreviewRenderUtility:.ctor () (at /Users/bokken/buildslave/unity/build/Editor/Mono/Inspector/PreviewRenderUtility.cs:109)
UnityEditor.Texture3DPreview:InitPreviewUtility () (at /Users/bokken/buildslave/unity/build/Editor/Mono/Inspector/Texture3DPreview.cs:209)
UnityEditor.Texture3DPreview:OnEnable () (at /Users/bokken/buildslave/unity/build/Editor/Mono/Inspector/Texture3DPreview.cs:193)

[/Users/bokken/buildslave/unity/build/Editor/Mono/EditorSceneManager.bindings.cs line 84]

Mono: successfully reloaded assembly
- Completed reload, in  1.131 seconds
Domain Reload Profiling:
	ReloadAssembly (1132ms)
		BeginReloadAssembly (114ms)
			ExecutionOrderSort (0ms)
			DisableScriptedObjects (11ms)
			BackupInstance (0ms)
			ReleaseScriptingObjects (0ms)
			CreateAndSetChildDomain (45ms)
		EndReloadAssembly (911ms)
			LoadAssemblies (39ms)
			RebuildTransferFunctionScriptingTraits (0ms)
			SetupTypeCache (282ms)
			ReleaseScriptCaches (1ms)
			RebuildScriptCaches (68ms)
			SetupLoadedEditorAssemblies (430ms)
				LogAssemblyErrors (0ms)
				InitializePlatformSupportModulesInManaged (11ms)
				SetLoadedEditorAssemblies (1ms)
				RefreshPlugins (0ms)
				BeforeProcessingInitializeOnLoad (85ms)
				ProcessInitializeOnLoadAttributes (292ms)
				ProcessInitializeOnLoadMethodAttributes (38ms)
				AfterProcessingInitializeOnLoad (2ms)
				EditorAssembliesLoaded (0ms)
			ExecutionOrderSort2 (0ms)
			AwakeInstancesAfterBackupRestoration (24ms)
Platform modules already initialized, skipping
Refreshing native plugins compatible for Editor in 0.62 ms, found 2 plugins.
Preloading 0 native plugins for Editor in 0.00 ms.
Unloading 3101 Unused Serialized files (Serialized files now loaded: 0)
Unloading 18 unused Assets / (22.1 KB). Loaded Objects now: 4745.
Memory consumption went from 304.0 MB to 304.0 MB.
Total: 4.417875 ms (FindLiveObjects: 0.315375 ms CreateObjectMapping: 0.101791 ms MarkObjects: 3.978583 ms  DeleteObjects: 0.020958 ms)

AssetImportParameters requested are different than current active one (requested -> active):
  custom:video-decoder-ogg-theora: a1e56fd34408186e4bbccfd4996cb3dc -> 
  custom:container-muxer-webm: aa71ff27fc2769a1b78a27578f13a17b -> 
  custom:container-demuxer-webm: 4f35f7cbe854078d1ac9338744f61a02 -> 
  custom:video-encoder-webm-vp8: eb34c28f22e8b96e1ab97ce403110664 -> 
  custom:framework-osx-AVFoundation: e770b220cccbd017edd2c1fefb359320 -> 
  custom:audio-encoder-webm-vorbis: bf7c407c2cedff20999df2af8eb42d56 -> 
  custom:container-demuxer-ogg: 62fdf1f143b41e24485cea50d1cbac27 -> 
  custom:video-decoder-webm-vp8: 9c59270c3fd7afecdb556c50c9e8de78 -> 
  custom:audio-decoder-ogg-vorbis: bf7c407c2cedff20999df2af8eb42d56 -> 
========================================================================
Received Prepare
Registering precompiled user dll's ...
Registered in 0.002504 seconds.
Begin MonoManager ReloadAssembly
Thread 0x286f07000 may have been prematurely finalized
Symbol file LoadedFromMemory doesn't match image /Users/henrymoss/Documents/GitHub/Sigil-Game/Library/PackageCache/com.unity.visualscripting@1.7.6/Editor/VisualScripting.Core/Dependencies/YamlDotNet/Unity.VisualScripting.YamlDotNet.dll
Symbol file LoadedFromMemory doesn't match image /Users/henrymoss/Documents/GitHub/Sigil-Game/Library/PackageCache/com.unity.visualscripting@1.7.6/Editor/VisualScripting.Core/Dependencies/DotNetZip/Unity.VisualScripting.IonicZip.dll
Native extension for LinuxStandalone target not found
Native extension for WindowsStandalone target not found
Native extension for OSXStandalone target not found
Refreshing native plugins compatible for Editor in 0.56 ms, found 2 plugins.
Preloading 0 native plugins for Editor in 0.00 ms.
Unable to allocate new scene culling mask
UnityEngine.StackTraceUtility:ExtractStackTrace () (at /Users/bokken/buildslave/unity/build/Runtime/Export/Scripting/StackTrace.cs:37)
UnityEditor.SceneManagement.EditorSceneManager:NewPreviewScene (bool)
UnityEditor.SceneManagement.EditorSceneManager:NewPreviewScene () (at /Users/bokken/buildslave/unity/build/Editor/Mono/EditorSceneManager.bindings.cs:84)
UnityEditor.PreviewScene:.ctor (string) (at /Users/bokken/buildslave/unity/build/Editor/Mono/Inspector/PreviewRenderUtility.cs:22)
UnityEditor.PreviewRenderUtility:.ctor () (at /Users/bokken/buildslave/unity/build/Editor/Mono/Inspector/PreviewRenderUtility.cs:109)
UnityEditor.Texture3DPreview:InitPreviewUtility () (at /Users/bokken/buildslave/unity/build/Editor/Mono/Inspector/Texture3DPreview.cs:209)
UnityEditor.Texture3DPreview:OnEnable () (at /Users/bokken/buildslave/unity/build/Editor/Mono/Inspector/Texture3DPreview.cs:193)

[/Users/bokken/buildslave/unity/build/Editor/Mono/EditorSceneManager.bindings.cs line 84]

Unable to allocate new scene culling mask
UnityEngine.StackTraceUtility:ExtractStackTrace () (at /Users/bokken/buildslave/unity/build/Runtime/Export/Scripting/StackTrace.cs:37)
UnityEditor.SceneManagement.EditorSceneManager:NewPreviewScene (bool)
UnityEditor.SceneManagement.EditorSceneManager:NewPreviewScene () (at /Users/bokken/buildslave/unity/build/Editor/Mono/EditorSceneManager.bindings.cs:84)
UnityEditor.PreviewScene:.ctor (string) (at /Users/bokken/buildslave/unity/build/Editor/Mono/Inspector/PreviewRenderUtility.cs:22)
UnityEditor.PreviewRenderUtility:.ctor () (at /Users/bokken/buildslave/unity/build/Editor/Mono/Inspector/PreviewRenderUtility.cs:109)
UnityEditor.Texture3DPreview:InitPreviewUtility () (at /Users/bokken/buildslave/unity/build/Editor/Mono/Inspector/Texture3DPreview.cs:209)
UnityEditor.Texture3DPreview:OnEnable () (at /Users/bokken/buildslave/unity/build/Editor/Mono/Inspector/Texture3DPreview.cs:193)

[/Users/bokken/buildslave/unity/build/Editor/Mono/EditorSceneManager.bindings.cs line 84]

Unable to allocate new scene culling mask
UnityEngine.StackTraceUtility:ExtractStackTrace () (at /Users/bokken/buildslave/unity/build/Runtime/Export/Scripting/StackTrace.cs:37)
UnityEditor.SceneManagement.EditorSceneManager:NewPreviewScene (bool)
UnityEditor.SceneManagement.EditorSceneManager:NewPreviewScene () (at /Users/bokken/buildslave/unity/build/Editor/Mono/EditorSceneManager.bindings.cs:84)
UnityEditor.PreviewScene:.ctor (string) (at /Users/bokken/buildslave/unity/build/Editor/Mono/Inspector/PreviewRenderUtility.cs:22)
UnityEditor.PreviewRenderUtility:.ctor () (at /Users/bokken/buildslave/unity/build/Editor/Mono/Inspector/PreviewRenderUtility.cs:109)
UnityEditor.Texture3DPreview:InitPreviewUtility () (at /Users/bokken/buildslave/unity/build/Editor/Mono/Inspector/Texture3DPreview.cs:209)
UnityEditor.Texture3DPreview:OnEnable () (at /Users/bokken/buildslave/unity/build/Editor/Mono/Inspector/Texture3DPreview.cs:193)

[/Users/bokken/buildslave/unity/build/Editor/Mono/EditorSceneManager.bindings.cs line 84]

Unable to allocate new scene culling mask
UnityEngine.StackTraceUtility:ExtractStackTrace () (at /Users/bokken/buildslave/unity/build/Runtime/Export/Scripting/StackTrace.cs:37)
UnityEditor.SceneManagement.EditorSceneManager:NewPreviewScene (bool)
UnityEditor.SceneManagement.EditorSceneManager:NewPreviewScene () (at /Users/bokken/buildslave/unity/build/Editor/Mono/EditorSceneManager.bindings.cs:84)
UnityEditor.PreviewScene:.ctor (string) (at /Users/bokken/buildslave/unity/build/Editor/Mono/Inspector/PreviewRenderUtility.cs:22)
UnityEditor.PreviewRenderUtility:.ctor () (at /Users/bokken/buildslave/unity/build/Editor/Mono/Inspector/PreviewRenderUtility.cs:109)
UnityEditor.Texture3DPreview:InitPreviewUtility () (at /Users/bokken/buildslave/unity/build/Editor/Mono/Inspector/Texture3DPreview.cs:209)
UnityEditor.Texture3DPreview:OnEnable () (at /Users/bokken/buildslave/unity/build/Editor/Mono/Inspector/Texture3DPreview.cs:193)

[/Users/bokken/buildslave/unity/build/Editor/Mono/EditorSceneManager.bindings.cs line 84]

Unable to allocate new scene culling mask
UnityEngine.StackTraceUtility:ExtractStackTrace () (at /Users/bokken/buildslave/unity/build/Runtime/Export/Scripting/StackTrace.cs:37)
UnityEditor.SceneManagement.EditorSceneManager:NewPreviewScene (bool)
UnityEditor.SceneManagement.EditorSceneManager:NewPreviewScene () (at /Users/bokken/buildslave/unity/build/Editor/Mono/EditorSceneManager.bindings.cs:84)
UnityEditor.PreviewScene:.ctor (string) (at /Users/bokken/buildslave/unity/build/Editor/Mono/Inspector/PreviewRenderUtility.cs:22)
UnityEditor.PreviewRenderUtility:.ctor () (at /Users/bokken/buildslave/unity/build/Editor/Mono/Inspector/PreviewRenderUtility.cs:109)
UnityEditor.Texture3DPreview:InitPreviewUtility () (at /Users/bokken/buildslave/unity/build/Editor/Mono/Inspector/Texture3DPreview.cs:209)
UnityEditor.Texture3DPreview:OnEnable () (at /Users/bokken/buildslave/unity/build/Editor/Mono/Inspector/Texture3DPreview.cs:193)

[/Users/bokken/buildslave/unity/build/Editor/Mono/EditorSceneManager.bindings.cs line 84]

Unable to allocate new scene culling mask
UnityEngine.StackTraceUtility:ExtractStackTrace () (at /Users/bokken/buildslave/unity/build/Runtime/Export/Scripting/StackTrace.cs:37)
UnityEditor.SceneManagement.EditorSceneManager:NewPreviewScene (bool)
UnityEditor.SceneManagement.EditorSceneManager:NewPreviewScene () (at /Users/bokken/buildslave/unity/build/Editor/Mono/EditorSceneManager.bindings.cs:84)
UnityEditor.PreviewScene:.ctor (string) (at /Users/bokken/buildslave/unity/build/Editor/Mono/Inspector/PreviewRenderUtility.cs:22)
UnityEditor.PreviewRenderUtility:.ctor () (at /Users/bokken/buildslave/unity/build/Editor/Mono/Inspector/PreviewRenderUtility.cs:109)
UnityEditor.Texture3DPreview:InitPreviewUtility () (at /Users/bokken/buildslave/unity/build/Editor/Mono/Inspector/Texture3DPreview.cs:209)
UnityEditor.Texture3DPreview:OnEnable () (at /Users/bokken/buildslave/unity/build/Editor/Mono/Inspector/Texture3DPreview.cs:193)

[/Users/bokken/buildslave/unity/build/Editor/Mono/EditorSceneManager.bindings.cs line 84]

Unable to allocate new scene culling mask
UnityEngine.StackTraceUtility:ExtractStackTrace () (at /Users/bokken/buildslave/unity/build/Runtime/Export/Scripting/StackTrace.cs:37)
UnityEditor.SceneManagement.EditorSceneManager:NewPreviewScene (bool)
UnityEditor.SceneManagement.EditorSceneManager:NewPreviewScene () (at /Users/bokken/buildslave/unity/build/Editor/Mono/EditorSceneManager.bindings.cs:84)
UnityEditor.PreviewScene:.ctor (string) (at /Users/bokken/buildslave/unity/build/Editor/Mono/Inspector/PreviewRenderUtility.cs:22)
UnityEditor.PreviewRenderUtility:.ctor () (at /Users/bokken/buildslave/unity/build/Editor/Mono/Inspector/PreviewRenderUtility.cs:109)
UnityEditor.Texture3DPreview:InitPreviewUtility () (at /Users/bokken/buildslave/unity/build/Editor/Mono/Inspector/Texture3DPreview.cs:209)
UnityEditor.Texture3DPreview:OnEnable () (at /Users/bokken/buildslave/unity/build/Editor/Mono/Inspector/Texture3DPreview.cs:193)

[/Users/bokken/buildslave/unity/build/Editor/Mono/EditorSceneManager.bindings.cs line 84]

Unable to allocate new scene culling mask
UnityEngine.StackTraceUtility:ExtractStackTrace () (at /Users/bokken/buildslave/unity/build/Runtime/Export/Scripting/StackTrace.cs:37)
UnityEditor.SceneManagement.EditorSceneManager:NewPreviewScene (bool)
UnityEditor.SceneManagement.EditorSceneManager:NewPreviewScene () (at /Users/bokken/buildslave/unity/build/Editor/Mono/EditorSceneManager.bindings.cs:84)
UnityEditor.PreviewScene:.ctor (string) (at /Users/bokken/buildslave/unity/build/Editor/Mono/Inspector/PreviewRenderUtility.cs:22)
UnityEditor.PreviewRenderUtility:.ctor () (at /Users/bokken/buildslave/unity/build/Editor/Mono/Inspector/PreviewRenderUtility.cs:109)
UnityEditor.Texture3DPreview:InitPreviewUtility () (at /Users/bokken/buildslave/unity/build/Editor/Mono/Inspector/Texture3DPreview.cs:209)
UnityEditor.Texture3DPreview:OnEnable () (at /Users/bokken/buildslave/unity/build/Editor/Mono/Inspector/Texture3DPreview.cs:193)

[/Users/bokken/buildslave/unity/build/Editor/Mono/EditorSceneManager.bindings.cs line 84]

Unable to allocate new scene culling mask
UnityEngine.StackTraceUtility:ExtractStackTrace () (at /Users/bokken/buildslave/unity/build/Runtime/Export/Scripting/StackTrace.cs:37)
UnityEditor.SceneManagement.EditorSceneManager:NewPreviewScene (bool)
UnityEditor.SceneManagement.EditorSceneManager:NewPreviewScene () (at /Users/bokken/buildslave/unity/build/Editor/Mono/EditorSceneManager.bindings.cs:84)
UnityEditor.PreviewScene:.ctor (string) (at /Users/bokken/buildslave/unity/build/Editor/Mono/Inspector/PreviewRenderUtility.cs:22)
UnityEditor.PreviewRenderUtility:.ctor () (at /Users/bokken/buildslave/unity/build/Editor/Mono/Inspector/PreviewRenderUtility.cs:109)
UnityEditor.Texture3DPreview:InitPreviewUtility () (at /Users/bokken/buildslave/unity/build/Editor/Mono/Inspector/Texture3DPreview.cs:209)
UnityEditor.Texture3DPreview:OnEnable () (at /Users/bokken/buildslave/unity/build/Editor/Mono/Inspector/Texture3DPreview.cs:193)

[/Users/bokken/buildslave/unity/build/Editor/Mono/EditorSceneManager.bindings.cs line 84]

Unable to allocate new scene culling mask
UnityEngine.StackTraceUtility:ExtractStackTrace () (at /Users/bokken/buildslave/unity/build/Runtime/Export/Scripting/StackTrace.cs:37)
UnityEditor.SceneManagement.EditorSceneManager:NewPreviewScene (bool)
UnityEditor.SceneManagement.EditorSceneManager:NewPreviewScene () (at /Users/bokken/buildslave/unity/build/Editor/Mono/EditorSceneManager.bindings.cs:84)
UnityEditor.PreviewScene:.ctor (string) (at /Users/bokken/buildslave/unity/build/Editor/Mono/Inspector/PreviewRenderUtility.cs:22)
UnityEditor.PreviewRenderUtility:.ctor () (at /Users/bokken/buildslave/unity/build/Editor/Mono/Inspector/PreviewRenderUtility.cs:109)
UnityEditor.Texture3DPreview:InitPreviewUtility () (at /Users/bokken/buildslave/unity/build/Editor/Mono/Inspector/Texture3DPreview.cs:209)
UnityEditor.Texture3DPreview:OnEnable () (at /Users/bokken/buildslave/unity/build/Editor/Mono/Inspector/Texture3DPreview.cs:193)

[/Users/bokken/buildslave/unity/build/Editor/Mono/EditorSceneManager.bindings.cs line 84]

Unable to allocate new scene culling mask
UnityEngine.StackTraceUtility:ExtractStackTrace () (at /Users/bokken/buildslave/unity/build/Runtime/Export/Scripting/StackTrace.cs:37)
UnityEditor.SceneManagement.EditorSceneManager:NewPreviewScene (bool)
UnityEditor.SceneManagement.EditorSceneManager:NewPreviewScene () (at /Users/bokken/buildslave/unity/build/Editor/Mono/EditorSceneManager.bindings.cs:84)
UnityEditor.PreviewScene:.ctor (string) (at /Users/bokken/buildslave/unity/build/Editor/Mono/Inspector/PreviewRenderUtility.cs:22)
UnityEditor.PreviewRenderUtility:.ctor () (at /Users/bokken/buildslave/unity/build/Editor/Mono/Inspector/PreviewRenderUtility.cs:109)
UnityEditor.Texture3DPreview:InitPreviewUtility () (at /Users/bokken/buildslave/unity/build/Editor/Mono/Inspector/Texture3DPreview.cs:209)
UnityEditor.Texture3DPreview:OnEnable () (at /Users/bokken/buildslave/unity/build/Editor/Mono/Inspector/Texture3DPreview.cs:193)

[/Users/bokken/buildslave/unity/build/Editor/Mono/EditorSceneManager.bindings.cs line 84]

Mono: successfully reloaded assembly
- Completed reload, in  1.318 seconds
Domain Reload Profiling:
	ReloadAssembly (1318ms)
		BeginReloadAssembly (102ms)
			ExecutionOrderSort (0ms)
			DisableScriptedObjects (9ms)
			BackupInstance (0ms)
			ReleaseScriptingObjects (0ms)
			CreateAndSetChildDomain (39ms)
		EndReloadAssembly (1116ms)
			LoadAssemblies (37ms)
			RebuildTransferFunctionScriptingTraits (0ms)
			SetupTypeCache (385ms)
			ReleaseScriptCaches (3ms)
			RebuildScriptCaches (136ms)
			SetupLoadedEditorAssemblies (434ms)
				LogAssemblyErrors (0ms)
				InitializePlatformSupportModulesInManaged (16ms)
				SetLoadedEditorAssemblies (1ms)
				RefreshPlugins (1ms)
				BeforeProcessingInitializeOnLoad (111ms)
				ProcessInitializeOnLoadAttributes (276ms)
				ProcessInitializeOnLoadMethodAttributes (27ms)
				AfterProcessingInitializeOnLoad (3ms)
				EditorAssembliesLoaded (0ms)
			ExecutionOrderSort2 (0ms)
			AwakeInstancesAfterBackupRestoration (18ms)
Platform modules already initialized, skipping
Refreshing native plugins compatible for Editor in 0.45 ms, found 2 plugins.
Preloading 0 native plugins for Editor in 0.00 ms.
Unloading 3101 Unused Serialized files (Serialized files now loaded: 0)
Unloading 18 unused Assets / (22.0 KB). Loaded Objects now: 4747.
Memory consumption went from 310.0 MB to 310.0 MB.
Total: 3.355708 ms (FindLiveObjects: 0.240167 ms CreateObjectMapping: 0.074917 ms MarkObjects: 3.014833 ms  DeleteObjects: 0.025000 ms)

AssetImportParameters requested are different than current active one (requested -> active):
  custom:video-decoder-ogg-theora: a1e56fd34408186e4bbccfd4996cb3dc -> 
  custom:container-muxer-webm: aa71ff27fc2769a1b78a27578f13a17b -> 
  custom:container-demuxer-webm: 4f35f7cbe854078d1ac9338744f61a02 -> 
  custom:video-encoder-webm-vp8: eb34c28f22e8b96e1ab97ce403110664 -> 
  custom:framework-osx-AVFoundation: e770b220cccbd017edd2c1fefb359320 -> 
  custom:audio-encoder-webm-vorbis: bf7c407c2cedff20999df2af8eb42d56 -> 
  custom:container-demuxer-ogg: 62fdf1f143b41e24485cea50d1cbac27 -> 
  custom:video-decoder-webm-vp8: 9c59270c3fd7afecdb556c50c9e8de78 -> 
  custom:audio-decoder-ogg-vorbis: bf7c407c2cedff20999df2af8eb42d56 -> 
