Unity Editor version:    2021.2.10f1 (ee872746220e)
Branch:                  2021.2/staging
Build type:              Release
Batch mode:              YES
macOS version:           Version 13.7.5 (Build 22H527)
Darwin version:          22.6.0
Architecture:            arm64
Running under Rosetta:   NO
Available memory:        16384 MB
Using pre-set license
Pro License: NO

COMMAND LINE ARGUMENTS:
/Applications/Unity/Hub/Editor/2021.2.10f1/Unity.app/Contents/MacOS/Unity
-adb2
-batchMode
-noUpm
-name
AssetImportWorker1
-projectPath
/Users/henrymoss/Documents/GitHub/Sigil-Game
-logFile
Logs/AssetImportWorker1.log
-srvPort
52986
Successfully changed project path to: /Users/henrymoss/Documents/GitHub/Sigil-Game
/Users/henrymoss/Documents/GitHub/Sigil-Game
[UnityMemory] Configuration Parameters - Can be set up in boot.config
    "memorysetup-bucket-allocator-granularity=16"
    "memorysetup-bucket-allocator-bucket-count=8"
    "memorysetup-bucket-allocator-block-size=33554432"
    "memorysetup-bucket-allocator-block-count=8"
    "memorysetup-main-allocator-block-size=16777216"
    "memorysetup-thread-allocator-block-size=16777216"
    "memorysetup-gfx-main-allocator-block-size=16777216"
    "memorysetup-gfx-thread-allocator-block-size=16777216"
    "memorysetup-cache-allocator-block-size=4194304"
    "memorysetup-typetree-allocator-block-size=2097152"
    "memorysetup-profiler-bucket-allocator-granularity=16"
    "memorysetup-profiler-bucket-allocator-bucket-count=8"
    "memorysetup-profiler-bucket-allocator-block-size=33554432"
    "memorysetup-profiler-bucket-allocator-block-count=8"
    "memorysetup-profiler-allocator-block-size=16777216"
    "memorysetup-profiler-editor-allocator-block-size=1048576"
    "memorysetup-temp-allocator-size-main=16777216"
    "memorysetup-job-temp-allocator-block-size=2097152"
    "memorysetup-job-temp-allocator-block-size-background=1048576"
    "memorysetup-job-temp-allocator-reduction-small-platforms=262144"
    "memorysetup-temp-allocator-size-background-worker=32768"
    "memorysetup-temp-allocator-size-job-worker=262144"
    "memorysetup-temp-allocator-size-preload-manager=33554432"
    "memorysetup-temp-allocator-size-nav-mesh-worker=65536"
    "memorysetup-temp-allocator-size-audio-worker=65536"
    "memorysetup-temp-allocator-size-cloud-worker=32768"
    "memorysetup-temp-allocator-size-gi-baking-worker=262144"
    "memorysetup-temp-allocator-size-gfx=262144"
Refreshing native plugins compatible for Editor in 86.08 ms, found 2 plugins.
Preloading 0 native plugins for Editor in 0.00 ms.
Initialize engine version: 2021.2.10f1 (ee872746220e)
[Subsystems] Discovering subsystems at path /Applications/Unity/Hub/Editor/2021.2.10f1/Unity.app/Contents/Resources/UnitySubsystems
[Subsystems] Discovering subsystems at path /Users/henrymoss/Documents/GitHub/Sigil-Game/Assets
GfxDevice: creating device client; threaded=0; jobified=0
 preferred device: Apple M1 (high power)
Metal devices available: 1
0: Apple M1 (high power)
Using device Apple M1 (high power)
Initializing Metal device caps: Apple M1
Initialize mono
Mono path[0] = '/Applications/Unity/Hub/Editor/2021.2.10f1/Unity.app/Contents/Managed'
Mono path[1] = '/Applications/Unity/Hub/Editor/2021.2.10f1/Unity.app/Contents/MonoBleedingEdge/lib/mono/unityjit-macos'
Mono config path = '/Applications/Unity/Hub/Editor/2021.2.10f1/Unity.app/Contents/MonoBleedingEdge/etc'
Using monoOptions --debugger-agent=transport=dt_socket,embedding=1,server=y,suspend=n,address=127.0.0.1:56127
Begin MonoManager ReloadAssembly
Registering precompiled unity dll's ...
Register platform support module: /Applications/Unity/Hub/Editor/2021.2.10f1/Unity.app/Contents/PlaybackEngines/MacStandaloneSupport/UnityEditor.OSXStandalone.Extensions.dll
Register platform support module: /Applications/Unity/Hub/Editor/2021.2.10f1/PlaybackEngines/WindowsStandaloneSupport/UnityEditor.WindowsStandalone.Extensions.dll
Register platform support module: /Applications/Unity/Hub/Editor/2021.2.10f1/PlaybackEngines/LinuxStandaloneSupport/UnityEditor.LinuxStandalone.Extensions.dll
Registered in 0.002020 seconds.
Native extension for LinuxStandalone target not found
Native extension for WindowsStandalone target not found
Native extension for OSXStandalone target not found
Refreshing native plugins compatible for Editor in 89.60 ms, found 2 plugins.
Preloading 0 native plugins for Editor in 0.00 ms.
Mono: successfully reloaded assembly
- Completed reload, in  0.584 seconds
Domain Reload Profiling:
	ReloadAssembly (584ms)
		BeginReloadAssembly (66ms)
			ExecutionOrderSort (0ms)
			DisableScriptedObjects (0ms)
			BackupInstance (0ms)
			ReleaseScriptingObjects (0ms)
			CreateAndSetChildDomain (1ms)
		EndReloadAssembly (443ms)
			LoadAssemblies (66ms)
			RebuildTransferFunctionScriptingTraits (0ms)
			SetupTypeCache (103ms)
			ReleaseScriptCaches (0ms)
			RebuildScriptCaches (30ms)
			SetupLoadedEditorAssemblies (265ms)
				LogAssemblyErrors (0ms)
				InitializePlatformSupportModulesInManaged (13ms)
				SetLoadedEditorAssemblies (0ms)
				RefreshPlugins (90ms)
				BeforeProcessingInitializeOnLoad (1ms)
				ProcessInitializeOnLoadAttributes (122ms)
				ProcessInitializeOnLoadMethodAttributes (38ms)
				AfterProcessingInitializeOnLoad (0ms)
				EditorAssembliesLoaded (0ms)
			ExecutionOrderSort2 (0ms)
			AwakeInstancesAfterBackupRestoration (0ms)
Platform modules already initialized, skipping
Registering precompiled user dll's ...
Registered in 0.004719 seconds.
Begin MonoManager ReloadAssembly
Symbol file LoadedFromMemory doesn't match image /Users/henrymoss/Documents/GitHub/Sigil-Game/Library/PackageCache/com.unity.visualscripting@1.7.6/Editor/VisualScripting.Core/Dependencies/YamlDotNet/Unity.VisualScripting.YamlDotNet.dll
Symbol file LoadedFromMemory doesn't match image /Users/henrymoss/Documents/GitHub/Sigil-Game/Library/PackageCache/com.unity.visualscripting@1.7.6/Editor/VisualScripting.Core/Dependencies/DotNetZip/Unity.VisualScripting.IonicZip.dll
Native extension for LinuxStandalone target not found
Native extension for WindowsStandalone target not found
Native extension for OSXStandalone target not found
Refreshing native plugins compatible for Editor in 0.49 ms, found 2 plugins.
Preloading 0 native plugins for Editor in 0.00 ms.
Mono: successfully reloaded assembly
- Completed reload, in  1.095 seconds
Domain Reload Profiling:
	ReloadAssembly (1095ms)
		BeginReloadAssembly (96ms)
			ExecutionOrderSort (0ms)
			DisableScriptedObjects (6ms)
			BackupInstance (0ms)
			ReleaseScriptingObjects (0ms)
			CreateAndSetChildDomain (28ms)
		EndReloadAssembly (867ms)
			LoadAssemblies (59ms)
			RebuildTransferFunctionScriptingTraits (0ms)
			SetupTypeCache (285ms)
			ReleaseScriptCaches (1ms)
			RebuildScriptCaches (63ms)
			SetupLoadedEditorAssemblies (396ms)
				LogAssemblyErrors (0ms)
				InitializePlatformSupportModulesInManaged (12ms)
				SetLoadedEditorAssemblies (1ms)
				RefreshPlugins (1ms)
				BeforeProcessingInitializeOnLoad (91ms)
				ProcessInitializeOnLoadAttributes (262ms)
				ProcessInitializeOnLoadMethodAttributes (28ms)
				AfterProcessingInitializeOnLoad (2ms)
				EditorAssembliesLoaded (0ms)
			ExecutionOrderSort2 (0ms)
			AwakeInstancesAfterBackupRestoration (4ms)
Platform modules already initialized, skipping
========================================================================
Worker process is ready to serve import requests
Launching external process: /Applications/Unity/Hub/Editor/2021.2.10f1/Unity.app/Contents/Tools/UnityShaderCompiler
Launched and connected shader compiler UnityShaderCompiler after 0.11 seconds
Refreshing native plugins compatible for Editor in 0.47 ms, found 2 plugins.
Preloading 0 native plugins for Editor in 0.00 ms.
Unloading 3117 Unused Serialized files (Serialized files now loaded: 0)
Unloading 23 unused Assets / (39.9 KB). Loaded Objects now: 3576.
Memory consumption went from 45.3 MB to 45.3 MB.
Total: 3.985458 ms (FindLiveObjects: 0.160583 ms CreateObjectMapping: 0.070250 ms MarkObjects: 3.667958 ms  DeleteObjects: 0.085416 ms)

AssetImportParameters requested are different than current active one (requested -> active):
  custom:video-decoder-ogg-theora: a1e56fd34408186e4bbccfd4996cb3dc -> 
  custom:container-muxer-webm: aa71ff27fc2769a1b78a27578f13a17b -> 
  custom:container-demuxer-webm: 4f35f7cbe854078d1ac9338744f61a02 -> 
  custom:video-encoder-webm-vp8: eb34c28f22e8b96e1ab97ce403110664 -> 
  custom:framework-osx-AVFoundation: e770b220cccbd017edd2c1fefb359320 -> 
  custom:audio-encoder-webm-vorbis: bf7c407c2cedff20999df2af8eb42d56 -> 
  custom:container-demuxer-ogg: 62fdf1f143b41e24485cea50d1cbac27 -> 
  custom:video-decoder-webm-vp8: 9c59270c3fd7afecdb556c50c9e8de78 -> 
  custom:audio-decoder-ogg-vorbis: bf7c407c2cedff20999df2af8eb42d56 -> 
========================================================================
Received Import Request.
  Time since last request: 22538.195764 seconds.
  path: Packages/com.unity.collab-proxy/Editor/PlasticSCM/Assets/Images/loading.png
  artifactKey: Guid(c6b1bcaa3f4767141acd747384dbb276) Importer(815301076,1909f56bfc062723c751e8b465ee728b)
Start importing Packages/com.unity.collab-proxy/Editor/PlasticSCM/Assets/Images/loading.png using Guid(c6b1bcaa3f4767141acd747384dbb276) Importer(815301076,1909f56bfc062723c751e8b465ee728b)  -> (artifact id: '4e8362421d5750d825429adf2ca94791') in 0.662537 seconds 
========================================================================
Received Import Request.
  Time since last request: 0.000363 seconds.
  path: Packages/com.unity.collab-proxy/Editor/PlasticSCM/Assets/Images/step3.png
  artifactKey: Guid(69899ed144c8eea4baea48b858b37746) Importer(815301076,1909f56bfc062723c751e8b465ee728b)
Start importing Packages/com.unity.collab-proxy/Editor/PlasticSCM/Assets/Images/step3.png using Guid(69899ed144c8eea4baea48b858b37746) Importer(815301076,1909f56bfc062723c751e8b465ee728b)  -> (artifact id: '168416398f4f329a56b916a18e27e78e') in 0.021685 seconds 
========================================================================
Received Import Request.
  Time since last request: 0.000104 seconds.
  path: Packages/com.unity.collab-proxy/Editor/PlasticSCM/Assets/Images/ignoredoverlay.png
  artifactKey: Guid(767ce9b1aa9de8747a4c2ffc8b3dd7ad) Importer(815301076,1909f56bfc062723c751e8b465ee728b)
Start importing Packages/com.unity.collab-proxy/Editor/PlasticSCM/Assets/Images/ignoredoverlay.png using Guid(767ce9b1aa9de8747a4c2ffc8b3dd7ad) Importer(815301076,1909f56bfc062723c751e8b465ee728b)  -> (artifact id: '94586477167b00f33415356c76f3d889') in 0.009326 seconds 
========================================================================
Received Import Request.
  Time since last request: 0.000251 seconds.
  path: Packages/com.unity.collab-proxy/Editor/PlasticSCM/Assets/Images/ok.png
  artifactKey: Guid(3238dca1e9ea9fb4aa64b28298ba6dbd) Importer(815301076,1909f56bfc062723c751e8b465ee728b)
Start importing Packages/com.unity.collab-proxy/Editor/PlasticSCM/Assets/Images/ok.png using Guid(3238dca1e9ea9fb4aa64b28298ba6dbd) Importer(815301076,1909f56bfc062723c751e8b465ee728b)  -> (artifact id: '684c9a7fdcc92ee62a7fdf1f3be2af6f') in 0.008402 seconds 
========================================================================
Received Import Request.
  Time since last request: 0.000133 seconds.
  path: Packages/com.unity.collab-proxy/Editor/PlasticSCM/Assets/Images/stepok.png
  artifactKey: Guid(d4780dc1205c7c7478c970d8c61d24e8) Importer(815301076,1909f56bfc062723c751e8b465ee728b)
Start importing Packages/com.unity.collab-proxy/Editor/PlasticSCM/Assets/Images/stepok.png using Guid(d4780dc1205c7c7478c970d8c61d24e8) Importer(815301076,1909f56bfc062723c751e8b465ee728b)  -> (artifact id: '2d289489b6276614b634ebe1cd3d4e8c') in 0.009131 seconds 
========================================================================
Received Import Request.
  Time since last request: 0.000646 seconds.
  path: Packages/com.unity.collab-proxy/Editor/PlasticSCM/Assets/Images/loading@2x.png
  artifactKey: Guid(5dbc069eb79bd4d43840847264d6d956) Importer(815301076,1909f56bfc062723c751e8b465ee728b)
Start importing Packages/com.unity.collab-proxy/Editor/PlasticSCM/Assets/Images/loading@2x.png using Guid(5dbc069eb79bd4d43840847264d6d956) Importer(815301076,1909f56bfc062723c751e8b465ee728b)  -> (artifact id: 'cac6e15dcb17af9b3b6b8e36d2986406') in 0.008628 seconds 
========================================================================
Received Import Request.
  Time since last request: 0.000096 seconds.
  path: Packages/com.unity.collab-proxy/Editor/PlasticSCM/Assets/Images/step1.png
  artifactKey: Guid(9ce84ff0fdeb13d4a83f077d075dd9a5) Importer(815301076,1909f56bfc062723c751e8b465ee728b)
Start importing Packages/com.unity.collab-proxy/Editor/PlasticSCM/Assets/Images/step1.png using Guid(9ce84ff0fdeb13d4a83f077d075dd9a5) Importer(815301076,1909f56bfc062723c751e8b465ee728b)  -> (artifact id: 'a4bd42774a110af27960ea21996826d2') in 0.008432 seconds 
========================================================================
Received Import Request.
  Time since last request: 0.000075 seconds.
  path: Packages/com.unity.collab-proxy/Editor/PlasticSCM/Assets/Images/iconundo.png
  artifactKey: Guid(98773313eabe35543bfdbf542ccea271) Importer(815301076,1909f56bfc062723c751e8b465ee728b)
Start importing Packages/com.unity.collab-proxy/Editor/PlasticSCM/Assets/Images/iconundo.png using Guid(98773313eabe35543bfdbf542ccea271) Importer(815301076,1909f56bfc062723c751e8b465ee728b)  -> (artifact id: 'a5c1cdc75786ad17b6cd1cc9b7af3304') in 0.009513 seconds 
========================================================================
Received Import Request.
  Time since last request: 0.004588 seconds.
  path: Packages/com.unity.collab-proxy/Editor/PlasticSCM/Assets/Images/xlink.png
  artifactKey: Guid(556a2f3b046024d4c9621c1b4be5f0c1) Importer(815301076,1909f56bfc062723c751e8b465ee728b)
Start importing Packages/com.unity.collab-proxy/Editor/PlasticSCM/Assets/Images/xlink.png using Guid(556a2f3b046024d4c9621c1b4be5f0c1) Importer(815301076,1909f56bfc062723c751e8b465ee728b)  -> (artifact id: 'a572c3e4b3c25d8b4353e2551d203411') in 0.009181 seconds 
========================================================================
Received Import Request.
  Time since last request: 0.000073 seconds.
  path: Packages/com.unity.collab-proxy/Editor/PlasticSCM/Assets/Images/stepok@2x.png
  artifactKey: Guid(be340a165cb9c8d4cb50f1deeb51d4ea) Importer(815301076,1909f56bfc062723c751e8b465ee728b)
Start importing Packages/com.unity.collab-proxy/Editor/PlasticSCM/Assets/Images/stepok@2x.png using Guid(be340a165cb9c8d4cb50f1deeb51d4ea) Importer(815301076,1909f56bfc062723c751e8b465ee728b)  -> (artifact id: 'd98bda28e6b9934392fdddaf907ea809') in 0.009600 seconds 
========================================================================
Received Import Request.
  Time since last request: 1.137987 seconds.
  path: Packages/com.unity.collab-proxy/Editor/PlasticSCM/Assets/Images/iconprivateoverlay@2x.png
  artifactKey: Guid(40685941c1361aa4a957b61174bce3f6) Importer(815301076,1909f56bfc062723c751e8b465ee728b)
Start importing Packages/com.unity.collab-proxy/Editor/PlasticSCM/Assets/Images/iconprivateoverlay@2x.png using Guid(40685941c1361aa4a957b61174bce3f6) Importer(815301076,1909f56bfc062723c751e8b465ee728b)  -> (artifact id: '23726273d1828f91392e7ccd51d594df') in 0.009731 seconds 
========================================================================
Received Import Request.
  Time since last request: 0.000052 seconds.
  path: Packages/com.unity.collab-proxy/Editor/PlasticSCM/Assets/Images/iconrepository.png
  artifactKey: Guid(ed64f3a17f2ede646be21ed6edc9161a) Importer(815301076,1909f56bfc062723c751e8b465ee728b)
Start importing Packages/com.unity.collab-proxy/Editor/PlasticSCM/Assets/Images/iconrepository.png using Guid(ed64f3a17f2ede646be21ed6edc9161a) Importer(815301076,1909f56bfc062723c751e8b465ee728b)  -> (artifact id: 'ee8590d2f24bf636fa7ca0e75a1ec1a9') in 0.006802 seconds 
========================================================================
Received Import Request.
  Time since last request: 0.941125 seconds.
  path: Packages/com.unity.collab-proxy/Editor/PlasticSCM/Assets/Images/iconplasticviewnotify@2x.png
  artifactKey: Guid(0a4da12ff51bd83498216f698c7f20fa) Importer(815301076,1909f56bfc062723c751e8b465ee728b)
Start importing Packages/com.unity.collab-proxy/Editor/PlasticSCM/Assets/Images/iconplasticviewnotify@2x.png using Guid(0a4da12ff51bd83498216f698c7f20fa) Importer(815301076,1909f56bfc062723c751e8b465ee728b)  -> (artifact id: '521de6dd739c9f1329242f9058deda64') in 0.008814 seconds 
========================================================================
Received Import Request.
  Time since last request: 0.220667 seconds.
  path: Packages/com.unity.collab-proxy/Editor/PlasticSCM/Assets/Images/iconplasticview.png
  artifactKey: Guid(dcb2ee37925b97e438ae244996d81a55) Importer(815301076,1909f56bfc062723c751e8b465ee728b)
Start importing Packages/com.unity.collab-proxy/Editor/PlasticSCM/Assets/Images/iconplasticview.png using Guid(dcb2ee37925b97e438ae244996d81a55) Importer(815301076,1909f56bfc062723c751e8b465ee728b)  -> (artifact id: '1b73fa8a84a7d6e0a6497027cd722e0b') in 0.008057 seconds 
========================================================================
Received Import Request.
  Time since last request: 0.508645 seconds.
  path: Packages/com.unity.collab-proxy/Editor/PlasticSCM/Assets/Images/iconplasticnotifyconflict@2x.png
  artifactKey: Guid(6e0a54826ffc3ee46b0aa3e1c1575a69) Importer(815301076,1909f56bfc062723c751e8b465ee728b)
Start importing Packages/com.unity.collab-proxy/Editor/PlasticSCM/Assets/Images/iconplasticnotifyconflict@2x.png using Guid(6e0a54826ffc3ee46b0aa3e1c1575a69) Importer(815301076,1909f56bfc062723c751e8b465ee728b)  -> (artifact id: '65a7589427394a43c362cae01eea7832') in 0.008472 seconds 
========================================================================
Received Import Request.
  Time since last request: 0.000106 seconds.
  path: Packages/com.unity.collab-proxy/Editor/PlasticSCM/Assets/Images/iconplasticnotifyincoming.png
  artifactKey: Guid(1e6c9635b80f973488d8335a081c905f) Importer(815301076,1909f56bfc062723c751e8b465ee728b)
Start importing Packages/com.unity.collab-proxy/Editor/PlasticSCM/Assets/Images/iconplasticnotifyincoming.png using Guid(1e6c9635b80f973488d8335a081c905f) Importer(815301076,1909f56bfc062723c751e8b465ee728b)  -> (artifact id: 'c25ffc6a4d7f53016fcff33824c308ad') in 0.006666 seconds 
========================================================================
Received Import Request.
  Time since last request: 0.937638 seconds.
  path: Packages/com.unity.collab-proxy/Editor/PlasticSCM/Assets/Images/iconoutofsyncoverlay@2x.png
  artifactKey: Guid(3728580c149181a44b359e89f6edacae) Importer(815301076,1909f56bfc062723c751e8b465ee728b)
Start importing Packages/com.unity.collab-proxy/Editor/PlasticSCM/Assets/Images/iconoutofsyncoverlay@2x.png using Guid(3728580c149181a44b359e89f6edacae) Importer(815301076,1909f56bfc062723c751e8b465ee728b)  -> (artifact id: 'a8d10864100c012e6824121368d3bc75') in 0.008779 seconds 
========================================================================
Received Import Request.
  Time since last request: 0.000109 seconds.
  path: Packages/com.unity.collab-proxy/Editor/PlasticSCM/Assets/Images/iconplastic.png
  artifactKey: Guid(3042b019b052942a1baf7aa49d7ca6bb) Importer(815301076,1909f56bfc062723c751e8b465ee728b)
Start importing Packages/com.unity.collab-proxy/Editor/PlasticSCM/Assets/Images/iconplastic.png using Guid(3042b019b052942a1baf7aa49d7ca6bb) Importer(815301076,1909f56bfc062723c751e8b465ee728b)  -> (artifact id: '22a000162104bf719df2fa53dd1106b6') in 0.010650 seconds 
========================================================================
Received Import Request.
  Time since last request: 0.305556 seconds.
  path: Packages/com.unity.collab-proxy/Editor/PlasticSCM/Assets/Images/iconoutofsync.png
  artifactKey: Guid(636d03a8834e3ed4cac3a1cb4b82deaf) Importer(815301076,1909f56bfc062723c751e8b465ee728b)
Start importing Packages/com.unity.collab-proxy/Editor/PlasticSCM/Assets/Images/iconoutofsync.png using Guid(636d03a8834e3ed4cac3a1cb4b82deaf) Importer(815301076,1909f56bfc062723c751e8b465ee728b)  -> (artifact id: '1b57696734e360b503be96029a637e29') in 0.008149 seconds 
========================================================================
Received Import Request.
  Time since last request: 0.621483 seconds.
  path: Packages/com.unity.collab-proxy/Editor/PlasticSCM/Assets/Images/iconmerged.png
  artifactKey: Guid(36b376cee8459d34e8aefb062d29bcf2) Importer(815301076,1909f56bfc062723c751e8b465ee728b)
Start importing Packages/com.unity.collab-proxy/Editor/PlasticSCM/Assets/Images/iconmerged.png using Guid(36b376cee8459d34e8aefb062d29bcf2) Importer(815301076,1909f56bfc062723c751e8b465ee728b)  -> (artifact id: '5e53198940d3f665a4787f59d96a8d05') in 0.007911 seconds 
========================================================================
Received Import Request.
  Time since last request: 0.416782 seconds.
  path: Packages/com.unity.collab-proxy/Editor/PlasticSCM/Assets/Images/iconmergeconflict.png
  artifactKey: Guid(3ebdd5b3c161fc343a4bbc3ea42da8ca) Importer(815301076,1909f56bfc062723c751e8b465ee728b)
Start importing Packages/com.unity.collab-proxy/Editor/PlasticSCM/Assets/Images/iconmergeconflict.png using Guid(3ebdd5b3c161fc343a4bbc3ea42da8ca) Importer(815301076,1909f56bfc062723c751e8b465ee728b)  -> (artifact id: '139f40d453874b26c3028eb3435eedd6') in 0.008193 seconds 
========================================================================
Received Import Request.
  Time since last request: 0.000049 seconds.
  path: Packages/com.unity.collab-proxy/Editor/PlasticSCM/Assets/Images/iconmergeconflictoverlay.png
  artifactKey: Guid(0397bb00c9c158d4fa9ce21ec390489d) Importer(815301076,1909f56bfc062723c751e8b465ee728b)
Start importing Packages/com.unity.collab-proxy/Editor/PlasticSCM/Assets/Images/iconmergeconflictoverlay.png using Guid(0397bb00c9c158d4fa9ce21ec390489d) Importer(815301076,1909f56bfc062723c751e8b465ee728b)  -> (artifact id: '5c1d57396ad39e6112368d6df433d7e8') in 0.006763 seconds 
========================================================================
Received Import Request.
  Time since last request: 0.028619 seconds.
  path: Packages/com.unity.collab-proxy/Editor/PlasticSCM/Assets/Images/iconlockedremoteoverlay.png
  artifactKey: Guid(e78d7bb19d72cdd478600b30412eecc9) Importer(815301076,1909f56bfc062723c751e8b465ee728b)
Start importing Packages/com.unity.collab-proxy/Editor/PlasticSCM/Assets/Images/iconlockedremoteoverlay.png using Guid(e78d7bb19d72cdd478600b30412eecc9) Importer(815301076,1909f56bfc062723c751e8b465ee728b)  -> (artifact id: 'bd472af7f5e27d450d57324f5120224c') in 0.007892 seconds 
========================================================================
Received Import Request.
  Time since last request: 0.000048 seconds.
  path: Packages/com.unity.collab-proxy/Editor/PlasticSCM/Assets/Images/iconlockedremoteoverlay@2x.png
  artifactKey: Guid(f73a7d8758d7be04588b15637d94b5a8) Importer(815301076,1909f56bfc062723c751e8b465ee728b)
Start importing Packages/com.unity.collab-proxy/Editor/PlasticSCM/Assets/Images/iconlockedremoteoverlay@2x.png using Guid(f73a7d8758d7be04588b15637d94b5a8) Importer(815301076,1909f56bfc062723c751e8b465ee728b)  -> (artifact id: 'f8109991aa268ed5cab0e749c2fef02f') in 0.007182 seconds 
========================================================================
Received Import Request.
  Time since last request: 0.049670 seconds.
  path: Packages/com.unity.collab-proxy/Editor/PlasticSCM/Assets/Images/iconfschanged.png
  artifactKey: Guid(42d45b97073618b42bfcfc22740c4bc7) Importer(815301076,1909f56bfc062723c751e8b465ee728b)
Start importing Packages/com.unity.collab-proxy/Editor/PlasticSCM/Assets/Images/iconfschanged.png using Guid(42d45b97073618b42bfcfc22740c4bc7) Importer(815301076,1909f56bfc062723c751e8b465ee728b)  -> (artifact id: 'dd426ec8c18e0c3a89d8d812d2e28cd5') in 0.008503 seconds 
========================================================================
Received Import Request.
  Time since last request: 0.000106 seconds.
  path: Packages/com.unity.collab-proxy/Editor/PlasticSCM/Assets/Images/iconlockedlocaloverlay.png
  artifactKey: Guid(3eb463f682a32ab48b98a68d3361e524) Importer(815301076,1909f56bfc062723c751e8b465ee728b)
Start importing Packages/com.unity.collab-proxy/Editor/PlasticSCM/Assets/Images/iconlockedlocaloverlay.png using Guid(3eb463f682a32ab48b98a68d3361e524) Importer(815301076,1909f56bfc062723c751e8b465ee728b)  -> (artifact id: '87e3c4efd51c91e60736b0af53e4712f') in 0.006806 seconds 
========================================================================
Received Import Request.
  Time since last request: 0.001022 seconds.
  path: Packages/com.unity.collab-proxy/Editor/PlasticSCM/Assets/Images/iconemptygravatar.png
  artifactKey: Guid(91976e8b9ce0f0341838727acd55621c) Importer(815301076,1909f56bfc062723c751e8b465ee728b)
Start importing Packages/com.unity.collab-proxy/Editor/PlasticSCM/Assets/Images/iconemptygravatar.png using Guid(91976e8b9ce0f0341838727acd55621c) Importer(815301076,1909f56bfc062723c751e8b465ee728b)  -> (artifact id: 'fdd8e0960bf33a77545f7114ff95662c') in 0.008323 seconds 
========================================================================
Received Import Request.
  Time since last request: 0.931750 seconds.
  path: Packages/com.unity.collab-proxy/Editor/PlasticSCM/Assets/Images/icondeletedremote.png
  artifactKey: Guid(b85a4b2ec6433d04895612d791edc260) Importer(815301076,1909f56bfc062723c751e8b465ee728b)
Start importing Packages/com.unity.collab-proxy/Editor/PlasticSCM/Assets/Images/icondeletedremote.png using Guid(b85a4b2ec6433d04895612d791edc260) Importer(815301076,1909f56bfc062723c751e8b465ee728b)  -> (artifact id: '78e21344264c2fe1e5efea8166306aeb') in 0.007810 seconds 
========================================================================
Received Import Request.
  Time since last request: 0.000064 seconds.
  path: Packages/com.unity.collab-proxy/Editor/PlasticSCM/Assets/Images/icondeletedremote@2x.png
  artifactKey: Guid(70e3ce8ad01f39248a3ea97a35bcf238) Importer(815301076,1909f56bfc062723c751e8b465ee728b)
Start importing Packages/com.unity.collab-proxy/Editor/PlasticSCM/Assets/Images/icondeletedremote@2x.png using Guid(70e3ce8ad01f39248a3ea97a35bcf238) Importer(815301076,1909f56bfc062723c751e8b465ee728b)  -> (artifact id: '51591b47f8b12b6960dc64425e5c3b61') in 0.007805 seconds 
========================================================================
Received Import Request.
  Time since last request: 0.047292 seconds.
  path: Packages/com.unity.collab-proxy/Editor/PlasticSCM/Assets/Images/icondeleted.png
  artifactKey: Guid(77a39e873655d3c4b93d0b7696397b83) Importer(815301076,1909f56bfc062723c751e8b465ee728b)
Start importing Packages/com.unity.collab-proxy/Editor/PlasticSCM/Assets/Images/icondeleted.png using Guid(77a39e873655d3c4b93d0b7696397b83) Importer(815301076,1909f56bfc062723c751e8b465ee728b)  -> (artifact id: 'df2e4682d85e66d1037fab0bd1393012') in 0.008772 seconds 
========================================================================
Received Import Request.
  Time since last request: 0.264788 seconds.
  path: Packages/com.unity.collab-proxy/Editor/PlasticSCM/Assets/Images/iconconflicted@2x.png
  artifactKey: Guid(f95f697d66d238446b1ab717def09945) Importer(815301076,1909f56bfc062723c751e8b465ee728b)
Start importing Packages/com.unity.collab-proxy/Editor/PlasticSCM/Assets/Images/iconconflicted@2x.png using Guid(f95f697d66d238446b1ab717def09945) Importer(815301076,1909f56bfc062723c751e8b465ee728b)  -> (artifact id: '3c377553a96e8c6a7e70cd965d57d3fc') in 0.008058 seconds 
========================================================================
Received Import Request.
  Time since last request: 0.340747 seconds.
  path: Packages/com.unity.collab-proxy/Editor/PlasticSCM/Assets/Images/iconcheckedoutlocaloverlay@2x.png
  artifactKey: Guid(3999034958d54364da380a8839a11050) Importer(815301076,1909f56bfc062723c751e8b465ee728b)
Start importing Packages/com.unity.collab-proxy/Editor/PlasticSCM/Assets/Images/iconcheckedoutlocaloverlay@2x.png using Guid(3999034958d54364da380a8839a11050) Importer(815301076,1909f56bfc062723c751e8b465ee728b)  -> (artifact id: '87c4bc584a7c98f6b7742616360b6e21') in 0.008314 seconds 
========================================================================
Received Import Request.
  Time since last request: 0.410196 seconds.
  path: Packages/com.unity.collab-proxy/Editor/PlasticSCM/Assets/Images/iconbranch@2x.png
  artifactKey: Guid(e45389a8a97044d4caf408f252370632) Importer(815301076,1909f56bfc062723c751e8b465ee728b)
Start importing Packages/com.unity.collab-proxy/Editor/PlasticSCM/Assets/Images/iconbranch@2x.png using Guid(e45389a8a97044d4caf408f252370632) Importer(815301076,1909f56bfc062723c751e8b465ee728b)  -> (artifact id: '001082bd1d667dd2868f20d51b987c4b') in 0.008253 seconds 
========================================================================
Received Import Request.
  Time since last request: 0.176603 seconds.
  path: Packages/com.unity.collab-proxy/Editor/PlasticSCM/Assets/Images/iconaddedoverlay.png
  artifactKey: Guid(5978a510e241e1a41b7ea0db0b64f333) Importer(815301076,1909f56bfc062723c751e8b465ee728b)
Start importing Packages/com.unity.collab-proxy/Editor/PlasticSCM/Assets/Images/iconaddedoverlay.png using Guid(5978a510e241e1a41b7ea0db0b64f333) Importer(815301076,1909f56bfc062723c751e8b465ee728b)  -> (artifact id: '443a6ce87f4c6497b8993b52a6b7d925') in 0.008215 seconds 
========================================================================
Received Import Request.
  Time since last request: 0.545082 seconds.
  path: Packages/com.unity.collab-proxy/Editor/PlasticSCM/Assets/Images/iconaddedlocal.png
  artifactKey: Guid(9a1ab8af8c446204e989a90f18305caf) Importer(815301076,1909f56bfc062723c751e8b465ee728b)
Start importing Packages/com.unity.collab-proxy/Editor/PlasticSCM/Assets/Images/iconaddedlocal.png using Guid(9a1ab8af8c446204e989a90f18305caf) Importer(815301076,1909f56bfc062723c751e8b465ee728b)  -> (artifact id: '24a93cd9e3cb42da1067f8d2c45f7600') in 0.007442 seconds 
========================================================================
Received Import Request.
  Time since last request: 1.068499 seconds.
  path: Packages/com.unity.collab-proxy/Editor/PlasticSCM/Assets/Images/d_stevejobsbuhoshe.png
  artifactKey: Guid(56e456ab0f7f79a4dbabcc9079c49a94) Importer(815301076,1909f56bfc062723c751e8b465ee728b)
Start importing Packages/com.unity.collab-proxy/Editor/PlasticSCM/Assets/Images/d_stevejobsbuhoshe.png using Guid(56e456ab0f7f79a4dbabcc9079c49a94) Importer(815301076,1909f56bfc062723c751e8b465ee728b)  -> (artifact id: '2c9e746a8ec61723a6f1e9dea95d742c') in 0.015846 seconds 
========================================================================
Received Import Request.
  Time since last request: 0.000051 seconds.
  path: Packages/com.unity.collab-proxy/Editor/PlasticSCM/Assets/Images/d_stevejobsbuhoshechristmas.png
  artifactKey: Guid(f008857e434b98b4eaabda1fd6af3059) Importer(815301076,1909f56bfc062723c751e8b465ee728b)
Start importing Packages/com.unity.collab-proxy/Editor/PlasticSCM/Assets/Images/d_stevejobsbuhoshechristmas.png using Guid(f008857e434b98b4eaabda1fd6af3059) Importer(815301076,1909f56bfc062723c751e8b465ee728b)  -> (artifact id: '82e35392ea59d1d6bdbe6999cbb30f91') in 0.013531 seconds 
========================================================================
Received Import Request.
  Time since last request: 3.283697 seconds.
  path: Packages/com.unity.collab-proxy/Editor/PlasticSCM/Assets/Images/d_stepok@2x.png
  artifactKey: Guid(3494dc956dfd7174abc07060940a2848) Importer(815301076,1909f56bfc062723c751e8b465ee728b)
Start importing Packages/com.unity.collab-proxy/Editor/PlasticSCM/Assets/Images/d_stepok@2x.png using Guid(3494dc956dfd7174abc07060940a2848) Importer(815301076,1909f56bfc062723c751e8b465ee728b)  -> (artifact id: '70110054a123064f9aaf41ed7a2c3351') in 0.008910 seconds 
========================================================================
Received Import Request.
  Time since last request: 0.163975 seconds.
  path: Packages/com.unity.collab-proxy/Editor/PlasticSCM/Assets/Images/d_step3.png
  artifactKey: Guid(46930b20180b59e46b73494adf53abbb) Importer(815301076,1909f56bfc062723c751e8b465ee728b)
Start importing Packages/com.unity.collab-proxy/Editor/PlasticSCM/Assets/Images/d_step3.png using Guid(46930b20180b59e46b73494adf53abbb) Importer(815301076,1909f56bfc062723c751e8b465ee728b)  -> (artifact id: '8e8c62317aafdfdf12fd7f9dce0571c2') in 0.008318 seconds 
========================================================================
Received Import Request.
  Time since last request: 0.000051 seconds.
  path: Packages/com.unity.collab-proxy/Editor/PlasticSCM/Assets/Images/d_step3@2x.png
  artifactKey: Guid(c9ed6d6ea2f9657409bfa068d4846139) Importer(815301076,1909f56bfc062723c751e8b465ee728b)
Start importing Packages/com.unity.collab-proxy/Editor/PlasticSCM/Assets/Images/d_step3@2x.png using Guid(c9ed6d6ea2f9657409bfa068d4846139) Importer(815301076,1909f56bfc062723c751e8b465ee728b)  -> (artifact id: '545e60bf9a9f0331357edada8d447581') in 0.007096 seconds 
========================================================================
Received Import Request.
  Time since last request: 0.836526 seconds.
  path: Packages/com.unity.collab-proxy/Editor/PlasticSCM/Assets/Images/d_step1@2x.png
  artifactKey: Guid(c8a69ecdf54ac8e4b873466605de27ff) Importer(815301076,1909f56bfc062723c751e8b465ee728b)
Start importing Packages/com.unity.collab-proxy/Editor/PlasticSCM/Assets/Images/d_step1@2x.png using Guid(c8a69ecdf54ac8e4b873466605de27ff) Importer(815301076,1909f56bfc062723c751e8b465ee728b)  -> (artifact id: '7ce1ac1893f1ff4826304cdfe5759bc8') in 0.007651 seconds 
========================================================================
Received Import Request.
  Time since last request: 0.985395 seconds.
  path: Packages/com.unity.collab-proxy/Editor/PlasticSCM/Assets/Images/d_refresh.png
  artifactKey: Guid(92b8c447daf4d4b41a0ec148d1091261) Importer(815301076,1909f56bfc062723c751e8b465ee728b)
Start importing Packages/com.unity.collab-proxy/Editor/PlasticSCM/Assets/Images/d_refresh.png using Guid(92b8c447daf4d4b41a0ec148d1091261) Importer(815301076,1909f56bfc062723c751e8b465ee728b)  -> (artifact id: 'fb1d2fafd1cfeab9ef93d2c35d671c20') in 0.008111 seconds 
========================================================================
Received Import Request.
  Time since last request: 0.000069 seconds.
  path: Packages/com.unity.collab-proxy/Editor/PlasticSCM/Assets/Images/d_refresh@2x.png
  artifactKey: Guid(602b72d4617c3694aa94419fc1b68e04) Importer(815301076,1909f56bfc062723c751e8b465ee728b)
Start importing Packages/com.unity.collab-proxy/Editor/PlasticSCM/Assets/Images/d_refresh@2x.png using Guid(602b72d4617c3694aa94419fc1b68e04) Importer(815301076,1909f56bfc062723c751e8b465ee728b)  -> (artifact id: 'f261b009b5ae34b27f7e4adb905e4ef1') in 0.007676 seconds 
========================================================================
Received Import Request.
  Time since last request: 0.094535 seconds.
  path: Packages/com.unity.collab-proxy/Editor/PlasticSCM/Assets/Images/d_ignoredoverlay@2x.png
  artifactKey: Guid(68fafd0a2acc3774988418f657bf7b68) Importer(815301076,1909f56bfc062723c751e8b465ee728b)
Start importing Packages/com.unity.collab-proxy/Editor/PlasticSCM/Assets/Images/d_ignoredoverlay@2x.png using Guid(68fafd0a2acc3774988418f657bf7b68) Importer(815301076,1909f56bfc062723c751e8b465ee728b)  -> (artifact id: 'cd9699e4cd0eab6362aefe3f6f697169') in 0.008098 seconds 
========================================================================
Received Import Request.
  Time since last request: 0.000052 seconds.
  path: Packages/com.unity.collab-proxy/Editor/PlasticSCM/Assets/Images/d_loading.png
  artifactKey: Guid(d58e94bfb1bac774dbb8ca9c2597ef2e) Importer(815301076,1909f56bfc062723c751e8b465ee728b)
Start importing Packages/com.unity.collab-proxy/Editor/PlasticSCM/Assets/Images/d_loading.png using Guid(d58e94bfb1bac774dbb8ca9c2597ef2e) Importer(815301076,1909f56bfc062723c751e8b465ee728b)  -> (artifact id: 'a071c11c1ae2639e133ce5397440337b') in 0.007041 seconds 
========================================================================
Received Import Request.
  Time since last request: 0.575447 seconds.
  path: Packages/com.unity.collab-proxy/Editor/PlasticSCM/Assets/Images/d_iconundo.png
  artifactKey: Guid(691dc543ff5b9ca44bf846657ba04161) Importer(815301076,1909f56bfc062723c751e8b465ee728b)
Start importing Packages/com.unity.collab-proxy/Editor/PlasticSCM/Assets/Images/d_iconundo.png using Guid(691dc543ff5b9ca44bf846657ba04161) Importer(815301076,1909f56bfc062723c751e8b465ee728b)  -> (artifact id: 'c1f056a5c4280c9bcd8e84564b651f54') in 0.008808 seconds 
========================================================================
Received Import Request.
  Time since last request: 0.000047 seconds.
  path: Packages/com.unity.collab-proxy/Editor/PlasticSCM/Assets/Images/d_iconundo@2x.png
  artifactKey: Guid(6d6088174bb906b49ad8428526ee337b) Importer(815301076,1909f56bfc062723c751e8b465ee728b)
Start importing Packages/com.unity.collab-proxy/Editor/PlasticSCM/Assets/Images/d_iconundo@2x.png using Guid(6d6088174bb906b49ad8428526ee337b) Importer(815301076,1909f56bfc062723c751e8b465ee728b)  -> (artifact id: 'b16dbfafe508274b3dccf49c55fd9337') in 0.007426 seconds 
========================================================================
Received Import Request.
  Time since last request: 0.648274 seconds.
  path: Packages/com.unity.collab-proxy/Editor/PlasticSCM/Assets/Images/d_iconplasticviewnotify@2x.png
  artifactKey: Guid(64eb0648ca0d11944a9517d8662508fd) Importer(815301076,1909f56bfc062723c751e8b465ee728b)
Start importing Packages/com.unity.collab-proxy/Editor/PlasticSCM/Assets/Images/d_iconplasticviewnotify@2x.png using Guid(64eb0648ca0d11944a9517d8662508fd) Importer(815301076,1909f56bfc062723c751e8b465ee728b)  -> (artifact id: 'f699f353262f7ab2e08cbbc19dc88793') in 0.007517 seconds 
========================================================================
Received Import Request.
  Time since last request: 0.000056 seconds.
  path: Packages/com.unity.collab-proxy/Editor/PlasticSCM/Assets/Images/d_iconprivateoverlay.png
  artifactKey: Guid(059fb5367594a3343814dc25ace454b3) Importer(815301076,1909f56bfc062723c751e8b465ee728b)
Start importing Packages/com.unity.collab-proxy/Editor/PlasticSCM/Assets/Images/d_iconprivateoverlay.png using Guid(059fb5367594a3343814dc25ace454b3) Importer(815301076,1909f56bfc062723c751e8b465ee728b)  -> (artifact id: '1dfdbe5ccae7659d14b5b21896e3c22c') in 0.007071 seconds 
========================================================================
Received Import Request.
  Time since last request: 2.285315 seconds.
  path: Packages/com.unity.collab-proxy/Editor/PlasticSCM/Assets/Images/d_iconplasticview.png
  artifactKey: Guid(519d97e745e55f041b609f3666cbc037) Importer(815301076,1909f56bfc062723c751e8b465ee728b)
Start importing Packages/com.unity.collab-proxy/Editor/PlasticSCM/Assets/Images/d_iconplasticview.png using Guid(519d97e745e55f041b609f3666cbc037) Importer(815301076,1909f56bfc062723c751e8b465ee728b)  -> (artifact id: 'a0d3ec687296968d17ee0a8ebfb915e0') in 0.008651 seconds 
========================================================================
Received Import Request.
  Time since last request: 0.000067 seconds.
  path: Packages/com.unity.collab-proxy/Editor/PlasticSCM/Assets/Images/d_iconplasticview@2x.png
  artifactKey: Guid(3168140d6f409d0448447f18568d9482) Importer(815301076,1909f56bfc062723c751e8b465ee728b)
Start importing Packages/com.unity.collab-proxy/Editor/PlasticSCM/Assets/Images/d_iconplasticview@2x.png using Guid(3168140d6f409d0448447f18568d9482) Importer(815301076,1909f56bfc062723c751e8b465ee728b)  -> (artifact id: '094134321d95e0bd2c40e758ed749e37') in 0.007281 seconds 
========================================================================
Received Import Request.
  Time since last request: 0.417140 seconds.
  path: Packages/com.unity.collab-proxy/Editor/PlasticSCM/Assets/Images/d_iconplasticnotifyconflict@2x.png
  artifactKey: Guid(23743f0c0ed1e6546808a5d645c2a6a5) Importer(815301076,1909f56bfc062723c751e8b465ee728b)
Start importing Packages/com.unity.collab-proxy/Editor/PlasticSCM/Assets/Images/d_iconplasticnotifyconflict@2x.png using Guid(23743f0c0ed1e6546808a5d645c2a6a5) Importer(815301076,1909f56bfc062723c751e8b465ee728b)  -> (artifact id: 'da1e384fbf6886c1cc3af9da0fcf0ee4') in 0.008130 seconds 
========================================================================
Received Import Request.
  Time since last request: 0.416467 seconds.
  path: Packages/com.unity.collab-proxy/Editor/PlasticSCM/Assets/Images/d_iconoutofsyncoverlay.png
  artifactKey: Guid(dc633de6e6e7415448c7568418239a9d) Importer(815301076,1909f56bfc062723c751e8b465ee728b)
Start importing Packages/com.unity.collab-proxy/Editor/PlasticSCM/Assets/Images/d_iconoutofsyncoverlay.png using Guid(dc633de6e6e7415448c7568418239a9d) Importer(815301076,1909f56bfc062723c751e8b465ee728b)  -> (artifact id: 'c483ad1df663906ab5f0181b255b5c7c') in 0.008015 seconds 
========================================================================
Received Import Request.
  Time since last request: 0.000053 seconds.
  path: Packages/com.unity.collab-proxy/Editor/PlasticSCM/Assets/Images/d_iconoutofsyncoverlay@2x.png
  artifactKey: Guid(4d7e6e570e9d65a4c9a994783a0652e2) Importer(815301076,1909f56bfc062723c751e8b465ee728b)
Start importing Packages/com.unity.collab-proxy/Editor/PlasticSCM/Assets/Images/d_iconoutofsyncoverlay@2x.png using Guid(4d7e6e570e9d65a4c9a994783a0652e2) Importer(815301076,1909f56bfc062723c751e8b465ee728b)  -> (artifact id: '6a3ebba546cc86d441393630273f07bb') in 0.006908 seconds 
========================================================================
Received Import Request.
  Time since last request: 0.315908 seconds.
  path: Packages/com.unity.collab-proxy/Editor/PlasticSCM/Assets/Images/d_iconmergeconflictoverlay@2x.png
  artifactKey: Guid(2e2ab640fc132eb4c83f1c586c46d610) Importer(815301076,1909f56bfc062723c751e8b465ee728b)
Start importing Packages/com.unity.collab-proxy/Editor/PlasticSCM/Assets/Images/d_iconmergeconflictoverlay@2x.png using Guid(2e2ab640fc132eb4c83f1c586c46d610) Importer(815301076,1909f56bfc062723c751e8b465ee728b)  -> (artifact id: '85152f0ba0a26b12803cb3a26a97b844') in 0.007616 seconds 
========================================================================
Received Import Request.
  Time since last request: 0.000044 seconds.
  path: Packages/com.unity.collab-proxy/Editor/PlasticSCM/Assets/Images/d_iconoutofsync.png
  artifactKey: Guid(0e80bd0b4a8196f46acf73711b9505ec) Importer(815301076,1909f56bfc062723c751e8b465ee728b)
Start importing Packages/com.unity.collab-proxy/Editor/PlasticSCM/Assets/Images/d_iconoutofsync.png using Guid(0e80bd0b4a8196f46acf73711b9505ec) Importer(815301076,1909f56bfc062723c751e8b465ee728b)  -> (artifact id: 'a5f4a3d60c2213a9688df9a3830df1ca') in 0.006783 seconds 
========================================================================
Received Import Request.
  Time since last request: 0.164557 seconds.
  path: Packages/com.unity.collab-proxy/Editor/PlasticSCM/Assets/Images/d_iconlockedremoteoverlay.png
  artifactKey: Guid(1046ed65e6aaffb4391378f6d08d6c14) Importer(815301076,1909f56bfc062723c751e8b465ee728b)
Start importing Packages/com.unity.collab-proxy/Editor/PlasticSCM/Assets/Images/d_iconlockedremoteoverlay.png using Guid(1046ed65e6aaffb4391378f6d08d6c14) Importer(815301076,1909f56bfc062723c751e8b465ee728b)  -> (artifact id: '94dffd0e6f0c9cf5de7e6ca5d3e804f6') in 0.008198 seconds 
========================================================================
Received Import Request.
  Time since last request: 0.000074 seconds.
  path: Packages/com.unity.collab-proxy/Editor/PlasticSCM/Assets/Images/d_iconlockedremoteoverlay@2x.png
  artifactKey: Guid(2bb4e96f5d0b02c468932d665a015c54) Importer(815301076,1909f56bfc062723c751e8b465ee728b)
Start importing Packages/com.unity.collab-proxy/Editor/PlasticSCM/Assets/Images/d_iconlockedremoteoverlay@2x.png using Guid(2bb4e96f5d0b02c468932d665a015c54) Importer(815301076,1909f56bfc062723c751e8b465ee728b)  -> (artifact id: 'e4019f6c29e4605a470ea699d65b3857') in 0.007716 seconds 
========================================================================
Received Import Request.
  Time since last request: 0.208376 seconds.
  path: Packages/com.unity.collab-proxy/Editor/PlasticSCM/Assets/Images/d_iconemptygravatar@2x.png
  artifactKey: Guid(0ac55f9f886d827408c102bdf33c5ff7) Importer(815301076,1909f56bfc062723c751e8b465ee728b)
Start importing Packages/com.unity.collab-proxy/Editor/PlasticSCM/Assets/Images/d_iconemptygravatar@2x.png using Guid(0ac55f9f886d827408c102bdf33c5ff7) Importer(815301076,1909f56bfc062723c751e8b465ee728b)  -> (artifact id: 'e2aebe7ec505e75283da4180345b6135') in 0.009640 seconds 
========================================================================
Received Import Request.
  Time since last request: 0.042404 seconds.
  path: Packages/com.unity.collab-proxy/Editor/PlasticSCM/Assets/Images/d_icondeletedremoteoverlay.png
  artifactKey: Guid(3de8a0634e55df8499c88204001cb0dd) Importer(815301076,1909f56bfc062723c751e8b465ee728b)
Start importing Packages/com.unity.collab-proxy/Editor/PlasticSCM/Assets/Images/d_icondeletedremoteoverlay.png using Guid(3de8a0634e55df8499c88204001cb0dd) Importer(815301076,1909f56bfc062723c751e8b465ee728b)  -> (artifact id: 'aafab790c092b28b01037a70fa3159dd') in 0.008222 seconds 
========================================================================
Received Import Request.
  Time since last request: 0.000052 seconds.
  path: Packages/com.unity.collab-proxy/Editor/PlasticSCM/Assets/Images/d_icondeletedremoteoverlay@2x.png
  artifactKey: Guid(2cfbf6619eb047545a425e8a31732c83) Importer(815301076,1909f56bfc062723c751e8b465ee728b)
Start importing Packages/com.unity.collab-proxy/Editor/PlasticSCM/Assets/Images/d_icondeletedremoteoverlay@2x.png using Guid(2cfbf6619eb047545a425e8a31732c83) Importer(815301076,1909f56bfc062723c751e8b465ee728b)  -> (artifact id: '2353e852c7168fd3dfbbc5305346e77d') in 0.007128 seconds 
========================================================================
Received Import Request.
  Time since last request: 0.028115 seconds.
  path: Packages/com.unity.collab-proxy/Editor/PlasticSCM/Assets/Images/d_icondeletedlocaloverlay@2x.png
  artifactKey: Guid(92b204cca46037444ab18ba6701f86f7) Importer(815301076,1909f56bfc062723c751e8b465ee728b)
Start importing Packages/com.unity.collab-proxy/Editor/PlasticSCM/Assets/Images/d_icondeletedlocaloverlay@2x.png using Guid(92b204cca46037444ab18ba6701f86f7) Importer(815301076,1909f56bfc062723c751e8b465ee728b)  -> (artifact id: '086aa1e54dd1fb4b39c5c5be72cb3c38') in 0.007865 seconds 
========================================================================
Received Import Request.
  Time since last request: 0.024359 seconds.
  path: Packages/com.unity.collab-proxy/Editor/PlasticSCM/Assets/Images/d_iconconflictresolvedoverlay.png
  artifactKey: Guid(056ee72c467a4e24d87541d42839ca72) Importer(815301076,1909f56bfc062723c751e8b465ee728b)
Start importing Packages/com.unity.collab-proxy/Editor/PlasticSCM/Assets/Images/d_iconconflictresolvedoverlay.png using Guid(056ee72c467a4e24d87541d42839ca72) Importer(815301076,1909f56bfc062723c751e8b465ee728b)  -> (artifact id: 'd769489724a49e3a283413a48448542c') in 0.007586 seconds 
========================================================================
Received Import Request.
  Time since last request: 0.056609 seconds.
  path: Packages/com.unity.collab-proxy/Editor/PlasticSCM/Assets/Images/d_iconcheckedoutlocaloverlay@2x.png
  artifactKey: Guid(8d98ab6168c3e91439339f1908b8fe97) Importer(815301076,1909f56bfc062723c751e8b465ee728b)
Start importing Packages/com.unity.collab-proxy/Editor/PlasticSCM/Assets/Images/d_iconcheckedoutlocaloverlay@2x.png using Guid(8d98ab6168c3e91439339f1908b8fe97) Importer(815301076,1909f56bfc062723c751e8b465ee728b)  -> (artifact id: '6408859c73df13f443407da79c356820') in 0.007525 seconds 
========================================================================
Received Import Request.
  Time since last request: 0.000038 seconds.
  path: Packages/com.unity.collab-proxy/Editor/PlasticSCM/Assets/Images/d_iconconflicted.png
  artifactKey: Guid(881798b77426a8f47b533dcc4767e9e5) Importer(815301076,1909f56bfc062723c751e8b465ee728b)
Start importing Packages/com.unity.collab-proxy/Editor/PlasticSCM/Assets/Images/d_iconconflicted.png using Guid(881798b77426a8f47b533dcc4767e9e5) Importer(815301076,1909f56bfc062723c751e8b465ee728b)  -> (artifact id: '4602aaa3e3d0f581b470e930c6e76881') in 0.007312 seconds 
========================================================================
Received Import Request.
  Time since last request: 0.081701 seconds.
  path: Packages/com.unity.collab-proxy/Editor/PlasticSCM/Assets/Images/d_iconbranch.png
  artifactKey: Guid(612c5e166a121e3449dad067fbdc37a4) Importer(815301076,1909f56bfc062723c751e8b465ee728b)
Start importing Packages/com.unity.collab-proxy/Editor/PlasticSCM/Assets/Images/d_iconbranch.png using Guid(612c5e166a121e3449dad067fbdc37a4) Importer(815301076,1909f56bfc062723c751e8b465ee728b)  -> (artifact id: '47accf7d648150a3ab19b10ba5fddc93') in 0.008511 seconds 
========================================================================
Received Import Request.
  Time since last request: 0.000072 seconds.
  path: Packages/com.unity.collab-proxy/Editor/PlasticSCM/Assets/Images/d_iconbranch@2x.png
  artifactKey: Guid(874d8401331ede14087e8d8d486ddda6) Importer(815301076,1909f56bfc062723c751e8b465ee728b)
Start importing Packages/com.unity.collab-proxy/Editor/PlasticSCM/Assets/Images/d_iconbranch@2x.png using Guid(874d8401331ede14087e8d8d486ddda6) Importer(815301076,1909f56bfc062723c751e8b465ee728b)  -> (artifact id: '3fc8eb6147cbce8afb05b7d59720675b') in 0.006959 seconds 
========================================================================
Received Import Request.
  Time since last request: 0.182259 seconds.
  path: Packages/com.unity.collab-proxy/Editor/PlasticSCM/Assets/Images/d_iconaddedlocal@2x.png
  artifactKey: Guid(02800fb9cff14da47a04572790384d8b) Importer(815301076,1909f56bfc062723c751e8b465ee728b)
Start importing Packages/com.unity.collab-proxy/Editor/PlasticSCM/Assets/Images/d_iconaddedlocal@2x.png using Guid(02800fb9cff14da47a04572790384d8b) Importer(815301076,1909f56bfc062723c751e8b465ee728b)  -> (artifact id: '183113142db1f9a4b5d32eb8a6032aae') in 0.008500 seconds 
========================================================================
Received Import Request.
  Time since last request: 0.591299 seconds.
  path: Packages/com.unity.collab-proxy/Editor/PlasticSCM/Assets/Images/d_genericbuhoshechristmas2.png
  artifactKey: Guid(7fd3cda14282bb7429b8eeb6c121e5bb) Importer(815301076,1909f56bfc062723c751e8b465ee728b)
Start importing Packages/com.unity.collab-proxy/Editor/PlasticSCM/Assets/Images/d_genericbuhoshechristmas2.png using Guid(7fd3cda14282bb7429b8eeb6c121e5bb) Importer(815301076,1909f56bfc062723c751e8b465ee728b)  -> (artifact id: 'b6183789609aa18d7d2bc6ab7ae1b344') in 0.014739 seconds 
========================================================================
Received Import Request.
  Time since last request: 0.000060 seconds.
  path: Packages/com.unity.collab-proxy/Editor/PlasticSCM/Assets/Images/d_genericbuhoshechristmas3.png
  artifactKey: Guid(f8c9467a892580344bb697526dac0d13) Importer(815301076,1909f56bfc062723c751e8b465ee728b)
Start importing Packages/com.unity.collab-proxy/Editor/PlasticSCM/Assets/Images/d_genericbuhoshechristmas3.png using Guid(f8c9467a892580344bb697526dac0d13) Importer(815301076,1909f56bfc062723c751e8b465ee728b)  -> (artifact id: '5fec368bdfbe61af4a78a4260ca96c33') in 0.013322 seconds 
========================================================================
Received Import Request.
  Time since last request: 0.049947 seconds.
  path: Packages/com.unity.collab-proxy/Editor/PlasticSCM/Assets/Images/d_genericbuhoshe2.png
  artifactKey: Guid(17035c204825f6340a252046ab6476fd) Importer(815301076,1909f56bfc062723c751e8b465ee728b)
Start importing Packages/com.unity.collab-proxy/Editor/PlasticSCM/Assets/Images/d_genericbuhoshe2.png using Guid(17035c204825f6340a252046ab6476fd) Importer(815301076,1909f56bfc062723c751e8b465ee728b)  -> (artifact id: 'b746be3ecd000de908b460645d51cd41') in 0.013911 seconds 
========================================================================
Received Import Request.
  Time since last request: 0.000051 seconds.
  path: Packages/com.unity.collab-proxy/Editor/PlasticSCM/Assets/Images/d_genericbuhoshe3.png
  artifactKey: Guid(9bb60d9b0987c3747b57516cc172d0c7) Importer(815301076,1909f56bfc062723c751e8b465ee728b)
Start importing Packages/com.unity.collab-proxy/Editor/PlasticSCM/Assets/Images/d_genericbuhoshe3.png using Guid(9bb60d9b0987c3747b57516cc172d0c7) Importer(815301076,1909f56bfc062723c751e8b465ee728b)  -> (artifact id: '41a89322af70ee3cf02f34a010f2613d') in 0.012592 seconds 
========================================================================
Received Import Request.
  Time since last request: 0.053744 seconds.
  path: Packages/com.unity.collab-proxy/Editor/PlasticSCM/Assets/Images/d_genericbuhochristmas2.png
  artifactKey: Guid(5955491dc8dcecb4a993d9a008cf65a7) Importer(815301076,1909f56bfc062723c751e8b465ee728b)
Start importing Packages/com.unity.collab-proxy/Editor/PlasticSCM/Assets/Images/d_genericbuhochristmas2.png using Guid(5955491dc8dcecb4a993d9a008cf65a7) Importer(815301076,1909f56bfc062723c751e8b465ee728b)  -> (artifact id: 'f2717b0b79dcfacbbbe3aaa0b9760aaa') in 0.014684 seconds 
========================================================================
Received Import Request.
  Time since last request: 0.000068 seconds.
  path: Packages/com.unity.collab-proxy/Editor/PlasticSCM/Assets/Images/d_genericbuhochristmas3.png
  artifactKey: Guid(6fac4e39926fd9c4ca2ba4416160a857) Importer(815301076,1909f56bfc062723c751e8b465ee728b)
Start importing Packages/com.unity.collab-proxy/Editor/PlasticSCM/Assets/Images/d_genericbuhochristmas3.png using Guid(6fac4e39926fd9c4ca2ba4416160a857) Importer(815301076,1909f56bfc062723c751e8b465ee728b)  -> (artifact id: '0ddeb282fe325be32b016fade77e728b') in 0.013165 seconds 
========================================================================
Received Prepare
Registering precompiled user dll's ...
Registered in 0.002769 seconds.
Begin MonoManager ReloadAssembly
Thread 0x17fdef000 may have been prematurely finalized
Symbol file LoadedFromMemory doesn't match image /Users/henrymoss/Documents/GitHub/Sigil-Game/Library/PackageCache/com.unity.visualscripting@1.7.6/Editor/VisualScripting.Core/Dependencies/YamlDotNet/Unity.VisualScripting.YamlDotNet.dll
Symbol file LoadedFromMemory doesn't match image /Users/henrymoss/Documents/GitHub/Sigil-Game/Library/PackageCache/com.unity.visualscripting@1.7.6/Editor/VisualScripting.Core/Dependencies/DotNetZip/Unity.VisualScripting.IonicZip.dll
Native extension for LinuxStandalone target not found
Native extension for WindowsStandalone target not found
Native extension for OSXStandalone target not found
Refreshing native plugins compatible for Editor in 0.55 ms, found 2 plugins.
Preloading 0 native plugins for Editor in 0.00 ms.
Unable to allocate new scene culling mask
UnityEngine.StackTraceUtility:ExtractStackTrace () (at /Users/bokken/buildslave/unity/build/Runtime/Export/Scripting/StackTrace.cs:37)
UnityEditor.SceneManagement.EditorSceneManager:NewPreviewScene (bool)
UnityEditor.SceneManagement.EditorSceneManager:NewPreviewScene () (at /Users/bokken/buildslave/unity/build/Editor/Mono/EditorSceneManager.bindings.cs:84)
UnityEditor.PreviewScene:.ctor (string) (at /Users/bokken/buildslave/unity/build/Editor/Mono/Inspector/PreviewRenderUtility.cs:22)
UnityEditor.PreviewRenderUtility:.ctor () (at /Users/bokken/buildslave/unity/build/Editor/Mono/Inspector/PreviewRenderUtility.cs:109)
UnityEditor.Texture3DPreview:InitPreviewUtility () (at /Users/bokken/buildslave/unity/build/Editor/Mono/Inspector/Texture3DPreview.cs:209)
UnityEditor.Texture3DPreview:OnEnable () (at /Users/bokken/buildslave/unity/build/Editor/Mono/Inspector/Texture3DPreview.cs:193)

[/Users/bokken/buildslave/unity/build/Editor/Mono/EditorSceneManager.bindings.cs line 84]

Unable to allocate new scene culling mask
UnityEngine.StackTraceUtility:ExtractStackTrace () (at /Users/bokken/buildslave/unity/build/Runtime/Export/Scripting/StackTrace.cs:37)
UnityEditor.SceneManagement.EditorSceneManager:NewPreviewScene (bool)
UnityEditor.SceneManagement.EditorSceneManager:NewPreviewScene () (at /Users/bokken/buildslave/unity/build/Editor/Mono/EditorSceneManager.bindings.cs:84)
UnityEditor.PreviewScene:.ctor (string) (at /Users/bokken/buildslave/unity/build/Editor/Mono/Inspector/PreviewRenderUtility.cs:22)
UnityEditor.PreviewRenderUtility:.ctor () (at /Users/bokken/buildslave/unity/build/Editor/Mono/Inspector/PreviewRenderUtility.cs:109)
UnityEditor.Texture3DPreview:InitPreviewUtility () (at /Users/bokken/buildslave/unity/build/Editor/Mono/Inspector/Texture3DPreview.cs:209)
UnityEditor.Texture3DPreview:OnEnable () (at /Users/bokken/buildslave/unity/build/Editor/Mono/Inspector/Texture3DPreview.cs:193)

[/Users/bokken/buildslave/unity/build/Editor/Mono/EditorSceneManager.bindings.cs line 84]

Unable to allocate new scene culling mask
UnityEngine.StackTraceUtility:ExtractStackTrace () (at /Users/bokken/buildslave/unity/build/Runtime/Export/Scripting/StackTrace.cs:37)
UnityEditor.SceneManagement.EditorSceneManager:NewPreviewScene (bool)
UnityEditor.SceneManagement.EditorSceneManager:NewPreviewScene () (at /Users/bokken/buildslave/unity/build/Editor/Mono/EditorSceneManager.bindings.cs:84)
UnityEditor.PreviewScene:.ctor (string) (at /Users/bokken/buildslave/unity/build/Editor/Mono/Inspector/PreviewRenderUtility.cs:22)
UnityEditor.PreviewRenderUtility:.ctor () (at /Users/bokken/buildslave/unity/build/Editor/Mono/Inspector/PreviewRenderUtility.cs:109)
UnityEditor.Texture3DPreview:InitPreviewUtility () (at /Users/bokken/buildslave/unity/build/Editor/Mono/Inspector/Texture3DPreview.cs:209)
UnityEditor.Texture3DPreview:OnEnable () (at /Users/bokken/buildslave/unity/build/Editor/Mono/Inspector/Texture3DPreview.cs:193)

[/Users/bokken/buildslave/unity/build/Editor/Mono/EditorSceneManager.bindings.cs line 84]

Unable to allocate new scene culling mask
UnityEngine.StackTraceUtility:ExtractStackTrace () (at /Users/bokken/buildslave/unity/build/Runtime/Export/Scripting/StackTrace.cs:37)
UnityEditor.SceneManagement.EditorSceneManager:NewPreviewScene (bool)
UnityEditor.SceneManagement.EditorSceneManager:NewPreviewScene () (at /Users/bokken/buildslave/unity/build/Editor/Mono/EditorSceneManager.bindings.cs:84)
UnityEditor.PreviewScene:.ctor (string) (at /Users/bokken/buildslave/unity/build/Editor/Mono/Inspector/PreviewRenderUtility.cs:22)
UnityEditor.PreviewRenderUtility:.ctor () (at /Users/bokken/buildslave/unity/build/Editor/Mono/Inspector/PreviewRenderUtility.cs:109)
UnityEditor.Texture3DPreview:InitPreviewUtility () (at /Users/bokken/buildslave/unity/build/Editor/Mono/Inspector/Texture3DPreview.cs:209)
UnityEditor.Texture3DPreview:OnEnable () (at /Users/bokken/buildslave/unity/build/Editor/Mono/Inspector/Texture3DPreview.cs:193)

[/Users/bokken/buildslave/unity/build/Editor/Mono/EditorSceneManager.bindings.cs line 84]

Unable to allocate new scene culling mask
UnityEngine.StackTraceUtility:ExtractStackTrace () (at /Users/bokken/buildslave/unity/build/Runtime/Export/Scripting/StackTrace.cs:37)
UnityEditor.SceneManagement.EditorSceneManager:NewPreviewScene (bool)
UnityEditor.SceneManagement.EditorSceneManager:NewPreviewScene () (at /Users/bokken/buildslave/unity/build/Editor/Mono/EditorSceneManager.bindings.cs:84)
UnityEditor.PreviewScene:.ctor (string) (at /Users/bokken/buildslave/unity/build/Editor/Mono/Inspector/PreviewRenderUtility.cs:22)
UnityEditor.PreviewRenderUtility:.ctor () (at /Users/bokken/buildslave/unity/build/Editor/Mono/Inspector/PreviewRenderUtility.cs:109)
UnityEditor.Texture3DPreview:InitPreviewUtility () (at /Users/bokken/buildslave/unity/build/Editor/Mono/Inspector/Texture3DPreview.cs:209)
UnityEditor.Texture3DPreview:OnEnable () (at /Users/bokken/buildslave/unity/build/Editor/Mono/Inspector/Texture3DPreview.cs:193)

[/Users/bokken/buildslave/unity/build/Editor/Mono/EditorSceneManager.bindings.cs line 84]

Unable to allocate new scene culling mask
UnityEngine.StackTraceUtility:ExtractStackTrace () (at /Users/bokken/buildslave/unity/build/Runtime/Export/Scripting/StackTrace.cs:37)
UnityEditor.SceneManagement.EditorSceneManager:NewPreviewScene (bool)
UnityEditor.SceneManagement.EditorSceneManager:NewPreviewScene () (at /Users/bokken/buildslave/unity/build/Editor/Mono/EditorSceneManager.bindings.cs:84)
UnityEditor.PreviewScene:.ctor (string) (at /Users/bokken/buildslave/unity/build/Editor/Mono/Inspector/PreviewRenderUtility.cs:22)
UnityEditor.PreviewRenderUtility:.ctor () (at /Users/bokken/buildslave/unity/build/Editor/Mono/Inspector/PreviewRenderUtility.cs:109)
UnityEditor.Texture3DPreview:InitPreviewUtility () (at /Users/bokken/buildslave/unity/build/Editor/Mono/Inspector/Texture3DPreview.cs:209)
UnityEditor.Texture3DPreview:OnEnable () (at /Users/bokken/buildslave/unity/build/Editor/Mono/Inspector/Texture3DPreview.cs:193)

[/Users/bokken/buildslave/unity/build/Editor/Mono/EditorSceneManager.bindings.cs line 84]

Unable to allocate new scene culling mask
UnityEngine.StackTraceUtility:ExtractStackTrace () (at /Users/bokken/buildslave/unity/build/Runtime/Export/Scripting/StackTrace.cs:37)
UnityEditor.SceneManagement.EditorSceneManager:NewPreviewScene (bool)
UnityEditor.SceneManagement.EditorSceneManager:NewPreviewScene () (at /Users/bokken/buildslave/unity/build/Editor/Mono/EditorSceneManager.bindings.cs:84)
UnityEditor.PreviewScene:.ctor (string) (at /Users/bokken/buildslave/unity/build/Editor/Mono/Inspector/PreviewRenderUtility.cs:22)
UnityEditor.PreviewRenderUtility:.ctor () (at /Users/bokken/buildslave/unity/build/Editor/Mono/Inspector/PreviewRenderUtility.cs:109)
UnityEditor.Texture3DPreview:InitPreviewUtility () (at /Users/bokken/buildslave/unity/build/Editor/Mono/Inspector/Texture3DPreview.cs:209)
UnityEditor.Texture3DPreview:OnEnable () (at /Users/bokken/buildslave/unity/build/Editor/Mono/Inspector/Texture3DPreview.cs:193)

[/Users/bokken/buildslave/unity/build/Editor/Mono/EditorSceneManager.bindings.cs line 84]

Unable to allocate new scene culling mask
UnityEngine.StackTraceUtility:ExtractStackTrace () (at /Users/bokken/buildslave/unity/build/Runtime/Export/Scripting/StackTrace.cs:37)
UnityEditor.SceneManagement.EditorSceneManager:NewPreviewScene (bool)
UnityEditor.SceneManagement.EditorSceneManager:NewPreviewScene () (at /Users/bokken/buildslave/unity/build/Editor/Mono/EditorSceneManager.bindings.cs:84)
UnityEditor.PreviewScene:.ctor (string) (at /Users/bokken/buildslave/unity/build/Editor/Mono/Inspector/PreviewRenderUtility.cs:22)
UnityEditor.PreviewRenderUtility:.ctor () (at /Users/bokken/buildslave/unity/build/Editor/Mono/Inspector/PreviewRenderUtility.cs:109)
UnityEditor.Texture3DPreview:InitPreviewUtility () (at /Users/bokken/buildslave/unity/build/Editor/Mono/Inspector/Texture3DPreview.cs:209)
UnityEditor.Texture3DPreview:OnEnable () (at /Users/bokken/buildslave/unity/build/Editor/Mono/Inspector/Texture3DPreview.cs:193)

[/Users/bokken/buildslave/unity/build/Editor/Mono/EditorSceneManager.bindings.cs line 84]

Unable to allocate new scene culling mask
UnityEngine.StackTraceUtility:ExtractStackTrace () (at /Users/bokken/buildslave/unity/build/Runtime/Export/Scripting/StackTrace.cs:37)
UnityEditor.SceneManagement.EditorSceneManager:NewPreviewScene (bool)
UnityEditor.SceneManagement.EditorSceneManager:NewPreviewScene () (at /Users/bokken/buildslave/unity/build/Editor/Mono/EditorSceneManager.bindings.cs:84)
UnityEditor.PreviewScene:.ctor (string) (at /Users/bokken/buildslave/unity/build/Editor/Mono/Inspector/PreviewRenderUtility.cs:22)
UnityEditor.PreviewRenderUtility:.ctor () (at /Users/bokken/buildslave/unity/build/Editor/Mono/Inspector/PreviewRenderUtility.cs:109)
UnityEditor.Texture3DPreview:InitPreviewUtility () (at /Users/bokken/buildslave/unity/build/Editor/Mono/Inspector/Texture3DPreview.cs:209)
UnityEditor.Texture3DPreview:OnEnable () (at /Users/bokken/buildslave/unity/build/Editor/Mono/Inspector/Texture3DPreview.cs:193)

[/Users/bokken/buildslave/unity/build/Editor/Mono/EditorSceneManager.bindings.cs line 84]

Unable to allocate new scene culling mask
UnityEngine.StackTraceUtility:ExtractStackTrace () (at /Users/bokken/buildslave/unity/build/Runtime/Export/Scripting/StackTrace.cs:37)
UnityEditor.SceneManagement.EditorSceneManager:NewPreviewScene (bool)
UnityEditor.SceneManagement.EditorSceneManager:NewPreviewScene () (at /Users/bokken/buildslave/unity/build/Editor/Mono/EditorSceneManager.bindings.cs:84)
UnityEditor.PreviewScene:.ctor (string) (at /Users/bokken/buildslave/unity/build/Editor/Mono/Inspector/PreviewRenderUtility.cs:22)
UnityEditor.PreviewRenderUtility:.ctor () (at /Users/bokken/buildslave/unity/build/Editor/Mono/Inspector/PreviewRenderUtility.cs:109)
UnityEditor.Texture3DPreview:InitPreviewUtility () (at /Users/bokken/buildslave/unity/build/Editor/Mono/Inspector/Texture3DPreview.cs:209)
UnityEditor.Texture3DPreview:OnEnable () (at /Users/bokken/buildslave/unity/build/Editor/Mono/Inspector/Texture3DPreview.cs:193)

[/Users/bokken/buildslave/unity/build/Editor/Mono/EditorSceneManager.bindings.cs line 84]

Unable to allocate new scene culling mask
UnityEngine.StackTraceUtility:ExtractStackTrace () (at /Users/bokken/buildslave/unity/build/Runtime/Export/Scripting/StackTrace.cs:37)
UnityEditor.SceneManagement.EditorSceneManager:NewPreviewScene (bool)
UnityEditor.SceneManagement.EditorSceneManager:NewPreviewScene () (at /Users/bokken/buildslave/unity/build/Editor/Mono/EditorSceneManager.bindings.cs:84)
UnityEditor.PreviewScene:.ctor (string) (at /Users/bokken/buildslave/unity/build/Editor/Mono/Inspector/PreviewRenderUtility.cs:22)
UnityEditor.PreviewRenderUtility:.ctor () (at /Users/bokken/buildslave/unity/build/Editor/Mono/Inspector/PreviewRenderUtility.cs:109)
UnityEditor.Texture3DPreview:InitPreviewUtility () (at /Users/bokken/buildslave/unity/build/Editor/Mono/Inspector/Texture3DPreview.cs:209)
UnityEditor.Texture3DPreview:OnEnable () (at /Users/bokken/buildslave/unity/build/Editor/Mono/Inspector/Texture3DPreview.cs:193)

[/Users/bokken/buildslave/unity/build/Editor/Mono/EditorSceneManager.bindings.cs line 84]

Unable to allocate new scene culling mask
UnityEngine.StackTraceUtility:ExtractStackTrace () (at /Users/bokken/buildslave/unity/build/Runtime/Export/Scripting/StackTrace.cs:37)
UnityEditor.SceneManagement.EditorSceneManager:NewPreviewScene (bool)
UnityEditor.SceneManagement.EditorSceneManager:NewPreviewScene () (at /Users/bokken/buildslave/unity/build/Editor/Mono/EditorSceneManager.bindings.cs:84)
UnityEditor.PreviewScene:.ctor (string) (at /Users/bokken/buildslave/unity/build/Editor/Mono/Inspector/PreviewRenderUtility.cs:22)
UnityEditor.PreviewRenderUtility:.ctor () (at /Users/bokken/buildslave/unity/build/Editor/Mono/Inspector/PreviewRenderUtility.cs:109)
UnityEditor.Texture3DPreview:InitPreviewUtility () (at /Users/bokken/buildslave/unity/build/Editor/Mono/Inspector/Texture3DPreview.cs:209)
UnityEditor.Texture3DPreview:OnEnable () (at /Users/bokken/buildslave/unity/build/Editor/Mono/Inspector/Texture3DPreview.cs:193)

[/Users/bokken/buildslave/unity/build/Editor/Mono/EditorSceneManager.bindings.cs line 84]

Unable to allocate new scene culling mask
UnityEngine.StackTraceUtility:ExtractStackTrace () (at /Users/bokken/buildslave/unity/build/Runtime/Export/Scripting/StackTrace.cs:37)
UnityEditor.SceneManagement.EditorSceneManager:NewPreviewScene (bool)
UnityEditor.SceneManagement.EditorSceneManager:NewPreviewScene () (at /Users/bokken/buildslave/unity/build/Editor/Mono/EditorSceneManager.bindings.cs:84)
UnityEditor.PreviewScene:.ctor (string) (at /Users/bokken/buildslave/unity/build/Editor/Mono/Inspector/PreviewRenderUtility.cs:22)
UnityEditor.PreviewRenderUtility:.ctor () (at /Users/bokken/buildslave/unity/build/Editor/Mono/Inspector/PreviewRenderUtility.cs:109)
UnityEditor.Texture3DPreview:InitPreviewUtility () (at /Users/bokken/buildslave/unity/build/Editor/Mono/Inspector/Texture3DPreview.cs:209)
UnityEditor.Texture3DPreview:OnEnable () (at /Users/bokken/buildslave/unity/build/Editor/Mono/Inspector/Texture3DPreview.cs:193)

[/Users/bokken/buildslave/unity/build/Editor/Mono/EditorSceneManager.bindings.cs line 84]

Mono: successfully reloaded assembly
- Completed reload, in  1.085 seconds
Domain Reload Profiling:
	ReloadAssembly (1085ms)
		BeginReloadAssembly (108ms)
			ExecutionOrderSort (0ms)
			DisableScriptedObjects (5ms)
			BackupInstance (0ms)
			ReleaseScriptingObjects (0ms)
			CreateAndSetChildDomain (45ms)
		EndReloadAssembly (882ms)
			LoadAssemblies (42ms)
			RebuildTransferFunctionScriptingTraits (0ms)
			SetupTypeCache (262ms)
			ReleaseScriptCaches (2ms)
			RebuildScriptCaches (76ms)
			SetupLoadedEditorAssemblies (358ms)
				LogAssemblyErrors (0ms)
				InitializePlatformSupportModulesInManaged (17ms)
				SetLoadedEditorAssemblies (1ms)
				RefreshPlugins (1ms)
				BeforeProcessingInitializeOnLoad (92ms)
				ProcessInitializeOnLoadAttributes (220ms)
				ProcessInitializeOnLoadMethodAttributes (26ms)
				AfterProcessingInitializeOnLoad (2ms)
				EditorAssembliesLoaded (0ms)
			ExecutionOrderSort2 (0ms)
			AwakeInstancesAfterBackupRestoration (21ms)
Platform modules already initialized, skipping
Refreshing native plugins compatible for Editor in 0.48 ms, found 2 plugins.
Preloading 0 native plugins for Editor in 0.00 ms.
Unloading 3175 Unused Serialized files (Serialized files now loaded: 0)
Unloading 18 unused Assets / (21.9 KB). Loaded Objects now: 4720.
Memory consumption went from 166.1 MB to 166.1 MB.
Total: 3.898042 ms (FindLiveObjects: 0.274041 ms CreateObjectMapping: 0.085250 ms MarkObjects: 3.493958 ms  DeleteObjects: 0.043959 ms)

AssetImportParameters requested are different than current active one (requested -> active):
  custom:video-decoder-ogg-theora: a1e56fd34408186e4bbccfd4996cb3dc -> 
  custom:container-muxer-webm: aa71ff27fc2769a1b78a27578f13a17b -> 
  custom:container-demuxer-webm: 4f35f7cbe854078d1ac9338744f61a02 -> 
  custom:video-encoder-webm-vp8: eb34c28f22e8b96e1ab97ce403110664 -> 
  custom:framework-osx-AVFoundation: e770b220cccbd017edd2c1fefb359320 -> 
  custom:audio-encoder-webm-vorbis: bf7c407c2cedff20999df2af8eb42d56 -> 
  custom:container-demuxer-ogg: 62fdf1f143b41e24485cea50d1cbac27 -> 
  custom:video-decoder-webm-vp8: 9c59270c3fd7afecdb556c50c9e8de78 -> 
  custom:audio-decoder-ogg-vorbis: bf7c407c2cedff20999df2af8eb42d56 -> 
========================================================================
Received Prepare
Registering precompiled user dll's ...
Registered in 0.003196 seconds.
Begin MonoManager ReloadAssembly
Thread 0x16e077000 may have been prematurely finalized
Symbol file LoadedFromMemory doesn't match image /Users/henrymoss/Documents/GitHub/Sigil-Game/Library/PackageCache/com.unity.visualscripting@1.7.6/Editor/VisualScripting.Core/Dependencies/YamlDotNet/Unity.VisualScripting.YamlDotNet.dll
Symbol file LoadedFromMemory doesn't match image /Users/henrymoss/Documents/GitHub/Sigil-Game/Library/PackageCache/com.unity.visualscripting@1.7.6/Editor/VisualScripting.Core/Dependencies/DotNetZip/Unity.VisualScripting.IonicZip.dll
Native extension for LinuxStandalone target not found
Native extension for WindowsStandalone target not found
Native extension for OSXStandalone target not found
Refreshing native plugins compatible for Editor in 0.55 ms, found 2 plugins.
Preloading 0 native plugins for Editor in 0.00 ms.
Unable to allocate new scene culling mask
UnityEngine.StackTraceUtility:ExtractStackTrace () (at /Users/bokken/buildslave/unity/build/Runtime/Export/Scripting/StackTrace.cs:37)
UnityEditor.SceneManagement.EditorSceneManager:NewPreviewScene (bool)
UnityEditor.SceneManagement.EditorSceneManager:NewPreviewScene () (at /Users/bokken/buildslave/unity/build/Editor/Mono/EditorSceneManager.bindings.cs:84)
UnityEditor.PreviewScene:.ctor (string) (at /Users/bokken/buildslave/unity/build/Editor/Mono/Inspector/PreviewRenderUtility.cs:22)
UnityEditor.PreviewRenderUtility:.ctor () (at /Users/bokken/buildslave/unity/build/Editor/Mono/Inspector/PreviewRenderUtility.cs:109)
UnityEditor.Texture3DPreview:InitPreviewUtility () (at /Users/bokken/buildslave/unity/build/Editor/Mono/Inspector/Texture3DPreview.cs:209)
UnityEditor.Texture3DPreview:OnEnable () (at /Users/bokken/buildslave/unity/build/Editor/Mono/Inspector/Texture3DPreview.cs:193)

[/Users/bokken/buildslave/unity/build/Editor/Mono/EditorSceneManager.bindings.cs line 84]

Unable to allocate new scene culling mask
UnityEngine.StackTraceUtility:ExtractStackTrace () (at /Users/bokken/buildslave/unity/build/Runtime/Export/Scripting/StackTrace.cs:37)
UnityEditor.SceneManagement.EditorSceneManager:NewPreviewScene (bool)
UnityEditor.SceneManagement.EditorSceneManager:NewPreviewScene () (at /Users/bokken/buildslave/unity/build/Editor/Mono/EditorSceneManager.bindings.cs:84)
UnityEditor.PreviewScene:.ctor (string) (at /Users/bokken/buildslave/unity/build/Editor/Mono/Inspector/PreviewRenderUtility.cs:22)
UnityEditor.PreviewRenderUtility:.ctor () (at /Users/bokken/buildslave/unity/build/Editor/Mono/Inspector/PreviewRenderUtility.cs:109)
UnityEditor.Texture3DPreview:InitPreviewUtility () (at /Users/bokken/buildslave/unity/build/Editor/Mono/Inspector/Texture3DPreview.cs:209)
UnityEditor.Texture3DPreview:OnEnable () (at /Users/bokken/buildslave/unity/build/Editor/Mono/Inspector/Texture3DPreview.cs:193)

[/Users/bokken/buildslave/unity/build/Editor/Mono/EditorSceneManager.bindings.cs line 84]

Unable to allocate new scene culling mask
UnityEngine.StackTraceUtility:ExtractStackTrace () (at /Users/bokken/buildslave/unity/build/Runtime/Export/Scripting/StackTrace.cs:37)
UnityEditor.SceneManagement.EditorSceneManager:NewPreviewScene (bool)
UnityEditor.SceneManagement.EditorSceneManager:NewPreviewScene () (at /Users/bokken/buildslave/unity/build/Editor/Mono/EditorSceneManager.bindings.cs:84)
UnityEditor.PreviewScene:.ctor (string) (at /Users/bokken/buildslave/unity/build/Editor/Mono/Inspector/PreviewRenderUtility.cs:22)
UnityEditor.PreviewRenderUtility:.ctor () (at /Users/bokken/buildslave/unity/build/Editor/Mono/Inspector/PreviewRenderUtility.cs:109)
UnityEditor.Texture3DPreview:InitPreviewUtility () (at /Users/bokken/buildslave/unity/build/Editor/Mono/Inspector/Texture3DPreview.cs:209)
UnityEditor.Texture3DPreview:OnEnable () (at /Users/bokken/buildslave/unity/build/Editor/Mono/Inspector/Texture3DPreview.cs:193)

[/Users/bokken/buildslave/unity/build/Editor/Mono/EditorSceneManager.bindings.cs line 84]

Unable to allocate new scene culling mask
UnityEngine.StackTraceUtility:ExtractStackTrace () (at /Users/bokken/buildslave/unity/build/Runtime/Export/Scripting/StackTrace.cs:37)
UnityEditor.SceneManagement.EditorSceneManager:NewPreviewScene (bool)
UnityEditor.SceneManagement.EditorSceneManager:NewPreviewScene () (at /Users/bokken/buildslave/unity/build/Editor/Mono/EditorSceneManager.bindings.cs:84)
UnityEditor.PreviewScene:.ctor (string) (at /Users/bokken/buildslave/unity/build/Editor/Mono/Inspector/PreviewRenderUtility.cs:22)
UnityEditor.PreviewRenderUtility:.ctor () (at /Users/bokken/buildslave/unity/build/Editor/Mono/Inspector/PreviewRenderUtility.cs:109)
UnityEditor.Texture3DPreview:InitPreviewUtility () (at /Users/bokken/buildslave/unity/build/Editor/Mono/Inspector/Texture3DPreview.cs:209)
UnityEditor.Texture3DPreview:OnEnable () (at /Users/bokken/buildslave/unity/build/Editor/Mono/Inspector/Texture3DPreview.cs:193)

[/Users/bokken/buildslave/unity/build/Editor/Mono/EditorSceneManager.bindings.cs line 84]

Unable to allocate new scene culling mask
UnityEngine.StackTraceUtility:ExtractStackTrace () (at /Users/bokken/buildslave/unity/build/Runtime/Export/Scripting/StackTrace.cs:37)
UnityEditor.SceneManagement.EditorSceneManager:NewPreviewScene (bool)
UnityEditor.SceneManagement.EditorSceneManager:NewPreviewScene () (at /Users/bokken/buildslave/unity/build/Editor/Mono/EditorSceneManager.bindings.cs:84)
UnityEditor.PreviewScene:.ctor (string) (at /Users/bokken/buildslave/unity/build/Editor/Mono/Inspector/PreviewRenderUtility.cs:22)
UnityEditor.PreviewRenderUtility:.ctor () (at /Users/bokken/buildslave/unity/build/Editor/Mono/Inspector/PreviewRenderUtility.cs:109)
UnityEditor.Texture3DPreview:InitPreviewUtility () (at /Users/bokken/buildslave/unity/build/Editor/Mono/Inspector/Texture3DPreview.cs:209)
UnityEditor.Texture3DPreview:OnEnable () (at /Users/bokken/buildslave/unity/build/Editor/Mono/Inspector/Texture3DPreview.cs:193)

[/Users/bokken/buildslave/unity/build/Editor/Mono/EditorSceneManager.bindings.cs line 84]

Unable to allocate new scene culling mask
UnityEngine.StackTraceUtility:ExtractStackTrace () (at /Users/bokken/buildslave/unity/build/Runtime/Export/Scripting/StackTrace.cs:37)
UnityEditor.SceneManagement.EditorSceneManager:NewPreviewScene (bool)
UnityEditor.SceneManagement.EditorSceneManager:NewPreviewScene () (at /Users/bokken/buildslave/unity/build/Editor/Mono/EditorSceneManager.bindings.cs:84)
UnityEditor.PreviewScene:.ctor (string) (at /Users/bokken/buildslave/unity/build/Editor/Mono/Inspector/PreviewRenderUtility.cs:22)
UnityEditor.PreviewRenderUtility:.ctor () (at /Users/bokken/buildslave/unity/build/Editor/Mono/Inspector/PreviewRenderUtility.cs:109)
UnityEditor.Texture3DPreview:InitPreviewUtility () (at /Users/bokken/buildslave/unity/build/Editor/Mono/Inspector/Texture3DPreview.cs:209)
UnityEditor.Texture3DPreview:OnEnable () (at /Users/bokken/buildslave/unity/build/Editor/Mono/Inspector/Texture3DPreview.cs:193)

[/Users/bokken/buildslave/unity/build/Editor/Mono/EditorSceneManager.bindings.cs line 84]

Unable to allocate new scene culling mask
UnityEngine.StackTraceUtility:ExtractStackTrace () (at /Users/bokken/buildslave/unity/build/Runtime/Export/Scripting/StackTrace.cs:37)
UnityEditor.SceneManagement.EditorSceneManager:NewPreviewScene (bool)
UnityEditor.SceneManagement.EditorSceneManager:NewPreviewScene () (at /Users/bokken/buildslave/unity/build/Editor/Mono/EditorSceneManager.bindings.cs:84)
UnityEditor.PreviewScene:.ctor (string) (at /Users/bokken/buildslave/unity/build/Editor/Mono/Inspector/PreviewRenderUtility.cs:22)
UnityEditor.PreviewRenderUtility:.ctor () (at /Users/bokken/buildslave/unity/build/Editor/Mono/Inspector/PreviewRenderUtility.cs:109)
UnityEditor.Texture3DPreview:InitPreviewUtility () (at /Users/bokken/buildslave/unity/build/Editor/Mono/Inspector/Texture3DPreview.cs:209)
UnityEditor.Texture3DPreview:OnEnable () (at /Users/bokken/buildslave/unity/build/Editor/Mono/Inspector/Texture3DPreview.cs:193)

[/Users/bokken/buildslave/unity/build/Editor/Mono/EditorSceneManager.bindings.cs line 84]

Unable to allocate new scene culling mask
UnityEngine.StackTraceUtility:ExtractStackTrace () (at /Users/bokken/buildslave/unity/build/Runtime/Export/Scripting/StackTrace.cs:37)
UnityEditor.SceneManagement.EditorSceneManager:NewPreviewScene (bool)
UnityEditor.SceneManagement.EditorSceneManager:NewPreviewScene () (at /Users/bokken/buildslave/unity/build/Editor/Mono/EditorSceneManager.bindings.cs:84)
UnityEditor.PreviewScene:.ctor (string) (at /Users/bokken/buildslave/unity/build/Editor/Mono/Inspector/PreviewRenderUtility.cs:22)
UnityEditor.PreviewRenderUtility:.ctor () (at /Users/bokken/buildslave/unity/build/Editor/Mono/Inspector/PreviewRenderUtility.cs:109)
UnityEditor.Texture3DPreview:InitPreviewUtility () (at /Users/bokken/buildslave/unity/build/Editor/Mono/Inspector/Texture3DPreview.cs:209)
UnityEditor.Texture3DPreview:OnEnable () (at /Users/bokken/buildslave/unity/build/Editor/Mono/Inspector/Texture3DPreview.cs:193)

[/Users/bokken/buildslave/unity/build/Editor/Mono/EditorSceneManager.bindings.cs line 84]

Unable to allocate new scene culling mask
UnityEngine.StackTraceUtility:ExtractStackTrace () (at /Users/bokken/buildslave/unity/build/Runtime/Export/Scripting/StackTrace.cs:37)
UnityEditor.SceneManagement.EditorSceneManager:NewPreviewScene (bool)
UnityEditor.SceneManagement.EditorSceneManager:NewPreviewScene () (at /Users/bokken/buildslave/unity/build/Editor/Mono/EditorSceneManager.bindings.cs:84)
UnityEditor.PreviewScene:.ctor (string) (at /Users/bokken/buildslave/unity/build/Editor/Mono/Inspector/PreviewRenderUtility.cs:22)
UnityEditor.PreviewRenderUtility:.ctor () (at /Users/bokken/buildslave/unity/build/Editor/Mono/Inspector/PreviewRenderUtility.cs:109)
UnityEditor.Texture3DPreview:InitPreviewUtility () (at /Users/bokken/buildslave/unity/build/Editor/Mono/Inspector/Texture3DPreview.cs:209)
UnityEditor.Texture3DPreview:OnEnable () (at /Users/bokken/buildslave/unity/build/Editor/Mono/Inspector/Texture3DPreview.cs:193)

[/Users/bokken/buildslave/unity/build/Editor/Mono/EditorSceneManager.bindings.cs line 84]

Unable to allocate new scene culling mask
UnityEngine.StackTraceUtility:ExtractStackTrace () (at /Users/bokken/buildslave/unity/build/Runtime/Export/Scripting/StackTrace.cs:37)
UnityEditor.SceneManagement.EditorSceneManager:NewPreviewScene (bool)
UnityEditor.SceneManagement.EditorSceneManager:NewPreviewScene () (at /Users/bokken/buildslave/unity/build/Editor/Mono/EditorSceneManager.bindings.cs:84)
UnityEditor.PreviewScene:.ctor (string) (at /Users/bokken/buildslave/unity/build/Editor/Mono/Inspector/PreviewRenderUtility.cs:22)
UnityEditor.PreviewRenderUtility:.ctor () (at /Users/bokken/buildslave/unity/build/Editor/Mono/Inspector/PreviewRenderUtility.cs:109)
UnityEditor.Texture3DPreview:InitPreviewUtility () (at /Users/bokken/buildslave/unity/build/Editor/Mono/Inspector/Texture3DPreview.cs:209)
UnityEditor.Texture3DPreview:OnEnable () (at /Users/bokken/buildslave/unity/build/Editor/Mono/Inspector/Texture3DPreview.cs:193)

[/Users/bokken/buildslave/unity/build/Editor/Mono/EditorSceneManager.bindings.cs line 84]

Unable to allocate new scene culling mask
UnityEngine.StackTraceUtility:ExtractStackTrace () (at /Users/bokken/buildslave/unity/build/Runtime/Export/Scripting/StackTrace.cs:37)
UnityEditor.SceneManagement.EditorSceneManager:NewPreviewScene (bool)
UnityEditor.SceneManagement.EditorSceneManager:NewPreviewScene () (at /Users/bokken/buildslave/unity/build/Editor/Mono/EditorSceneManager.bindings.cs:84)
UnityEditor.PreviewScene:.ctor (string) (at /Users/bokken/buildslave/unity/build/Editor/Mono/Inspector/PreviewRenderUtility.cs:22)
UnityEditor.PreviewRenderUtility:.ctor () (at /Users/bokken/buildslave/unity/build/Editor/Mono/Inspector/PreviewRenderUtility.cs:109)
UnityEditor.Texture3DPreview:InitPreviewUtility () (at /Users/bokken/buildslave/unity/build/Editor/Mono/Inspector/Texture3DPreview.cs:209)
UnityEditor.Texture3DPreview:OnEnable () (at /Users/bokken/buildslave/unity/build/Editor/Mono/Inspector/Texture3DPreview.cs:193)

[/Users/bokken/buildslave/unity/build/Editor/Mono/EditorSceneManager.bindings.cs line 84]

Unable to allocate new scene culling mask
UnityEngine.StackTraceUtility:ExtractStackTrace () (at /Users/bokken/buildslave/unity/build/Runtime/Export/Scripting/StackTrace.cs:37)
UnityEditor.SceneManagement.EditorSceneManager:NewPreviewScene (bool)
UnityEditor.SceneManagement.EditorSceneManager:NewPreviewScene () (at /Users/bokken/buildslave/unity/build/Editor/Mono/EditorSceneManager.bindings.cs:84)
UnityEditor.PreviewScene:.ctor (string) (at /Users/bokken/buildslave/unity/build/Editor/Mono/Inspector/PreviewRenderUtility.cs:22)
UnityEditor.PreviewRenderUtility:.ctor () (at /Users/bokken/buildslave/unity/build/Editor/Mono/Inspector/PreviewRenderUtility.cs:109)
UnityEditor.Texture3DPreview:InitPreviewUtility () (at /Users/bokken/buildslave/unity/build/Editor/Mono/Inspector/Texture3DPreview.cs:209)
UnityEditor.Texture3DPreview:OnEnable () (at /Users/bokken/buildslave/unity/build/Editor/Mono/Inspector/Texture3DPreview.cs:193)

[/Users/bokken/buildslave/unity/build/Editor/Mono/EditorSceneManager.bindings.cs line 84]

Unable to allocate new scene culling mask
UnityEngine.StackTraceUtility:ExtractStackTrace () (at /Users/bokken/buildslave/unity/build/Runtime/Export/Scripting/StackTrace.cs:37)
UnityEditor.SceneManagement.EditorSceneManager:NewPreviewScene (bool)
UnityEditor.SceneManagement.EditorSceneManager:NewPreviewScene () (at /Users/bokken/buildslave/unity/build/Editor/Mono/EditorSceneManager.bindings.cs:84)
UnityEditor.PreviewScene:.ctor (string) (at /Users/bokken/buildslave/unity/build/Editor/Mono/Inspector/PreviewRenderUtility.cs:22)
UnityEditor.PreviewRenderUtility:.ctor () (at /Users/bokken/buildslave/unity/build/Editor/Mono/Inspector/PreviewRenderUtility.cs:109)
UnityEditor.Texture3DPreview:InitPreviewUtility () (at /Users/bokken/buildslave/unity/build/Editor/Mono/Inspector/Texture3DPreview.cs:209)
UnityEditor.Texture3DPreview:OnEnable () (at /Users/bokken/buildslave/unity/build/Editor/Mono/Inspector/Texture3DPreview.cs:193)

[/Users/bokken/buildslave/unity/build/Editor/Mono/EditorSceneManager.bindings.cs line 84]

Mono: successfully reloaded assembly
- Completed reload, in  1.304 seconds
Domain Reload Profiling:
	ReloadAssembly (1305ms)
		BeginReloadAssembly (108ms)
			ExecutionOrderSort (0ms)
			DisableScriptedObjects (9ms)
			BackupInstance (0ms)
			ReleaseScriptingObjects (0ms)
			CreateAndSetChildDomain (43ms)
		EndReloadAssembly (1101ms)
			LoadAssemblies (40ms)
			RebuildTransferFunctionScriptingTraits (0ms)
			SetupTypeCache (361ms)
			ReleaseScriptCaches (2ms)
			RebuildScriptCaches (107ms)
			SetupLoadedEditorAssemblies (467ms)
				LogAssemblyErrors (0ms)
				InitializePlatformSupportModulesInManaged (14ms)
				SetLoadedEditorAssemblies (1ms)
				RefreshPlugins (1ms)
				BeforeProcessingInitializeOnLoad (108ms)
				ProcessInitializeOnLoadAttributes (307ms)
				ProcessInitializeOnLoadMethodAttributes (34ms)
				AfterProcessingInitializeOnLoad (2ms)
				EditorAssembliesLoaded (0ms)
			ExecutionOrderSort2 (0ms)
			AwakeInstancesAfterBackupRestoration (26ms)
Platform modules already initialized, skipping
Refreshing native plugins compatible for Editor in 0.82 ms, found 2 plugins.
Preloading 0 native plugins for Editor in 0.00 ms.
Unloading 3101 Unused Serialized files (Serialized files now loaded: 0)
Unloading 18 unused Assets / (22.1 KB). Loaded Objects now: 4722.
Memory consumption went from 169.1 MB to 169.1 MB.
Total: 5.649500 ms (FindLiveObjects: 0.350042 ms CreateObjectMapping: 0.120875 ms MarkObjects: 5.145667 ms  DeleteObjects: 0.031417 ms)

AssetImportParameters requested are different than current active one (requested -> active):
  custom:video-decoder-ogg-theora: a1e56fd34408186e4bbccfd4996cb3dc -> 
  custom:container-muxer-webm: aa71ff27fc2769a1b78a27578f13a17b -> 
  custom:container-demuxer-webm: 4f35f7cbe854078d1ac9338744f61a02 -> 
  custom:video-encoder-webm-vp8: eb34c28f22e8b96e1ab97ce403110664 -> 
  custom:framework-osx-AVFoundation: e770b220cccbd017edd2c1fefb359320 -> 
  custom:audio-encoder-webm-vorbis: bf7c407c2cedff20999df2af8eb42d56 -> 
  custom:container-demuxer-ogg: 62fdf1f143b41e24485cea50d1cbac27 -> 
  custom:video-decoder-webm-vp8: 9c59270c3fd7afecdb556c50c9e8de78 -> 
  custom:audio-decoder-ogg-vorbis: bf7c407c2cedff20999df2af8eb42d56 -> 
========================================================================
Received Prepare
Registering precompiled user dll's ...
Registered in 0.002417 seconds.
Begin MonoManager ReloadAssembly
Thread 0x16da73000 may have been prematurely finalized
Symbol file LoadedFromMemory doesn't match image /Users/henrymoss/Documents/GitHub/Sigil-Game/Library/PackageCache/com.unity.visualscripting@1.7.6/Editor/VisualScripting.Core/Dependencies/YamlDotNet/Unity.VisualScripting.YamlDotNet.dll
Symbol file LoadedFromMemory doesn't match image /Users/henrymoss/Documents/GitHub/Sigil-Game/Library/PackageCache/com.unity.visualscripting@1.7.6/Editor/VisualScripting.Core/Dependencies/DotNetZip/Unity.VisualScripting.IonicZip.dll
Native extension for LinuxStandalone target not found
Native extension for WindowsStandalone target not found
Native extension for OSXStandalone target not found
Refreshing native plugins compatible for Editor in 0.40 ms, found 2 plugins.
Preloading 0 native plugins for Editor in 0.00 ms.
Unable to allocate new scene culling mask
UnityEngine.StackTraceUtility:ExtractStackTrace () (at /Users/bokken/buildslave/unity/build/Runtime/Export/Scripting/StackTrace.cs:37)
UnityEditor.SceneManagement.EditorSceneManager:NewPreviewScene (bool)
UnityEditor.SceneManagement.EditorSceneManager:NewPreviewScene () (at /Users/bokken/buildslave/unity/build/Editor/Mono/EditorSceneManager.bindings.cs:84)
UnityEditor.PreviewScene:.ctor (string) (at /Users/bokken/buildslave/unity/build/Editor/Mono/Inspector/PreviewRenderUtility.cs:22)
UnityEditor.PreviewRenderUtility:.ctor () (at /Users/bokken/buildslave/unity/build/Editor/Mono/Inspector/PreviewRenderUtility.cs:109)
UnityEditor.Texture3DPreview:InitPreviewUtility () (at /Users/bokken/buildslave/unity/build/Editor/Mono/Inspector/Texture3DPreview.cs:209)
UnityEditor.Texture3DPreview:OnEnable () (at /Users/bokken/buildslave/unity/build/Editor/Mono/Inspector/Texture3DPreview.cs:193)

[/Users/bokken/buildslave/unity/build/Editor/Mono/EditorSceneManager.bindings.cs line 84]

Unable to allocate new scene culling mask
UnityEngine.StackTraceUtility:ExtractStackTrace () (at /Users/bokken/buildslave/unity/build/Runtime/Export/Scripting/StackTrace.cs:37)
UnityEditor.SceneManagement.EditorSceneManager:NewPreviewScene (bool)
UnityEditor.SceneManagement.EditorSceneManager:NewPreviewScene () (at /Users/bokken/buildslave/unity/build/Editor/Mono/EditorSceneManager.bindings.cs:84)
UnityEditor.PreviewScene:.ctor (string) (at /Users/bokken/buildslave/unity/build/Editor/Mono/Inspector/PreviewRenderUtility.cs:22)
UnityEditor.PreviewRenderUtility:.ctor () (at /Users/bokken/buildslave/unity/build/Editor/Mono/Inspector/PreviewRenderUtility.cs:109)
UnityEditor.Texture3DPreview:InitPreviewUtility () (at /Users/bokken/buildslave/unity/build/Editor/Mono/Inspector/Texture3DPreview.cs:209)
UnityEditor.Texture3DPreview:OnEnable () (at /Users/bokken/buildslave/unity/build/Editor/Mono/Inspector/Texture3DPreview.cs:193)

[/Users/bokken/buildslave/unity/build/Editor/Mono/EditorSceneManager.bindings.cs line 84]

Unable to allocate new scene culling mask
UnityEngine.StackTraceUtility:ExtractStackTrace () (at /Users/bokken/buildslave/unity/build/Runtime/Export/Scripting/StackTrace.cs:37)
UnityEditor.SceneManagement.EditorSceneManager:NewPreviewScene (bool)
UnityEditor.SceneManagement.EditorSceneManager:NewPreviewScene () (at /Users/bokken/buildslave/unity/build/Editor/Mono/EditorSceneManager.bindings.cs:84)
UnityEditor.PreviewScene:.ctor (string) (at /Users/bokken/buildslave/unity/build/Editor/Mono/Inspector/PreviewRenderUtility.cs:22)
UnityEditor.PreviewRenderUtility:.ctor () (at /Users/bokken/buildslave/unity/build/Editor/Mono/Inspector/PreviewRenderUtility.cs:109)
UnityEditor.Texture3DPreview:InitPreviewUtility () (at /Users/bokken/buildslave/unity/build/Editor/Mono/Inspector/Texture3DPreview.cs:209)
UnityEditor.Texture3DPreview:OnEnable () (at /Users/bokken/buildslave/unity/build/Editor/Mono/Inspector/Texture3DPreview.cs:193)

[/Users/bokken/buildslave/unity/build/Editor/Mono/EditorSceneManager.bindings.cs line 84]

Unable to allocate new scene culling mask
UnityEngine.StackTraceUtility:ExtractStackTrace () (at /Users/bokken/buildslave/unity/build/Runtime/Export/Scripting/StackTrace.cs:37)
UnityEditor.SceneManagement.EditorSceneManager:NewPreviewScene (bool)
UnityEditor.SceneManagement.EditorSceneManager:NewPreviewScene () (at /Users/bokken/buildslave/unity/build/Editor/Mono/EditorSceneManager.bindings.cs:84)
UnityEditor.PreviewScene:.ctor (string) (at /Users/bokken/buildslave/unity/build/Editor/Mono/Inspector/PreviewRenderUtility.cs:22)
UnityEditor.PreviewRenderUtility:.ctor () (at /Users/bokken/buildslave/unity/build/Editor/Mono/Inspector/PreviewRenderUtility.cs:109)
UnityEditor.Texture3DPreview:InitPreviewUtility () (at /Users/bokken/buildslave/unity/build/Editor/Mono/Inspector/Texture3DPreview.cs:209)
UnityEditor.Texture3DPreview:OnEnable () (at /Users/bokken/buildslave/unity/build/Editor/Mono/Inspector/Texture3DPreview.cs:193)

[/Users/bokken/buildslave/unity/build/Editor/Mono/EditorSceneManager.bindings.cs line 84]

Unable to allocate new scene culling mask
UnityEngine.StackTraceUtility:ExtractStackTrace () (at /Users/bokken/buildslave/unity/build/Runtime/Export/Scripting/StackTrace.cs:37)
UnityEditor.SceneManagement.EditorSceneManager:NewPreviewScene (bool)
UnityEditor.SceneManagement.EditorSceneManager:NewPreviewScene () (at /Users/bokken/buildslave/unity/build/Editor/Mono/EditorSceneManager.bindings.cs:84)
UnityEditor.PreviewScene:.ctor (string) (at /Users/bokken/buildslave/unity/build/Editor/Mono/Inspector/PreviewRenderUtility.cs:22)
UnityEditor.PreviewRenderUtility:.ctor () (at /Users/bokken/buildslave/unity/build/Editor/Mono/Inspector/PreviewRenderUtility.cs:109)
UnityEditor.Texture3DPreview:InitPreviewUtility () (at /Users/bokken/buildslave/unity/build/Editor/Mono/Inspector/Texture3DPreview.cs:209)
UnityEditor.Texture3DPreview:OnEnable () (at /Users/bokken/buildslave/unity/build/Editor/Mono/Inspector/Texture3DPreview.cs:193)

[/Users/bokken/buildslave/unity/build/Editor/Mono/EditorSceneManager.bindings.cs line 84]

Unable to allocate new scene culling mask
UnityEngine.StackTraceUtility:ExtractStackTrace () (at /Users/bokken/buildslave/unity/build/Runtime/Export/Scripting/StackTrace.cs:37)
UnityEditor.SceneManagement.EditorSceneManager:NewPreviewScene (bool)
UnityEditor.SceneManagement.EditorSceneManager:NewPreviewScene () (at /Users/bokken/buildslave/unity/build/Editor/Mono/EditorSceneManager.bindings.cs:84)
UnityEditor.PreviewScene:.ctor (string) (at /Users/bokken/buildslave/unity/build/Editor/Mono/Inspector/PreviewRenderUtility.cs:22)
UnityEditor.PreviewRenderUtility:.ctor () (at /Users/bokken/buildslave/unity/build/Editor/Mono/Inspector/PreviewRenderUtility.cs:109)
UnityEditor.Texture3DPreview:InitPreviewUtility () (at /Users/bokken/buildslave/unity/build/Editor/Mono/Inspector/Texture3DPreview.cs:209)
UnityEditor.Texture3DPreview:OnEnable () (at /Users/bokken/buildslave/unity/build/Editor/Mono/Inspector/Texture3DPreview.cs:193)

[/Users/bokken/buildslave/unity/build/Editor/Mono/EditorSceneManager.bindings.cs line 84]

Unable to allocate new scene culling mask
UnityEngine.StackTraceUtility:ExtractStackTrace () (at /Users/bokken/buildslave/unity/build/Runtime/Export/Scripting/StackTrace.cs:37)
UnityEditor.SceneManagement.EditorSceneManager:NewPreviewScene (bool)
UnityEditor.SceneManagement.EditorSceneManager:NewPreviewScene () (at /Users/bokken/buildslave/unity/build/Editor/Mono/EditorSceneManager.bindings.cs:84)
UnityEditor.PreviewScene:.ctor (string) (at /Users/bokken/buildslave/unity/build/Editor/Mono/Inspector/PreviewRenderUtility.cs:22)
UnityEditor.PreviewRenderUtility:.ctor () (at /Users/bokken/buildslave/unity/build/Editor/Mono/Inspector/PreviewRenderUtility.cs:109)
UnityEditor.Texture3DPreview:InitPreviewUtility () (at /Users/bokken/buildslave/unity/build/Editor/Mono/Inspector/Texture3DPreview.cs:209)
UnityEditor.Texture3DPreview:OnEnable () (at /Users/bokken/buildslave/unity/build/Editor/Mono/Inspector/Texture3DPreview.cs:193)

[/Users/bokken/buildslave/unity/build/Editor/Mono/EditorSceneManager.bindings.cs line 84]

Unable to allocate new scene culling mask
UnityEngine.StackTraceUtility:ExtractStackTrace () (at /Users/bokken/buildslave/unity/build/Runtime/Export/Scripting/StackTrace.cs:37)
UnityEditor.SceneManagement.EditorSceneManager:NewPreviewScene (bool)
UnityEditor.SceneManagement.EditorSceneManager:NewPreviewScene () (at /Users/bokken/buildslave/unity/build/Editor/Mono/EditorSceneManager.bindings.cs:84)
UnityEditor.PreviewScene:.ctor (string) (at /Users/bokken/buildslave/unity/build/Editor/Mono/Inspector/PreviewRenderUtility.cs:22)
UnityEditor.PreviewRenderUtility:.ctor () (at /Users/bokken/buildslave/unity/build/Editor/Mono/Inspector/PreviewRenderUtility.cs:109)
UnityEditor.Texture3DPreview:InitPreviewUtility () (at /Users/bokken/buildslave/unity/build/Editor/Mono/Inspector/Texture3DPreview.cs:209)
UnityEditor.Texture3DPreview:OnEnable () (at /Users/bokken/buildslave/unity/build/Editor/Mono/Inspector/Texture3DPreview.cs:193)

[/Users/bokken/buildslave/unity/build/Editor/Mono/EditorSceneManager.bindings.cs line 84]

Unable to allocate new scene culling mask
UnityEngine.StackTraceUtility:ExtractStackTrace () (at /Users/bokken/buildslave/unity/build/Runtime/Export/Scripting/StackTrace.cs:37)
UnityEditor.SceneManagement.EditorSceneManager:NewPreviewScene (bool)
UnityEditor.SceneManagement.EditorSceneManager:NewPreviewScene () (at /Users/bokken/buildslave/unity/build/Editor/Mono/EditorSceneManager.bindings.cs:84)
UnityEditor.PreviewScene:.ctor (string) (at /Users/bokken/buildslave/unity/build/Editor/Mono/Inspector/PreviewRenderUtility.cs:22)
UnityEditor.PreviewRenderUtility:.ctor () (at /Users/bokken/buildslave/unity/build/Editor/Mono/Inspector/PreviewRenderUtility.cs:109)
UnityEditor.Texture3DPreview:InitPreviewUtility () (at /Users/bokken/buildslave/unity/build/Editor/Mono/Inspector/Texture3DPreview.cs:209)
UnityEditor.Texture3DPreview:OnEnable () (at /Users/bokken/buildslave/unity/build/Editor/Mono/Inspector/Texture3DPreview.cs:193)

[/Users/bokken/buildslave/unity/build/Editor/Mono/EditorSceneManager.bindings.cs line 84]

Unable to allocate new scene culling mask
UnityEngine.StackTraceUtility:ExtractStackTrace () (at /Users/bokken/buildslave/unity/build/Runtime/Export/Scripting/StackTrace.cs:37)
UnityEditor.SceneManagement.EditorSceneManager:NewPreviewScene (bool)
UnityEditor.SceneManagement.EditorSceneManager:NewPreviewScene () (at /Users/bokken/buildslave/unity/build/Editor/Mono/EditorSceneManager.bindings.cs:84)
UnityEditor.PreviewScene:.ctor (string) (at /Users/bokken/buildslave/unity/build/Editor/Mono/Inspector/PreviewRenderUtility.cs:22)
UnityEditor.PreviewRenderUtility:.ctor () (at /Users/bokken/buildslave/unity/build/Editor/Mono/Inspector/PreviewRenderUtility.cs:109)
UnityEditor.Texture3DPreview:InitPreviewUtility () (at /Users/bokken/buildslave/unity/build/Editor/Mono/Inspector/Texture3DPreview.cs:209)
UnityEditor.Texture3DPreview:OnEnable () (at /Users/bokken/buildslave/unity/build/Editor/Mono/Inspector/Texture3DPreview.cs:193)

[/Users/bokken/buildslave/unity/build/Editor/Mono/EditorSceneManager.bindings.cs line 84]

Unable to allocate new scene culling mask
UnityEngine.StackTraceUtility:ExtractStackTrace () (at /Users/bokken/buildslave/unity/build/Runtime/Export/Scripting/StackTrace.cs:37)
UnityEditor.SceneManagement.EditorSceneManager:NewPreviewScene (bool)
UnityEditor.SceneManagement.EditorSceneManager:NewPreviewScene () (at /Users/bokken/buildslave/unity/build/Editor/Mono/EditorSceneManager.bindings.cs:84)
UnityEditor.PreviewScene:.ctor (string) (at /Users/bokken/buildslave/unity/build/Editor/Mono/Inspector/PreviewRenderUtility.cs:22)
UnityEditor.PreviewRenderUtility:.ctor () (at /Users/bokken/buildslave/unity/build/Editor/Mono/Inspector/PreviewRenderUtility.cs:109)
UnityEditor.Texture3DPreview:InitPreviewUtility () (at /Users/bokken/buildslave/unity/build/Editor/Mono/Inspector/Texture3DPreview.cs:209)
UnityEditor.Texture3DPreview:OnEnable () (at /Users/bokken/buildslave/unity/build/Editor/Mono/Inspector/Texture3DPreview.cs:193)

[/Users/bokken/buildslave/unity/build/Editor/Mono/EditorSceneManager.bindings.cs line 84]

Unable to allocate new scene culling mask
UnityEngine.StackTraceUtility:ExtractStackTrace () (at /Users/bokken/buildslave/unity/build/Runtime/Export/Scripting/StackTrace.cs:37)
UnityEditor.SceneManagement.EditorSceneManager:NewPreviewScene (bool)
UnityEditor.SceneManagement.EditorSceneManager:NewPreviewScene () (at /Users/bokken/buildslave/unity/build/Editor/Mono/EditorSceneManager.bindings.cs:84)
UnityEditor.PreviewScene:.ctor (string) (at /Users/bokken/buildslave/unity/build/Editor/Mono/Inspector/PreviewRenderUtility.cs:22)
UnityEditor.PreviewRenderUtility:.ctor () (at /Users/bokken/buildslave/unity/build/Editor/Mono/Inspector/PreviewRenderUtility.cs:109)
UnityEditor.Texture3DPreview:InitPreviewUtility () (at /Users/bokken/buildslave/unity/build/Editor/Mono/Inspector/Texture3DPreview.cs:209)
UnityEditor.Texture3DPreview:OnEnable () (at /Users/bokken/buildslave/unity/build/Editor/Mono/Inspector/Texture3DPreview.cs:193)

[/Users/bokken/buildslave/unity/build/Editor/Mono/EditorSceneManager.bindings.cs line 84]

Unable to allocate new scene culling mask
UnityEngine.StackTraceUtility:ExtractStackTrace () (at /Users/bokken/buildslave/unity/build/Runtime/Export/Scripting/StackTrace.cs:37)
UnityEditor.SceneManagement.EditorSceneManager:NewPreviewScene (bool)
UnityEditor.SceneManagement.EditorSceneManager:NewPreviewScene () (at /Users/bokken/buildslave/unity/build/Editor/Mono/EditorSceneManager.bindings.cs:84)
UnityEditor.PreviewScene:.ctor (string) (at /Users/bokken/buildslave/unity/build/Editor/Mono/Inspector/PreviewRenderUtility.cs:22)
UnityEditor.PreviewRenderUtility:.ctor () (at /Users/bokken/buildslave/unity/build/Editor/Mono/Inspector/PreviewRenderUtility.cs:109)
UnityEditor.Texture3DPreview:InitPreviewUtility () (at /Users/bokken/buildslave/unity/build/Editor/Mono/Inspector/Texture3DPreview.cs:209)
UnityEditor.Texture3DPreview:OnEnable () (at /Users/bokken/buildslave/unity/build/Editor/Mono/Inspector/Texture3DPreview.cs:193)

[/Users/bokken/buildslave/unity/build/Editor/Mono/EditorSceneManager.bindings.cs line 84]

Mono: successfully reloaded assembly
- Completed reload, in  0.846 seconds
Domain Reload Profiling:
	ReloadAssembly (847ms)
		BeginReloadAssembly (114ms)
			ExecutionOrderSort (0ms)
			DisableScriptedObjects (11ms)
			BackupInstance (0ms)
			ReleaseScriptingObjects (0ms)
			CreateAndSetChildDomain (45ms)
		EndReloadAssembly (637ms)
			LoadAssemblies (41ms)
			RebuildTransferFunctionScriptingTraits (0ms)
			SetupTypeCache (218ms)
			ReleaseScriptCaches (1ms)
			RebuildScriptCaches (49ms)
			SetupLoadedEditorAssemblies (271ms)
				LogAssemblyErrors (0ms)
				InitializePlatformSupportModulesInManaged (9ms)
				SetLoadedEditorAssemblies (0ms)
				RefreshPlugins (0ms)
				BeforeProcessingInitializeOnLoad (69ms)
				ProcessInitializeOnLoadAttributes (168ms)
				ProcessInitializeOnLoadMethodAttributes (22ms)
				AfterProcessingInitializeOnLoad (2ms)
				EditorAssembliesLoaded (0ms)
			ExecutionOrderSort2 (0ms)
			AwakeInstancesAfterBackupRestoration (14ms)
Platform modules already initialized, skipping
Refreshing native plugins compatible for Editor in 0.39 ms, found 2 plugins.
Preloading 0 native plugins for Editor in 0.00 ms.
Unloading 3101 Unused Serialized files (Serialized files now loaded: 0)
Unloading 18 unused Assets / (22.1 KB). Loaded Objects now: 4724.
Memory consumption went from 175.2 MB to 175.1 MB.
Total: 2.969791 ms (FindLiveObjects: 0.216625 ms CreateObjectMapping: 0.065791 ms MarkObjects: 2.673583 ms  DeleteObjects: 0.012958 ms)

AssetImportParameters requested are different than current active one (requested -> active):
  custom:video-decoder-ogg-theora: a1e56fd34408186e4bbccfd4996cb3dc -> 
  custom:container-muxer-webm: aa71ff27fc2769a1b78a27578f13a17b -> 
  custom:container-demuxer-webm: 4f35f7cbe854078d1ac9338744f61a02 -> 
  custom:video-encoder-webm-vp8: eb34c28f22e8b96e1ab97ce403110664 -> 
  custom:framework-osx-AVFoundation: e770b220cccbd017edd2c1fefb359320 -> 
  custom:audio-encoder-webm-vorbis: bf7c407c2cedff20999df2af8eb42d56 -> 
  custom:container-demuxer-ogg: 62fdf1f143b41e24485cea50d1cbac27 -> 
  custom:video-decoder-webm-vp8: 9c59270c3fd7afecdb556c50c9e8de78 -> 
  custom:audio-decoder-ogg-vorbis: bf7c407c2cedff20999df2af8eb42d56 -> 
========================================================================
Received Prepare
Registering precompiled user dll's ...
Registered in 0.002711 seconds.
Begin MonoManager ReloadAssembly
Thread 0x16da73000 may have been prematurely finalized
Symbol file LoadedFromMemory doesn't match image /Users/henrymoss/Documents/GitHub/Sigil-Game/Library/PackageCache/com.unity.visualscripting@1.7.6/Editor/VisualScripting.Core/Dependencies/YamlDotNet/Unity.VisualScripting.YamlDotNet.dll
Symbol file LoadedFromMemory doesn't match image /Users/henrymoss/Documents/GitHub/Sigil-Game/Library/PackageCache/com.unity.visualscripting@1.7.6/Editor/VisualScripting.Core/Dependencies/DotNetZip/Unity.VisualScripting.IonicZip.dll
Native extension for LinuxStandalone target not found
Native extension for WindowsStandalone target not found
Native extension for OSXStandalone target not found
Refreshing native plugins compatible for Editor in 0.43 ms, found 2 plugins.
Preloading 0 native plugins for Editor in 0.00 ms.
Unable to allocate new scene culling mask
UnityEngine.StackTraceUtility:ExtractStackTrace () (at /Users/bokken/buildslave/unity/build/Runtime/Export/Scripting/StackTrace.cs:37)
UnityEditor.SceneManagement.EditorSceneManager:NewPreviewScene (bool)
UnityEditor.SceneManagement.EditorSceneManager:NewPreviewScene () (at /Users/bokken/buildslave/unity/build/Editor/Mono/EditorSceneManager.bindings.cs:84)
UnityEditor.PreviewScene:.ctor (string) (at /Users/bokken/buildslave/unity/build/Editor/Mono/Inspector/PreviewRenderUtility.cs:22)
UnityEditor.PreviewRenderUtility:.ctor () (at /Users/bokken/buildslave/unity/build/Editor/Mono/Inspector/PreviewRenderUtility.cs:109)
UnityEditor.Texture3DPreview:InitPreviewUtility () (at /Users/bokken/buildslave/unity/build/Editor/Mono/Inspector/Texture3DPreview.cs:209)
UnityEditor.Texture3DPreview:OnEnable () (at /Users/bokken/buildslave/unity/build/Editor/Mono/Inspector/Texture3DPreview.cs:193)

[/Users/bokken/buildslave/unity/build/Editor/Mono/EditorSceneManager.bindings.cs line 84]

Unable to allocate new scene culling mask
UnityEngine.StackTraceUtility:ExtractStackTrace () (at /Users/bokken/buildslave/unity/build/Runtime/Export/Scripting/StackTrace.cs:37)
UnityEditor.SceneManagement.EditorSceneManager:NewPreviewScene (bool)
UnityEditor.SceneManagement.EditorSceneManager:NewPreviewScene () (at /Users/bokken/buildslave/unity/build/Editor/Mono/EditorSceneManager.bindings.cs:84)
UnityEditor.PreviewScene:.ctor (string) (at /Users/bokken/buildslave/unity/build/Editor/Mono/Inspector/PreviewRenderUtility.cs:22)
UnityEditor.PreviewRenderUtility:.ctor () (at /Users/bokken/buildslave/unity/build/Editor/Mono/Inspector/PreviewRenderUtility.cs:109)
UnityEditor.Texture3DPreview:InitPreviewUtility () (at /Users/bokken/buildslave/unity/build/Editor/Mono/Inspector/Texture3DPreview.cs:209)
UnityEditor.Texture3DPreview:OnEnable () (at /Users/bokken/buildslave/unity/build/Editor/Mono/Inspector/Texture3DPreview.cs:193)

[/Users/bokken/buildslave/unity/build/Editor/Mono/EditorSceneManager.bindings.cs line 84]

Unable to allocate new scene culling mask
UnityEngine.StackTraceUtility:ExtractStackTrace () (at /Users/bokken/buildslave/unity/build/Runtime/Export/Scripting/StackTrace.cs:37)
UnityEditor.SceneManagement.EditorSceneManager:NewPreviewScene (bool)
UnityEditor.SceneManagement.EditorSceneManager:NewPreviewScene () (at /Users/bokken/buildslave/unity/build/Editor/Mono/EditorSceneManager.bindings.cs:84)
UnityEditor.PreviewScene:.ctor (string) (at /Users/bokken/buildslave/unity/build/Editor/Mono/Inspector/PreviewRenderUtility.cs:22)
UnityEditor.PreviewRenderUtility:.ctor () (at /Users/bokken/buildslave/unity/build/Editor/Mono/Inspector/PreviewRenderUtility.cs:109)
UnityEditor.Texture3DPreview:InitPreviewUtility () (at /Users/bokken/buildslave/unity/build/Editor/Mono/Inspector/Texture3DPreview.cs:209)
UnityEditor.Texture3DPreview:OnEnable () (at /Users/bokken/buildslave/unity/build/Editor/Mono/Inspector/Texture3DPreview.cs:193)

[/Users/bokken/buildslave/unity/build/Editor/Mono/EditorSceneManager.bindings.cs line 84]

Unable to allocate new scene culling mask
UnityEngine.StackTraceUtility:ExtractStackTrace () (at /Users/bokken/buildslave/unity/build/Runtime/Export/Scripting/StackTrace.cs:37)
UnityEditor.SceneManagement.EditorSceneManager:NewPreviewScene (bool)
UnityEditor.SceneManagement.EditorSceneManager:NewPreviewScene () (at /Users/bokken/buildslave/unity/build/Editor/Mono/EditorSceneManager.bindings.cs:84)
UnityEditor.PreviewScene:.ctor (string) (at /Users/bokken/buildslave/unity/build/Editor/Mono/Inspector/PreviewRenderUtility.cs:22)
UnityEditor.PreviewRenderUtility:.ctor () (at /Users/bokken/buildslave/unity/build/Editor/Mono/Inspector/PreviewRenderUtility.cs:109)
UnityEditor.Texture3DPreview:InitPreviewUtility () (at /Users/bokken/buildslave/unity/build/Editor/Mono/Inspector/Texture3DPreview.cs:209)
UnityEditor.Texture3DPreview:OnEnable () (at /Users/bokken/buildslave/unity/build/Editor/Mono/Inspector/Texture3DPreview.cs:193)

[/Users/bokken/buildslave/unity/build/Editor/Mono/EditorSceneManager.bindings.cs line 84]

Unable to allocate new scene culling mask
UnityEngine.StackTraceUtility:ExtractStackTrace () (at /Users/bokken/buildslave/unity/build/Runtime/Export/Scripting/StackTrace.cs:37)
UnityEditor.SceneManagement.EditorSceneManager:NewPreviewScene (bool)
UnityEditor.SceneManagement.EditorSceneManager:NewPreviewScene () (at /Users/bokken/buildslave/unity/build/Editor/Mono/EditorSceneManager.bindings.cs:84)
UnityEditor.PreviewScene:.ctor (string) (at /Users/bokken/buildslave/unity/build/Editor/Mono/Inspector/PreviewRenderUtility.cs:22)
UnityEditor.PreviewRenderUtility:.ctor () (at /Users/bokken/buildslave/unity/build/Editor/Mono/Inspector/PreviewRenderUtility.cs:109)
UnityEditor.Texture3DPreview:InitPreviewUtility () (at /Users/bokken/buildslave/unity/build/Editor/Mono/Inspector/Texture3DPreview.cs:209)
UnityEditor.Texture3DPreview:OnEnable () (at /Users/bokken/buildslave/unity/build/Editor/Mono/Inspector/Texture3DPreview.cs:193)

[/Users/bokken/buildslave/unity/build/Editor/Mono/EditorSceneManager.bindings.cs line 84]

Unable to allocate new scene culling mask
UnityEngine.StackTraceUtility:ExtractStackTrace () (at /Users/bokken/buildslave/unity/build/Runtime/Export/Scripting/StackTrace.cs:37)
UnityEditor.SceneManagement.EditorSceneManager:NewPreviewScene (bool)
UnityEditor.SceneManagement.EditorSceneManager:NewPreviewScene () (at /Users/bokken/buildslave/unity/build/Editor/Mono/EditorSceneManager.bindings.cs:84)
UnityEditor.PreviewScene:.ctor (string) (at /Users/bokken/buildslave/unity/build/Editor/Mono/Inspector/PreviewRenderUtility.cs:22)
UnityEditor.PreviewRenderUtility:.ctor () (at /Users/bokken/buildslave/unity/build/Editor/Mono/Inspector/PreviewRenderUtility.cs:109)
UnityEditor.Texture3DPreview:InitPreviewUtility () (at /Users/bokken/buildslave/unity/build/Editor/Mono/Inspector/Texture3DPreview.cs:209)
UnityEditor.Texture3DPreview:OnEnable () (at /Users/bokken/buildslave/unity/build/Editor/Mono/Inspector/Texture3DPreview.cs:193)

[/Users/bokken/buildslave/unity/build/Editor/Mono/EditorSceneManager.bindings.cs line 84]

Unable to allocate new scene culling mask
UnityEngine.StackTraceUtility:ExtractStackTrace () (at /Users/bokken/buildslave/unity/build/Runtime/Export/Scripting/StackTrace.cs:37)
UnityEditor.SceneManagement.EditorSceneManager:NewPreviewScene (bool)
UnityEditor.SceneManagement.EditorSceneManager:NewPreviewScene () (at /Users/bokken/buildslave/unity/build/Editor/Mono/EditorSceneManager.bindings.cs:84)
UnityEditor.PreviewScene:.ctor (string) (at /Users/bokken/buildslave/unity/build/Editor/Mono/Inspector/PreviewRenderUtility.cs:22)
UnityEditor.PreviewRenderUtility:.ctor () (at /Users/bokken/buildslave/unity/build/Editor/Mono/Inspector/PreviewRenderUtility.cs:109)
UnityEditor.Texture3DPreview:InitPreviewUtility () (at /Users/bokken/buildslave/unity/build/Editor/Mono/Inspector/Texture3DPreview.cs:209)
UnityEditor.Texture3DPreview:OnEnable () (at /Users/bokken/buildslave/unity/build/Editor/Mono/Inspector/Texture3DPreview.cs:193)

[/Users/bokken/buildslave/unity/build/Editor/Mono/EditorSceneManager.bindings.cs line 84]

Unable to allocate new scene culling mask
UnityEngine.StackTraceUtility:ExtractStackTrace () (at /Users/bokken/buildslave/unity/build/Runtime/Export/Scripting/StackTrace.cs:37)
UnityEditor.SceneManagement.EditorSceneManager:NewPreviewScene (bool)
UnityEditor.SceneManagement.EditorSceneManager:NewPreviewScene () (at /Users/bokken/buildslave/unity/build/Editor/Mono/EditorSceneManager.bindings.cs:84)
UnityEditor.PreviewScene:.ctor (string) (at /Users/bokken/buildslave/unity/build/Editor/Mono/Inspector/PreviewRenderUtility.cs:22)
UnityEditor.PreviewRenderUtility:.ctor () (at /Users/bokken/buildslave/unity/build/Editor/Mono/Inspector/PreviewRenderUtility.cs:109)
UnityEditor.Texture3DPreview:InitPreviewUtility () (at /Users/bokken/buildslave/unity/build/Editor/Mono/Inspector/Texture3DPreview.cs:209)
UnityEditor.Texture3DPreview:OnEnable () (at /Users/bokken/buildslave/unity/build/Editor/Mono/Inspector/Texture3DPreview.cs:193)

[/Users/bokken/buildslave/unity/build/Editor/Mono/EditorSceneManager.bindings.cs line 84]

Unable to allocate new scene culling mask
UnityEngine.StackTraceUtility:ExtractStackTrace () (at /Users/bokken/buildslave/unity/build/Runtime/Export/Scripting/StackTrace.cs:37)
UnityEditor.SceneManagement.EditorSceneManager:NewPreviewScene (bool)
UnityEditor.SceneManagement.EditorSceneManager:NewPreviewScene () (at /Users/bokken/buildslave/unity/build/Editor/Mono/EditorSceneManager.bindings.cs:84)
UnityEditor.PreviewScene:.ctor (string) (at /Users/bokken/buildslave/unity/build/Editor/Mono/Inspector/PreviewRenderUtility.cs:22)
UnityEditor.PreviewRenderUtility:.ctor () (at /Users/bokken/buildslave/unity/build/Editor/Mono/Inspector/PreviewRenderUtility.cs:109)
UnityEditor.Texture3DPreview:InitPreviewUtility () (at /Users/bokken/buildslave/unity/build/Editor/Mono/Inspector/Texture3DPreview.cs:209)
UnityEditor.Texture3DPreview:OnEnable () (at /Users/bokken/buildslave/unity/build/Editor/Mono/Inspector/Texture3DPreview.cs:193)

[/Users/bokken/buildslave/unity/build/Editor/Mono/EditorSceneManager.bindings.cs line 84]

Unable to allocate new scene culling mask
UnityEngine.StackTraceUtility:ExtractStackTrace () (at /Users/bokken/buildslave/unity/build/Runtime/Export/Scripting/StackTrace.cs:37)
UnityEditor.SceneManagement.EditorSceneManager:NewPreviewScene (bool)
UnityEditor.SceneManagement.EditorSceneManager:NewPreviewScene () (at /Users/bokken/buildslave/unity/build/Editor/Mono/EditorSceneManager.bindings.cs:84)
UnityEditor.PreviewScene:.ctor (string) (at /Users/bokken/buildslave/unity/build/Editor/Mono/Inspector/PreviewRenderUtility.cs:22)
UnityEditor.PreviewRenderUtility:.ctor () (at /Users/bokken/buildslave/unity/build/Editor/Mono/Inspector/PreviewRenderUtility.cs:109)
UnityEditor.Texture3DPreview:InitPreviewUtility () (at /Users/bokken/buildslave/unity/build/Editor/Mono/Inspector/Texture3DPreview.cs:209)
UnityEditor.Texture3DPreview:OnEnable () (at /Users/bokken/buildslave/unity/build/Editor/Mono/Inspector/Texture3DPreview.cs:193)

[/Users/bokken/buildslave/unity/build/Editor/Mono/EditorSceneManager.bindings.cs line 84]

Unable to allocate new scene culling mask
UnityEngine.StackTraceUtility:ExtractStackTrace () (at /Users/bokken/buildslave/unity/build/Runtime/Export/Scripting/StackTrace.cs:37)
UnityEditor.SceneManagement.EditorSceneManager:NewPreviewScene (bool)
UnityEditor.SceneManagement.EditorSceneManager:NewPreviewScene () (at /Users/bokken/buildslave/unity/build/Editor/Mono/EditorSceneManager.bindings.cs:84)
UnityEditor.PreviewScene:.ctor (string) (at /Users/bokken/buildslave/unity/build/Editor/Mono/Inspector/PreviewRenderUtility.cs:22)
UnityEditor.PreviewRenderUtility:.ctor () (at /Users/bokken/buildslave/unity/build/Editor/Mono/Inspector/PreviewRenderUtility.cs:109)
UnityEditor.Texture3DPreview:InitPreviewUtility () (at /Users/bokken/buildslave/unity/build/Editor/Mono/Inspector/Texture3DPreview.cs:209)
UnityEditor.Texture3DPreview:OnEnable () (at /Users/bokken/buildslave/unity/build/Editor/Mono/Inspector/Texture3DPreview.cs:193)

[/Users/bokken/buildslave/unity/build/Editor/Mono/EditorSceneManager.bindings.cs line 84]

Unable to allocate new scene culling mask
UnityEngine.StackTraceUtility:ExtractStackTrace () (at /Users/bokken/buildslave/unity/build/Runtime/Export/Scripting/StackTrace.cs:37)
UnityEditor.SceneManagement.EditorSceneManager:NewPreviewScene (bool)
UnityEditor.SceneManagement.EditorSceneManager:NewPreviewScene () (at /Users/bokken/buildslave/unity/build/Editor/Mono/EditorSceneManager.bindings.cs:84)
UnityEditor.PreviewScene:.ctor (string) (at /Users/bokken/buildslave/unity/build/Editor/Mono/Inspector/PreviewRenderUtility.cs:22)
UnityEditor.PreviewRenderUtility:.ctor () (at /Users/bokken/buildslave/unity/build/Editor/Mono/Inspector/PreviewRenderUtility.cs:109)
UnityEditor.Texture3DPreview:InitPreviewUtility () (at /Users/bokken/buildslave/unity/build/Editor/Mono/Inspector/Texture3DPreview.cs:209)
UnityEditor.Texture3DPreview:OnEnable () (at /Users/bokken/buildslave/unity/build/Editor/Mono/Inspector/Texture3DPreview.cs:193)

[/Users/bokken/buildslave/unity/build/Editor/Mono/EditorSceneManager.bindings.cs line 84]

Unable to allocate new scene culling mask
UnityEngine.StackTraceUtility:ExtractStackTrace () (at /Users/bokken/buildslave/unity/build/Runtime/Export/Scripting/StackTrace.cs:37)
UnityEditor.SceneManagement.EditorSceneManager:NewPreviewScene (bool)
UnityEditor.SceneManagement.EditorSceneManager:NewPreviewScene () (at /Users/bokken/buildslave/unity/build/Editor/Mono/EditorSceneManager.bindings.cs:84)
UnityEditor.PreviewScene:.ctor (string) (at /Users/bokken/buildslave/unity/build/Editor/Mono/Inspector/PreviewRenderUtility.cs:22)
UnityEditor.PreviewRenderUtility:.ctor () (at /Users/bokken/buildslave/unity/build/Editor/Mono/Inspector/PreviewRenderUtility.cs:109)
UnityEditor.Texture3DPreview:InitPreviewUtility () (at /Users/bokken/buildslave/unity/build/Editor/Mono/Inspector/Texture3DPreview.cs:209)
UnityEditor.Texture3DPreview:OnEnable () (at /Users/bokken/buildslave/unity/build/Editor/Mono/Inspector/Texture3DPreview.cs:193)

[/Users/bokken/buildslave/unity/build/Editor/Mono/EditorSceneManager.bindings.cs line 84]

Mono: successfully reloaded assembly
- Completed reload, in  1.037 seconds
Domain Reload Profiling:
	ReloadAssembly (1038ms)
		BeginReloadAssembly (113ms)
			ExecutionOrderSort (0ms)
			DisableScriptedObjects (10ms)
			BackupInstance (0ms)
			ReleaseScriptingObjects (0ms)
			CreateAndSetChildDomain (44ms)
		EndReloadAssembly (829ms)
			LoadAssemblies (42ms)
			RebuildTransferFunctionScriptingTraits (0ms)
			SetupTypeCache (230ms)
			ReleaseScriptCaches (1ms)
			RebuildScriptCaches (54ms)
			SetupLoadedEditorAssemblies (413ms)
				LogAssemblyErrors (0ms)
				InitializePlatformSupportModulesInManaged (10ms)
				SetLoadedEditorAssemblies (0ms)
				RefreshPlugins (0ms)
				BeforeProcessingInitializeOnLoad (80ms)
				ProcessInitializeOnLoadAttributes (270ms)
				ProcessInitializeOnLoadMethodAttributes (46ms)
				AfterProcessingInitializeOnLoad (5ms)
				EditorAssembliesLoaded (0ms)
			ExecutionOrderSort2 (0ms)
			AwakeInstancesAfterBackupRestoration (28ms)
Platform modules already initialized, skipping
Refreshing native plugins compatible for Editor in 0.62 ms, found 2 plugins.
Preloading 0 native plugins for Editor in 0.00 ms.
Unloading 3101 Unused Serialized files (Serialized files now loaded: 0)
Unloading 18 unused Assets / (22.0 KB). Loaded Objects now: 4726.
Memory consumption went from 181.3 MB to 181.3 MB.
Total: 5.202250 ms (FindLiveObjects: 0.362750 ms CreateObjectMapping: 0.123541 ms MarkObjects: 4.690167 ms  DeleteObjects: 0.025083 ms)

AssetImportParameters requested are different than current active one (requested -> active):
  custom:video-decoder-ogg-theora: a1e56fd34408186e4bbccfd4996cb3dc -> 
  custom:container-muxer-webm: aa71ff27fc2769a1b78a27578f13a17b -> 
  custom:container-demuxer-webm: 4f35f7cbe854078d1ac9338744f61a02 -> 
  custom:video-encoder-webm-vp8: eb34c28f22e8b96e1ab97ce403110664 -> 
  custom:framework-osx-AVFoundation: e770b220cccbd017edd2c1fefb359320 -> 
  custom:audio-encoder-webm-vorbis: bf7c407c2cedff20999df2af8eb42d56 -> 
  custom:container-demuxer-ogg: 62fdf1f143b41e24485cea50d1cbac27 -> 
  custom:video-decoder-webm-vp8: 9c59270c3fd7afecdb556c50c9e8de78 -> 
  custom:audio-decoder-ogg-vorbis: bf7c407c2cedff20999df2af8eb42d56 -> 
========================================================================
Received Prepare
Registering precompiled user dll's ...
Registered in 0.002264 seconds.
Begin MonoManager ReloadAssembly
Thread 0x16da73000 may have been prematurely finalized
Symbol file LoadedFromMemory doesn't match image /Users/henrymoss/Documents/GitHub/Sigil-Game/Library/PackageCache/com.unity.visualscripting@1.7.6/Editor/VisualScripting.Core/Dependencies/YamlDotNet/Unity.VisualScripting.YamlDotNet.dll
Symbol file LoadedFromMemory doesn't match image /Users/henrymoss/Documents/GitHub/Sigil-Game/Library/PackageCache/com.unity.visualscripting@1.7.6/Editor/VisualScripting.Core/Dependencies/DotNetZip/Unity.VisualScripting.IonicZip.dll
Native extension for LinuxStandalone target not found
Native extension for WindowsStandalone target not found
Native extension for OSXStandalone target not found
Refreshing native plugins compatible for Editor in 0.54 ms, found 2 plugins.
Preloading 0 native plugins for Editor in 0.00 ms.
Unable to allocate new scene culling mask
UnityEngine.StackTraceUtility:ExtractStackTrace () (at /Users/bokken/buildslave/unity/build/Runtime/Export/Scripting/StackTrace.cs:37)
UnityEditor.SceneManagement.EditorSceneManager:NewPreviewScene (bool)
UnityEditor.SceneManagement.EditorSceneManager:NewPreviewScene () (at /Users/bokken/buildslave/unity/build/Editor/Mono/EditorSceneManager.bindings.cs:84)
UnityEditor.PreviewScene:.ctor (string) (at /Users/bokken/buildslave/unity/build/Editor/Mono/Inspector/PreviewRenderUtility.cs:22)
UnityEditor.PreviewRenderUtility:.ctor () (at /Users/bokken/buildslave/unity/build/Editor/Mono/Inspector/PreviewRenderUtility.cs:109)
UnityEditor.Texture3DPreview:InitPreviewUtility () (at /Users/bokken/buildslave/unity/build/Editor/Mono/Inspector/Texture3DPreview.cs:209)
UnityEditor.Texture3DPreview:OnEnable () (at /Users/bokken/buildslave/unity/build/Editor/Mono/Inspector/Texture3DPreview.cs:193)

[/Users/bokken/buildslave/unity/build/Editor/Mono/EditorSceneManager.bindings.cs line 84]

Unable to allocate new scene culling mask
UnityEngine.StackTraceUtility:ExtractStackTrace () (at /Users/bokken/buildslave/unity/build/Runtime/Export/Scripting/StackTrace.cs:37)
UnityEditor.SceneManagement.EditorSceneManager:NewPreviewScene (bool)
UnityEditor.SceneManagement.EditorSceneManager:NewPreviewScene () (at /Users/bokken/buildslave/unity/build/Editor/Mono/EditorSceneManager.bindings.cs:84)
UnityEditor.PreviewScene:.ctor (string) (at /Users/bokken/buildslave/unity/build/Editor/Mono/Inspector/PreviewRenderUtility.cs:22)
UnityEditor.PreviewRenderUtility:.ctor () (at /Users/bokken/buildslave/unity/build/Editor/Mono/Inspector/PreviewRenderUtility.cs:109)
UnityEditor.Texture3DPreview:InitPreviewUtility () (at /Users/bokken/buildslave/unity/build/Editor/Mono/Inspector/Texture3DPreview.cs:209)
UnityEditor.Texture3DPreview:OnEnable () (at /Users/bokken/buildslave/unity/build/Editor/Mono/Inspector/Texture3DPreview.cs:193)

[/Users/bokken/buildslave/unity/build/Editor/Mono/EditorSceneManager.bindings.cs line 84]

Unable to allocate new scene culling mask
UnityEngine.StackTraceUtility:ExtractStackTrace () (at /Users/bokken/buildslave/unity/build/Runtime/Export/Scripting/StackTrace.cs:37)
UnityEditor.SceneManagement.EditorSceneManager:NewPreviewScene (bool)
UnityEditor.SceneManagement.EditorSceneManager:NewPreviewScene () (at /Users/bokken/buildslave/unity/build/Editor/Mono/EditorSceneManager.bindings.cs:84)
UnityEditor.PreviewScene:.ctor (string) (at /Users/bokken/buildslave/unity/build/Editor/Mono/Inspector/PreviewRenderUtility.cs:22)
UnityEditor.PreviewRenderUtility:.ctor () (at /Users/bokken/buildslave/unity/build/Editor/Mono/Inspector/PreviewRenderUtility.cs:109)
UnityEditor.Texture3DPreview:InitPreviewUtility () (at /Users/bokken/buildslave/unity/build/Editor/Mono/Inspector/Texture3DPreview.cs:209)
UnityEditor.Texture3DPreview:OnEnable () (at /Users/bokken/buildslave/unity/build/Editor/Mono/Inspector/Texture3DPreview.cs:193)

[/Users/bokken/buildslave/unity/build/Editor/Mono/EditorSceneManager.bindings.cs line 84]

Unable to allocate new scene culling mask
UnityEngine.StackTraceUtility:ExtractStackTrace () (at /Users/bokken/buildslave/unity/build/Runtime/Export/Scripting/StackTrace.cs:37)
UnityEditor.SceneManagement.EditorSceneManager:NewPreviewScene (bool)
UnityEditor.SceneManagement.EditorSceneManager:NewPreviewScene () (at /Users/bokken/buildslave/unity/build/Editor/Mono/EditorSceneManager.bindings.cs:84)
UnityEditor.PreviewScene:.ctor (string) (at /Users/bokken/buildslave/unity/build/Editor/Mono/Inspector/PreviewRenderUtility.cs:22)
UnityEditor.PreviewRenderUtility:.ctor () (at /Users/bokken/buildslave/unity/build/Editor/Mono/Inspector/PreviewRenderUtility.cs:109)
UnityEditor.Texture3DPreview:InitPreviewUtility () (at /Users/bokken/buildslave/unity/build/Editor/Mono/Inspector/Texture3DPreview.cs:209)
UnityEditor.Texture3DPreview:OnEnable () (at /Users/bokken/buildslave/unity/build/Editor/Mono/Inspector/Texture3DPreview.cs:193)

[/Users/bokken/buildslave/unity/build/Editor/Mono/EditorSceneManager.bindings.cs line 84]

Unable to allocate new scene culling mask
UnityEngine.StackTraceUtility:ExtractStackTrace () (at /Users/bokken/buildslave/unity/build/Runtime/Export/Scripting/StackTrace.cs:37)
UnityEditor.SceneManagement.EditorSceneManager:NewPreviewScene (bool)
UnityEditor.SceneManagement.EditorSceneManager:NewPreviewScene () (at /Users/bokken/buildslave/unity/build/Editor/Mono/EditorSceneManager.bindings.cs:84)
UnityEditor.PreviewScene:.ctor (string) (at /Users/bokken/buildslave/unity/build/Editor/Mono/Inspector/PreviewRenderUtility.cs:22)
UnityEditor.PreviewRenderUtility:.ctor () (at /Users/bokken/buildslave/unity/build/Editor/Mono/Inspector/PreviewRenderUtility.cs:109)
UnityEditor.Texture3DPreview:InitPreviewUtility () (at /Users/bokken/buildslave/unity/build/Editor/Mono/Inspector/Texture3DPreview.cs:209)
UnityEditor.Texture3DPreview:OnEnable () (at /Users/bokken/buildslave/unity/build/Editor/Mono/Inspector/Texture3DPreview.cs:193)

[/Users/bokken/buildslave/unity/build/Editor/Mono/EditorSceneManager.bindings.cs line 84]

Unable to allocate new scene culling mask
UnityEngine.StackTraceUtility:ExtractStackTrace () (at /Users/bokken/buildslave/unity/build/Runtime/Export/Scripting/StackTrace.cs:37)
UnityEditor.SceneManagement.EditorSceneManager:NewPreviewScene (bool)
UnityEditor.SceneManagement.EditorSceneManager:NewPreviewScene () (at /Users/bokken/buildslave/unity/build/Editor/Mono/EditorSceneManager.bindings.cs:84)
UnityEditor.PreviewScene:.ctor (string) (at /Users/bokken/buildslave/unity/build/Editor/Mono/Inspector/PreviewRenderUtility.cs:22)
UnityEditor.PreviewRenderUtility:.ctor () (at /Users/bokken/buildslave/unity/build/Editor/Mono/Inspector/PreviewRenderUtility.cs:109)
UnityEditor.Texture3DPreview:InitPreviewUtility () (at /Users/bokken/buildslave/unity/build/Editor/Mono/Inspector/Texture3DPreview.cs:209)
UnityEditor.Texture3DPreview:OnEnable () (at /Users/bokken/buildslave/unity/build/Editor/Mono/Inspector/Texture3DPreview.cs:193)

[/Users/bokken/buildslave/unity/build/Editor/Mono/EditorSceneManager.bindings.cs line 84]

Unable to allocate new scene culling mask
UnityEngine.StackTraceUtility:ExtractStackTrace () (at /Users/bokken/buildslave/unity/build/Runtime/Export/Scripting/StackTrace.cs:37)
UnityEditor.SceneManagement.EditorSceneManager:NewPreviewScene (bool)
UnityEditor.SceneManagement.EditorSceneManager:NewPreviewScene () (at /Users/bokken/buildslave/unity/build/Editor/Mono/EditorSceneManager.bindings.cs:84)
UnityEditor.PreviewScene:.ctor (string) (at /Users/bokken/buildslave/unity/build/Editor/Mono/Inspector/PreviewRenderUtility.cs:22)
UnityEditor.PreviewRenderUtility:.ctor () (at /Users/bokken/buildslave/unity/build/Editor/Mono/Inspector/PreviewRenderUtility.cs:109)
UnityEditor.Texture3DPreview:InitPreviewUtility () (at /Users/bokken/buildslave/unity/build/Editor/Mono/Inspector/Texture3DPreview.cs:209)
UnityEditor.Texture3DPreview:OnEnable () (at /Users/bokken/buildslave/unity/build/Editor/Mono/Inspector/Texture3DPreview.cs:193)

[/Users/bokken/buildslave/unity/build/Editor/Mono/EditorSceneManager.bindings.cs line 84]

Unable to allocate new scene culling mask
UnityEngine.StackTraceUtility:ExtractStackTrace () (at /Users/bokken/buildslave/unity/build/Runtime/Export/Scripting/StackTrace.cs:37)
UnityEditor.SceneManagement.EditorSceneManager:NewPreviewScene (bool)
UnityEditor.SceneManagement.EditorSceneManager:NewPreviewScene () (at /Users/bokken/buildslave/unity/build/Editor/Mono/EditorSceneManager.bindings.cs:84)
UnityEditor.PreviewScene:.ctor (string) (at /Users/bokken/buildslave/unity/build/Editor/Mono/Inspector/PreviewRenderUtility.cs:22)
UnityEditor.PreviewRenderUtility:.ctor () (at /Users/bokken/buildslave/unity/build/Editor/Mono/Inspector/PreviewRenderUtility.cs:109)
UnityEditor.Texture3DPreview:InitPreviewUtility () (at /Users/bokken/buildslave/unity/build/Editor/Mono/Inspector/Texture3DPreview.cs:209)
UnityEditor.Texture3DPreview:OnEnable () (at /Users/bokken/buildslave/unity/build/Editor/Mono/Inspector/Texture3DPreview.cs:193)

[/Users/bokken/buildslave/unity/build/Editor/Mono/EditorSceneManager.bindings.cs line 84]

Unable to allocate new scene culling mask
UnityEngine.StackTraceUtility:ExtractStackTrace () (at /Users/bokken/buildslave/unity/build/Runtime/Export/Scripting/StackTrace.cs:37)
UnityEditor.SceneManagement.EditorSceneManager:NewPreviewScene (bool)
UnityEditor.SceneManagement.EditorSceneManager:NewPreviewScene () (at /Users/bokken/buildslave/unity/build/Editor/Mono/EditorSceneManager.bindings.cs:84)
UnityEditor.PreviewScene:.ctor (string) (at /Users/bokken/buildslave/unity/build/Editor/Mono/Inspector/PreviewRenderUtility.cs:22)
UnityEditor.PreviewRenderUtility:.ctor () (at /Users/bokken/buildslave/unity/build/Editor/Mono/Inspector/PreviewRenderUtility.cs:109)
UnityEditor.Texture3DPreview:InitPreviewUtility () (at /Users/bokken/buildslave/unity/build/Editor/Mono/Inspector/Texture3DPreview.cs:209)
UnityEditor.Texture3DPreview:OnEnable () (at /Users/bokken/buildslave/unity/build/Editor/Mono/Inspector/Texture3DPreview.cs:193)

[/Users/bokken/buildslave/unity/build/Editor/Mono/EditorSceneManager.bindings.cs line 84]

Unable to allocate new scene culling mask
UnityEngine.StackTraceUtility:ExtractStackTrace () (at /Users/bokken/buildslave/unity/build/Runtime/Export/Scripting/StackTrace.cs:37)
UnityEditor.SceneManagement.EditorSceneManager:NewPreviewScene (bool)
UnityEditor.SceneManagement.EditorSceneManager:NewPreviewScene () (at /Users/bokken/buildslave/unity/build/Editor/Mono/EditorSceneManager.bindings.cs:84)
UnityEditor.PreviewScene:.ctor (string) (at /Users/bokken/buildslave/unity/build/Editor/Mono/Inspector/PreviewRenderUtility.cs:22)
UnityEditor.PreviewRenderUtility:.ctor () (at /Users/bokken/buildslave/unity/build/Editor/Mono/Inspector/PreviewRenderUtility.cs:109)
UnityEditor.Texture3DPreview:InitPreviewUtility () (at /Users/bokken/buildslave/unity/build/Editor/Mono/Inspector/Texture3DPreview.cs:209)
UnityEditor.Texture3DPreview:OnEnable () (at /Users/bokken/buildslave/unity/build/Editor/Mono/Inspector/Texture3DPreview.cs:193)

[/Users/bokken/buildslave/unity/build/Editor/Mono/EditorSceneManager.bindings.cs line 84]

Unable to allocate new scene culling mask
UnityEngine.StackTraceUtility:ExtractStackTrace () (at /Users/bokken/buildslave/unity/build/Runtime/Export/Scripting/StackTrace.cs:37)
UnityEditor.SceneManagement.EditorSceneManager:NewPreviewScene (bool)
UnityEditor.SceneManagement.EditorSceneManager:NewPreviewScene () (at /Users/bokken/buildslave/unity/build/Editor/Mono/EditorSceneManager.bindings.cs:84)
UnityEditor.PreviewScene:.ctor (string) (at /Users/bokken/buildslave/unity/build/Editor/Mono/Inspector/PreviewRenderUtility.cs:22)
UnityEditor.PreviewRenderUtility:.ctor () (at /Users/bokken/buildslave/unity/build/Editor/Mono/Inspector/PreviewRenderUtility.cs:109)
UnityEditor.Texture3DPreview:InitPreviewUtility () (at /Users/bokken/buildslave/unity/build/Editor/Mono/Inspector/Texture3DPreview.cs:209)
UnityEditor.Texture3DPreview:OnEnable () (at /Users/bokken/buildslave/unity/build/Editor/Mono/Inspector/Texture3DPreview.cs:193)

[/Users/bokken/buildslave/unity/build/Editor/Mono/EditorSceneManager.bindings.cs line 84]

Unable to allocate new scene culling mask
UnityEngine.StackTraceUtility:ExtractStackTrace () (at /Users/bokken/buildslave/unity/build/Runtime/Export/Scripting/StackTrace.cs:37)
UnityEditor.SceneManagement.EditorSceneManager:NewPreviewScene (bool)
UnityEditor.SceneManagement.EditorSceneManager:NewPreviewScene () (at /Users/bokken/buildslave/unity/build/Editor/Mono/EditorSceneManager.bindings.cs:84)
UnityEditor.PreviewScene:.ctor (string) (at /Users/bokken/buildslave/unity/build/Editor/Mono/Inspector/PreviewRenderUtility.cs:22)
UnityEditor.PreviewRenderUtility:.ctor () (at /Users/bokken/buildslave/unity/build/Editor/Mono/Inspector/PreviewRenderUtility.cs:109)
UnityEditor.Texture3DPreview:InitPreviewUtility () (at /Users/bokken/buildslave/unity/build/Editor/Mono/Inspector/Texture3DPreview.cs:209)
UnityEditor.Texture3DPreview:OnEnable () (at /Users/bokken/buildslave/unity/build/Editor/Mono/Inspector/Texture3DPreview.cs:193)

[/Users/bokken/buildslave/unity/build/Editor/Mono/EditorSceneManager.bindings.cs line 84]

Unable to allocate new scene culling mask
UnityEngine.StackTraceUtility:ExtractStackTrace () (at /Users/bokken/buildslave/unity/build/Runtime/Export/Scripting/StackTrace.cs:37)
UnityEditor.SceneManagement.EditorSceneManager:NewPreviewScene (bool)
UnityEditor.SceneManagement.EditorSceneManager:NewPreviewScene () (at /Users/bokken/buildslave/unity/build/Editor/Mono/EditorSceneManager.bindings.cs:84)
UnityEditor.PreviewScene:.ctor (string) (at /Users/bokken/buildslave/unity/build/Editor/Mono/Inspector/PreviewRenderUtility.cs:22)
UnityEditor.PreviewRenderUtility:.ctor () (at /Users/bokken/buildslave/unity/build/Editor/Mono/Inspector/PreviewRenderUtility.cs:109)
UnityEditor.Texture3DPreview:InitPreviewUtility () (at /Users/bokken/buildslave/unity/build/Editor/Mono/Inspector/Texture3DPreview.cs:209)
UnityEditor.Texture3DPreview:OnEnable () (at /Users/bokken/buildslave/unity/build/Editor/Mono/Inspector/Texture3DPreview.cs:193)

[/Users/bokken/buildslave/unity/build/Editor/Mono/EditorSceneManager.bindings.cs line 84]

Mono: successfully reloaded assembly
- Completed reload, in  1.048 seconds
Domain Reload Profiling:
	ReloadAssembly (1048ms)
		BeginReloadAssembly (106ms)
			ExecutionOrderSort (0ms)
			DisableScriptedObjects (10ms)
			BackupInstance (0ms)
			ReleaseScriptingObjects (0ms)
			CreateAndSetChildDomain (41ms)
		EndReloadAssembly (854ms)
			LoadAssemblies (39ms)
			RebuildTransferFunctionScriptingTraits (0ms)
			SetupTypeCache (261ms)
			ReleaseScriptCaches (2ms)
			RebuildScriptCaches (73ms)
			SetupLoadedEditorAssemblies (379ms)
				LogAssemblyErrors (0ms)
				InitializePlatformSupportModulesInManaged (14ms)
				SetLoadedEditorAssemblies (1ms)
				RefreshPlugins (1ms)
				BeforeProcessingInitializeOnLoad (100ms)
				ProcessInitializeOnLoadAttributes (234ms)
				ProcessInitializeOnLoadMethodAttributes (27ms)
				AfterProcessingInitializeOnLoad (2ms)
				EditorAssembliesLoaded (0ms)
			ExecutionOrderSort2 (0ms)
			AwakeInstancesAfterBackupRestoration (20ms)
Platform modules already initialized, skipping
Refreshing native plugins compatible for Editor in 0.47 ms, found 2 plugins.
Preloading 0 native plugins for Editor in 0.00 ms.
Unloading 3101 Unused Serialized files (Serialized files now loaded: 0)
Unloading 18 unused Assets / (22.1 KB). Loaded Objects now: 4728.
Memory consumption went from 187.3 MB to 187.3 MB.
Total: 3.750709 ms (FindLiveObjects: 0.269375 ms CreateObjectMapping: 0.085791 ms MarkObjects: 3.377292 ms  DeleteObjects: 0.017334 ms)

AssetImportParameters requested are different than current active one (requested -> active):
  custom:video-decoder-ogg-theora: a1e56fd34408186e4bbccfd4996cb3dc -> 
  custom:container-muxer-webm: aa71ff27fc2769a1b78a27578f13a17b -> 
  custom:container-demuxer-webm: 4f35f7cbe854078d1ac9338744f61a02 -> 
  custom:video-encoder-webm-vp8: eb34c28f22e8b96e1ab97ce403110664 -> 
  custom:framework-osx-AVFoundation: e770b220cccbd017edd2c1fefb359320 -> 
  custom:audio-encoder-webm-vorbis: bf7c407c2cedff20999df2af8eb42d56 -> 
  custom:container-demuxer-ogg: 62fdf1f143b41e24485cea50d1cbac27 -> 
  custom:video-decoder-webm-vp8: 9c59270c3fd7afecdb556c50c9e8de78 -> 
  custom:audio-decoder-ogg-vorbis: bf7c407c2cedff20999df2af8eb42d56 -> 
========================================================================
Received Prepare
Registering precompiled user dll's ...
Registered in 0.003193 seconds.
Begin MonoManager ReloadAssembly
Thread 0x16da73000 may have been prematurely finalized
Symbol file LoadedFromMemory doesn't match image /Users/henrymoss/Documents/GitHub/Sigil-Game/Library/PackageCache/com.unity.visualscripting@1.7.6/Editor/VisualScripting.Core/Dependencies/YamlDotNet/Unity.VisualScripting.YamlDotNet.dll
Symbol file LoadedFromMemory doesn't match image /Users/henrymoss/Documents/GitHub/Sigil-Game/Library/PackageCache/com.unity.visualscripting@1.7.6/Editor/VisualScripting.Core/Dependencies/DotNetZip/Unity.VisualScripting.IonicZip.dll
Native extension for LinuxStandalone target not found
Native extension for WindowsStandalone target not found
Native extension for OSXStandalone target not found
Refreshing native plugins compatible for Editor in 0.50 ms, found 2 plugins.
Preloading 0 native plugins for Editor in 0.00 ms.
Unable to allocate new scene culling mask
UnityEngine.StackTraceUtility:ExtractStackTrace () (at /Users/bokken/buildslave/unity/build/Runtime/Export/Scripting/StackTrace.cs:37)
UnityEditor.SceneManagement.EditorSceneManager:NewPreviewScene (bool)
UnityEditor.SceneManagement.EditorSceneManager:NewPreviewScene () (at /Users/bokken/buildslave/unity/build/Editor/Mono/EditorSceneManager.bindings.cs:84)
UnityEditor.PreviewScene:.ctor (string) (at /Users/bokken/buildslave/unity/build/Editor/Mono/Inspector/PreviewRenderUtility.cs:22)
UnityEditor.PreviewRenderUtility:.ctor () (at /Users/bokken/buildslave/unity/build/Editor/Mono/Inspector/PreviewRenderUtility.cs:109)
UnityEditor.Texture3DPreview:InitPreviewUtility () (at /Users/bokken/buildslave/unity/build/Editor/Mono/Inspector/Texture3DPreview.cs:209)
UnityEditor.Texture3DPreview:OnEnable () (at /Users/bokken/buildslave/unity/build/Editor/Mono/Inspector/Texture3DPreview.cs:193)

[/Users/bokken/buildslave/unity/build/Editor/Mono/EditorSceneManager.bindings.cs line 84]

Unable to allocate new scene culling mask
UnityEngine.StackTraceUtility:ExtractStackTrace () (at /Users/bokken/buildslave/unity/build/Runtime/Export/Scripting/StackTrace.cs:37)
UnityEditor.SceneManagement.EditorSceneManager:NewPreviewScene (bool)
UnityEditor.SceneManagement.EditorSceneManager:NewPreviewScene () (at /Users/bokken/buildslave/unity/build/Editor/Mono/EditorSceneManager.bindings.cs:84)
UnityEditor.PreviewScene:.ctor (string) (at /Users/bokken/buildslave/unity/build/Editor/Mono/Inspector/PreviewRenderUtility.cs:22)
UnityEditor.PreviewRenderUtility:.ctor () (at /Users/bokken/buildslave/unity/build/Editor/Mono/Inspector/PreviewRenderUtility.cs:109)
UnityEditor.Texture3DPreview:InitPreviewUtility () (at /Users/bokken/buildslave/unity/build/Editor/Mono/Inspector/Texture3DPreview.cs:209)
UnityEditor.Texture3DPreview:OnEnable () (at /Users/bokken/buildslave/unity/build/Editor/Mono/Inspector/Texture3DPreview.cs:193)

[/Users/bokken/buildslave/unity/build/Editor/Mono/EditorSceneManager.bindings.cs line 84]

Unable to allocate new scene culling mask
UnityEngine.StackTraceUtility:ExtractStackTrace () (at /Users/bokken/buildslave/unity/build/Runtime/Export/Scripting/StackTrace.cs:37)
UnityEditor.SceneManagement.EditorSceneManager:NewPreviewScene (bool)
UnityEditor.SceneManagement.EditorSceneManager:NewPreviewScene () (at /Users/bokken/buildslave/unity/build/Editor/Mono/EditorSceneManager.bindings.cs:84)
UnityEditor.PreviewScene:.ctor (string) (at /Users/bokken/buildslave/unity/build/Editor/Mono/Inspector/PreviewRenderUtility.cs:22)
UnityEditor.PreviewRenderUtility:.ctor () (at /Users/bokken/buildslave/unity/build/Editor/Mono/Inspector/PreviewRenderUtility.cs:109)
UnityEditor.Texture3DPreview:InitPreviewUtility () (at /Users/bokken/buildslave/unity/build/Editor/Mono/Inspector/Texture3DPreview.cs:209)
UnityEditor.Texture3DPreview:OnEnable () (at /Users/bokken/buildslave/unity/build/Editor/Mono/Inspector/Texture3DPreview.cs:193)

[/Users/bokken/buildslave/unity/build/Editor/Mono/EditorSceneManager.bindings.cs line 84]

Unable to allocate new scene culling mask
UnityEngine.StackTraceUtility:ExtractStackTrace () (at /Users/bokken/buildslave/unity/build/Runtime/Export/Scripting/StackTrace.cs:37)
UnityEditor.SceneManagement.EditorSceneManager:NewPreviewScene (bool)
UnityEditor.SceneManagement.EditorSceneManager:NewPreviewScene () (at /Users/bokken/buildslave/unity/build/Editor/Mono/EditorSceneManager.bindings.cs:84)
UnityEditor.PreviewScene:.ctor (string) (at /Users/bokken/buildslave/unity/build/Editor/Mono/Inspector/PreviewRenderUtility.cs:22)
UnityEditor.PreviewRenderUtility:.ctor () (at /Users/bokken/buildslave/unity/build/Editor/Mono/Inspector/PreviewRenderUtility.cs:109)
UnityEditor.Texture3DPreview:InitPreviewUtility () (at /Users/bokken/buildslave/unity/build/Editor/Mono/Inspector/Texture3DPreview.cs:209)
UnityEditor.Texture3DPreview:OnEnable () (at /Users/bokken/buildslave/unity/build/Editor/Mono/Inspector/Texture3DPreview.cs:193)

[/Users/bokken/buildslave/unity/build/Editor/Mono/EditorSceneManager.bindings.cs line 84]

Unable to allocate new scene culling mask
UnityEngine.StackTraceUtility:ExtractStackTrace () (at /Users/bokken/buildslave/unity/build/Runtime/Export/Scripting/StackTrace.cs:37)
UnityEditor.SceneManagement.EditorSceneManager:NewPreviewScene (bool)
UnityEditor.SceneManagement.EditorSceneManager:NewPreviewScene () (at /Users/bokken/buildslave/unity/build/Editor/Mono/EditorSceneManager.bindings.cs:84)
UnityEditor.PreviewScene:.ctor (string) (at /Users/bokken/buildslave/unity/build/Editor/Mono/Inspector/PreviewRenderUtility.cs:22)
UnityEditor.PreviewRenderUtility:.ctor () (at /Users/bokken/buildslave/unity/build/Editor/Mono/Inspector/PreviewRenderUtility.cs:109)
UnityEditor.Texture3DPreview:InitPreviewUtility () (at /Users/bokken/buildslave/unity/build/Editor/Mono/Inspector/Texture3DPreview.cs:209)
UnityEditor.Texture3DPreview:OnEnable () (at /Users/bokken/buildslave/unity/build/Editor/Mono/Inspector/Texture3DPreview.cs:193)

[/Users/bokken/buildslave/unity/build/Editor/Mono/EditorSceneManager.bindings.cs line 84]

Unable to allocate new scene culling mask
UnityEngine.StackTraceUtility:ExtractStackTrace () (at /Users/bokken/buildslave/unity/build/Runtime/Export/Scripting/StackTrace.cs:37)
UnityEditor.SceneManagement.EditorSceneManager:NewPreviewScene (bool)
UnityEditor.SceneManagement.EditorSceneManager:NewPreviewScene () (at /Users/bokken/buildslave/unity/build/Editor/Mono/EditorSceneManager.bindings.cs:84)
UnityEditor.PreviewScene:.ctor (string) (at /Users/bokken/buildslave/unity/build/Editor/Mono/Inspector/PreviewRenderUtility.cs:22)
UnityEditor.PreviewRenderUtility:.ctor () (at /Users/bokken/buildslave/unity/build/Editor/Mono/Inspector/PreviewRenderUtility.cs:109)
UnityEditor.Texture3DPreview:InitPreviewUtility () (at /Users/bokken/buildslave/unity/build/Editor/Mono/Inspector/Texture3DPreview.cs:209)
UnityEditor.Texture3DPreview:OnEnable () (at /Users/bokken/buildslave/unity/build/Editor/Mono/Inspector/Texture3DPreview.cs:193)

[/Users/bokken/buildslave/unity/build/Editor/Mono/EditorSceneManager.bindings.cs line 84]

Unable to allocate new scene culling mask
UnityEngine.StackTraceUtility:ExtractStackTrace () (at /Users/bokken/buildslave/unity/build/Runtime/Export/Scripting/StackTrace.cs:37)
UnityEditor.SceneManagement.EditorSceneManager:NewPreviewScene (bool)
UnityEditor.SceneManagement.EditorSceneManager:NewPreviewScene () (at /Users/bokken/buildslave/unity/build/Editor/Mono/EditorSceneManager.bindings.cs:84)
UnityEditor.PreviewScene:.ctor (string) (at /Users/bokken/buildslave/unity/build/Editor/Mono/Inspector/PreviewRenderUtility.cs:22)
UnityEditor.PreviewRenderUtility:.ctor () (at /Users/bokken/buildslave/unity/build/Editor/Mono/Inspector/PreviewRenderUtility.cs:109)
UnityEditor.Texture3DPreview:InitPreviewUtility () (at /Users/bokken/buildslave/unity/build/Editor/Mono/Inspector/Texture3DPreview.cs:209)
UnityEditor.Texture3DPreview:OnEnable () (at /Users/bokken/buildslave/unity/build/Editor/Mono/Inspector/Texture3DPreview.cs:193)

[/Users/bokken/buildslave/unity/build/Editor/Mono/EditorSceneManager.bindings.cs line 84]

Unable to allocate new scene culling mask
UnityEngine.StackTraceUtility:ExtractStackTrace () (at /Users/bokken/buildslave/unity/build/Runtime/Export/Scripting/StackTrace.cs:37)
UnityEditor.SceneManagement.EditorSceneManager:NewPreviewScene (bool)
UnityEditor.SceneManagement.EditorSceneManager:NewPreviewScene () (at /Users/bokken/buildslave/unity/build/Editor/Mono/EditorSceneManager.bindings.cs:84)
UnityEditor.PreviewScene:.ctor (string) (at /Users/bokken/buildslave/unity/build/Editor/Mono/Inspector/PreviewRenderUtility.cs:22)
UnityEditor.PreviewRenderUtility:.ctor () (at /Users/bokken/buildslave/unity/build/Editor/Mono/Inspector/PreviewRenderUtility.cs:109)
UnityEditor.Texture3DPreview:InitPreviewUtility () (at /Users/bokken/buildslave/unity/build/Editor/Mono/Inspector/Texture3DPreview.cs:209)
UnityEditor.Texture3DPreview:OnEnable () (at /Users/bokken/buildslave/unity/build/Editor/Mono/Inspector/Texture3DPreview.cs:193)

[/Users/bokken/buildslave/unity/build/Editor/Mono/EditorSceneManager.bindings.cs line 84]

Unable to allocate new scene culling mask
UnityEngine.StackTraceUtility:ExtractStackTrace () (at /Users/bokken/buildslave/unity/build/Runtime/Export/Scripting/StackTrace.cs:37)
UnityEditor.SceneManagement.EditorSceneManager:NewPreviewScene (bool)
UnityEditor.SceneManagement.EditorSceneManager:NewPreviewScene () (at /Users/bokken/buildslave/unity/build/Editor/Mono/EditorSceneManager.bindings.cs:84)
UnityEditor.PreviewScene:.ctor (string) (at /Users/bokken/buildslave/unity/build/Editor/Mono/Inspector/PreviewRenderUtility.cs:22)
UnityEditor.PreviewRenderUtility:.ctor () (at /Users/bokken/buildslave/unity/build/Editor/Mono/Inspector/PreviewRenderUtility.cs:109)
UnityEditor.Texture3DPreview:InitPreviewUtility () (at /Users/bokken/buildslave/unity/build/Editor/Mono/Inspector/Texture3DPreview.cs:209)
UnityEditor.Texture3DPreview:OnEnable () (at /Users/bokken/buildslave/unity/build/Editor/Mono/Inspector/Texture3DPreview.cs:193)

[/Users/bokken/buildslave/unity/build/Editor/Mono/EditorSceneManager.bindings.cs line 84]

Unable to allocate new scene culling mask
UnityEngine.StackTraceUtility:ExtractStackTrace () (at /Users/bokken/buildslave/unity/build/Runtime/Export/Scripting/StackTrace.cs:37)
UnityEditor.SceneManagement.EditorSceneManager:NewPreviewScene (bool)
UnityEditor.SceneManagement.EditorSceneManager:NewPreviewScene () (at /Users/bokken/buildslave/unity/build/Editor/Mono/EditorSceneManager.bindings.cs:84)
UnityEditor.PreviewScene:.ctor (string) (at /Users/bokken/buildslave/unity/build/Editor/Mono/Inspector/PreviewRenderUtility.cs:22)
UnityEditor.PreviewRenderUtility:.ctor () (at /Users/bokken/buildslave/unity/build/Editor/Mono/Inspector/PreviewRenderUtility.cs:109)
UnityEditor.Texture3DPreview:InitPreviewUtility () (at /Users/bokken/buildslave/unity/build/Editor/Mono/Inspector/Texture3DPreview.cs:209)
UnityEditor.Texture3DPreview:OnEnable () (at /Users/bokken/buildslave/unity/build/Editor/Mono/Inspector/Texture3DPreview.cs:193)

[/Users/bokken/buildslave/unity/build/Editor/Mono/EditorSceneManager.bindings.cs line 84]

Unable to allocate new scene culling mask
UnityEngine.StackTraceUtility:ExtractStackTrace () (at /Users/bokken/buildslave/unity/build/Runtime/Export/Scripting/StackTrace.cs:37)
UnityEditor.SceneManagement.EditorSceneManager:NewPreviewScene (bool)
UnityEditor.SceneManagement.EditorSceneManager:NewPreviewScene () (at /Users/bokken/buildslave/unity/build/Editor/Mono/EditorSceneManager.bindings.cs:84)
UnityEditor.PreviewScene:.ctor (string) (at /Users/bokken/buildslave/unity/build/Editor/Mono/Inspector/PreviewRenderUtility.cs:22)
UnityEditor.PreviewRenderUtility:.ctor () (at /Users/bokken/buildslave/unity/build/Editor/Mono/Inspector/PreviewRenderUtility.cs:109)
UnityEditor.Texture3DPreview:InitPreviewUtility () (at /Users/bokken/buildslave/unity/build/Editor/Mono/Inspector/Texture3DPreview.cs:209)
UnityEditor.Texture3DPreview:OnEnable () (at /Users/bokken/buildslave/unity/build/Editor/Mono/Inspector/Texture3DPreview.cs:193)

[/Users/bokken/buildslave/unity/build/Editor/Mono/EditorSceneManager.bindings.cs line 84]

Unable to allocate new scene culling mask
UnityEngine.StackTraceUtility:ExtractStackTrace () (at /Users/bokken/buildslave/unity/build/Runtime/Export/Scripting/StackTrace.cs:37)
UnityEditor.SceneManagement.EditorSceneManager:NewPreviewScene (bool)
UnityEditor.SceneManagement.EditorSceneManager:NewPreviewScene () (at /Users/bokken/buildslave/unity/build/Editor/Mono/EditorSceneManager.bindings.cs:84)
UnityEditor.PreviewScene:.ctor (string) (at /Users/bokken/buildslave/unity/build/Editor/Mono/Inspector/PreviewRenderUtility.cs:22)
UnityEditor.PreviewRenderUtility:.ctor () (at /Users/bokken/buildslave/unity/build/Editor/Mono/Inspector/PreviewRenderUtility.cs:109)
UnityEditor.Texture3DPreview:InitPreviewUtility () (at /Users/bokken/buildslave/unity/build/Editor/Mono/Inspector/Texture3DPreview.cs:209)
UnityEditor.Texture3DPreview:OnEnable () (at /Users/bokken/buildslave/unity/build/Editor/Mono/Inspector/Texture3DPreview.cs:193)

[/Users/bokken/buildslave/unity/build/Editor/Mono/EditorSceneManager.bindings.cs line 84]

Unable to allocate new scene culling mask
UnityEngine.StackTraceUtility:ExtractStackTrace () (at /Users/bokken/buildslave/unity/build/Runtime/Export/Scripting/StackTrace.cs:37)
UnityEditor.SceneManagement.EditorSceneManager:NewPreviewScene (bool)
UnityEditor.SceneManagement.EditorSceneManager:NewPreviewScene () (at /Users/bokken/buildslave/unity/build/Editor/Mono/EditorSceneManager.bindings.cs:84)
UnityEditor.PreviewScene:.ctor (string) (at /Users/bokken/buildslave/unity/build/Editor/Mono/Inspector/PreviewRenderUtility.cs:22)
UnityEditor.PreviewRenderUtility:.ctor () (at /Users/bokken/buildslave/unity/build/Editor/Mono/Inspector/PreviewRenderUtility.cs:109)
UnityEditor.Texture3DPreview:InitPreviewUtility () (at /Users/bokken/buildslave/unity/build/Editor/Mono/Inspector/Texture3DPreview.cs:209)
UnityEditor.Texture3DPreview:OnEnable () (at /Users/bokken/buildslave/unity/build/Editor/Mono/Inspector/Texture3DPreview.cs:193)

[/Users/bokken/buildslave/unity/build/Editor/Mono/EditorSceneManager.bindings.cs line 84]

Mono: successfully reloaded assembly
- Completed reload, in  1.015 seconds
Domain Reload Profiling:
	ReloadAssembly (1015ms)
		BeginReloadAssembly (101ms)
			ExecutionOrderSort (0ms)
			DisableScriptedObjects (9ms)
			BackupInstance (0ms)
			ReleaseScriptingObjects (0ms)
			CreateAndSetChildDomain (38ms)
		EndReloadAssembly (828ms)
			LoadAssemblies (38ms)
			RebuildTransferFunctionScriptingTraits (0ms)
			SetupTypeCache (263ms)
			ReleaseScriptCaches (2ms)
			RebuildScriptCaches (103ms)
			SetupLoadedEditorAssemblies (325ms)
				LogAssemblyErrors (0ms)
				InitializePlatformSupportModulesInManaged (12ms)
				SetLoadedEditorAssemblies (1ms)
				RefreshPlugins (1ms)
				BeforeProcessingInitializeOnLoad (83ms)
				ProcessInitializeOnLoadAttributes (201ms)
				ProcessInitializeOnLoadMethodAttributes (25ms)
				AfterProcessingInitializeOnLoad (3ms)
				EditorAssembliesLoaded (0ms)
			ExecutionOrderSort2 (0ms)
			AwakeInstancesAfterBackupRestoration (16ms)
Platform modules already initialized, skipping
Refreshing native plugins compatible for Editor in 0.47 ms, found 2 plugins.
Preloading 0 native plugins for Editor in 0.00 ms.
Unloading 3101 Unused Serialized files (Serialized files now loaded: 0)
Unloading 18 unused Assets / (22.1 KB). Loaded Objects now: 4730.
Memory consumption went from 193.4 MB to 193.4 MB.
Total: 3.751792 ms (FindLiveObjects: 0.273292 ms CreateObjectMapping: 0.086208 ms MarkObjects: 3.369875 ms  DeleteObjects: 0.021375 ms)

AssetImportParameters requested are different than current active one (requested -> active):
  custom:video-decoder-ogg-theora: a1e56fd34408186e4bbccfd4996cb3dc -> 
  custom:container-muxer-webm: aa71ff27fc2769a1b78a27578f13a17b -> 
  custom:container-demuxer-webm: 4f35f7cbe854078d1ac9338744f61a02 -> 
  custom:video-encoder-webm-vp8: eb34c28f22e8b96e1ab97ce403110664 -> 
  custom:framework-osx-AVFoundation: e770b220cccbd017edd2c1fefb359320 -> 
  custom:audio-encoder-webm-vorbis: bf7c407c2cedff20999df2af8eb42d56 -> 
  custom:container-demuxer-ogg: 62fdf1f143b41e24485cea50d1cbac27 -> 
  custom:video-decoder-webm-vp8: 9c59270c3fd7afecdb556c50c9e8de78 -> 
  custom:audio-decoder-ogg-vorbis: bf7c407c2cedff20999df2af8eb42d56 -> 
========================================================================
Received Prepare
Registering precompiled user dll's ...
Registered in 0.002909 seconds.
Begin MonoManager ReloadAssembly
Thread 0x16da73000 may have been prematurely finalized
Symbol file LoadedFromMemory doesn't match image /Users/henrymoss/Documents/GitHub/Sigil-Game/Library/PackageCache/com.unity.visualscripting@1.7.6/Editor/VisualScripting.Core/Dependencies/YamlDotNet/Unity.VisualScripting.YamlDotNet.dll
Symbol file LoadedFromMemory doesn't match image /Users/henrymoss/Documents/GitHub/Sigil-Game/Library/PackageCache/com.unity.visualscripting@1.7.6/Editor/VisualScripting.Core/Dependencies/DotNetZip/Unity.VisualScripting.IonicZip.dll
Native extension for LinuxStandalone target not found
Native extension for WindowsStandalone target not found
Native extension for OSXStandalone target not found
Refreshing native plugins compatible for Editor in 0.63 ms, found 2 plugins.
Preloading 0 native plugins for Editor in 0.00 ms.
Unable to allocate new scene culling mask
UnityEngine.StackTraceUtility:ExtractStackTrace () (at /Users/bokken/buildslave/unity/build/Runtime/Export/Scripting/StackTrace.cs:37)
UnityEditor.SceneManagement.EditorSceneManager:NewPreviewScene (bool)
UnityEditor.SceneManagement.EditorSceneManager:NewPreviewScene () (at /Users/bokken/buildslave/unity/build/Editor/Mono/EditorSceneManager.bindings.cs:84)
UnityEditor.PreviewScene:.ctor (string) (at /Users/bokken/buildslave/unity/build/Editor/Mono/Inspector/PreviewRenderUtility.cs:22)
UnityEditor.PreviewRenderUtility:.ctor () (at /Users/bokken/buildslave/unity/build/Editor/Mono/Inspector/PreviewRenderUtility.cs:109)
UnityEditor.Texture3DPreview:InitPreviewUtility () (at /Users/bokken/buildslave/unity/build/Editor/Mono/Inspector/Texture3DPreview.cs:209)
UnityEditor.Texture3DPreview:OnEnable () (at /Users/bokken/buildslave/unity/build/Editor/Mono/Inspector/Texture3DPreview.cs:193)

[/Users/bokken/buildslave/unity/build/Editor/Mono/EditorSceneManager.bindings.cs line 84]

Unable to allocate new scene culling mask
UnityEngine.StackTraceUtility:ExtractStackTrace () (at /Users/bokken/buildslave/unity/build/Runtime/Export/Scripting/StackTrace.cs:37)
UnityEditor.SceneManagement.EditorSceneManager:NewPreviewScene (bool)
UnityEditor.SceneManagement.EditorSceneManager:NewPreviewScene () (at /Users/bokken/buildslave/unity/build/Editor/Mono/EditorSceneManager.bindings.cs:84)
UnityEditor.PreviewScene:.ctor (string) (at /Users/bokken/buildslave/unity/build/Editor/Mono/Inspector/PreviewRenderUtility.cs:22)
UnityEditor.PreviewRenderUtility:.ctor () (at /Users/bokken/buildslave/unity/build/Editor/Mono/Inspector/PreviewRenderUtility.cs:109)
UnityEditor.Texture3DPreview:InitPreviewUtility () (at /Users/bokken/buildslave/unity/build/Editor/Mono/Inspector/Texture3DPreview.cs:209)
UnityEditor.Texture3DPreview:OnEnable () (at /Users/bokken/buildslave/unity/build/Editor/Mono/Inspector/Texture3DPreview.cs:193)

[/Users/bokken/buildslave/unity/build/Editor/Mono/EditorSceneManager.bindings.cs line 84]

Unable to allocate new scene culling mask
UnityEngine.StackTraceUtility:ExtractStackTrace () (at /Users/bokken/buildslave/unity/build/Runtime/Export/Scripting/StackTrace.cs:37)
UnityEditor.SceneManagement.EditorSceneManager:NewPreviewScene (bool)
UnityEditor.SceneManagement.EditorSceneManager:NewPreviewScene () (at /Users/bokken/buildslave/unity/build/Editor/Mono/EditorSceneManager.bindings.cs:84)
UnityEditor.PreviewScene:.ctor (string) (at /Users/bokken/buildslave/unity/build/Editor/Mono/Inspector/PreviewRenderUtility.cs:22)
UnityEditor.PreviewRenderUtility:.ctor () (at /Users/bokken/buildslave/unity/build/Editor/Mono/Inspector/PreviewRenderUtility.cs:109)
UnityEditor.Texture3DPreview:InitPreviewUtility () (at /Users/bokken/buildslave/unity/build/Editor/Mono/Inspector/Texture3DPreview.cs:209)
UnityEditor.Texture3DPreview:OnEnable () (at /Users/bokken/buildslave/unity/build/Editor/Mono/Inspector/Texture3DPreview.cs:193)

[/Users/bokken/buildslave/unity/build/Editor/Mono/EditorSceneManager.bindings.cs line 84]

Unable to allocate new scene culling mask
UnityEngine.StackTraceUtility:ExtractStackTrace () (at /Users/bokken/buildslave/unity/build/Runtime/Export/Scripting/StackTrace.cs:37)
UnityEditor.SceneManagement.EditorSceneManager:NewPreviewScene (bool)
UnityEditor.SceneManagement.EditorSceneManager:NewPreviewScene () (at /Users/bokken/buildslave/unity/build/Editor/Mono/EditorSceneManager.bindings.cs:84)
UnityEditor.PreviewScene:.ctor (string) (at /Users/bokken/buildslave/unity/build/Editor/Mono/Inspector/PreviewRenderUtility.cs:22)
UnityEditor.PreviewRenderUtility:.ctor () (at /Users/bokken/buildslave/unity/build/Editor/Mono/Inspector/PreviewRenderUtility.cs:109)
UnityEditor.Texture3DPreview:InitPreviewUtility () (at /Users/bokken/buildslave/unity/build/Editor/Mono/Inspector/Texture3DPreview.cs:209)
UnityEditor.Texture3DPreview:OnEnable () (at /Users/bokken/buildslave/unity/build/Editor/Mono/Inspector/Texture3DPreview.cs:193)

[/Users/bokken/buildslave/unity/build/Editor/Mono/EditorSceneManager.bindings.cs line 84]

Unable to allocate new scene culling mask
UnityEngine.StackTraceUtility:ExtractStackTrace () (at /Users/bokken/buildslave/unity/build/Runtime/Export/Scripting/StackTrace.cs:37)
UnityEditor.SceneManagement.EditorSceneManager:NewPreviewScene (bool)
UnityEditor.SceneManagement.EditorSceneManager:NewPreviewScene () (at /Users/bokken/buildslave/unity/build/Editor/Mono/EditorSceneManager.bindings.cs:84)
UnityEditor.PreviewScene:.ctor (string) (at /Users/bokken/buildslave/unity/build/Editor/Mono/Inspector/PreviewRenderUtility.cs:22)
UnityEditor.PreviewRenderUtility:.ctor () (at /Users/bokken/buildslave/unity/build/Editor/Mono/Inspector/PreviewRenderUtility.cs:109)
UnityEditor.Texture3DPreview:InitPreviewUtility () (at /Users/bokken/buildslave/unity/build/Editor/Mono/Inspector/Texture3DPreview.cs:209)
UnityEditor.Texture3DPreview:OnEnable () (at /Users/bokken/buildslave/unity/build/Editor/Mono/Inspector/Texture3DPreview.cs:193)

[/Users/bokken/buildslave/unity/build/Editor/Mono/EditorSceneManager.bindings.cs line 84]

Unable to allocate new scene culling mask
UnityEngine.StackTraceUtility:ExtractStackTrace () (at /Users/bokken/buildslave/unity/build/Runtime/Export/Scripting/StackTrace.cs:37)
UnityEditor.SceneManagement.EditorSceneManager:NewPreviewScene (bool)
UnityEditor.SceneManagement.EditorSceneManager:NewPreviewScene () (at /Users/bokken/buildslave/unity/build/Editor/Mono/EditorSceneManager.bindings.cs:84)
UnityEditor.PreviewScene:.ctor (string) (at /Users/bokken/buildslave/unity/build/Editor/Mono/Inspector/PreviewRenderUtility.cs:22)
UnityEditor.PreviewRenderUtility:.ctor () (at /Users/bokken/buildslave/unity/build/Editor/Mono/Inspector/PreviewRenderUtility.cs:109)
UnityEditor.Texture3DPreview:InitPreviewUtility () (at /Users/bokken/buildslave/unity/build/Editor/Mono/Inspector/Texture3DPreview.cs:209)
UnityEditor.Texture3DPreview:OnEnable () (at /Users/bokken/buildslave/unity/build/Editor/Mono/Inspector/Texture3DPreview.cs:193)

[/Users/bokken/buildslave/unity/build/Editor/Mono/EditorSceneManager.bindings.cs line 84]

Unable to allocate new scene culling mask
UnityEngine.StackTraceUtility:ExtractStackTrace () (at /Users/bokken/buildslave/unity/build/Runtime/Export/Scripting/StackTrace.cs:37)
UnityEditor.SceneManagement.EditorSceneManager:NewPreviewScene (bool)
UnityEditor.SceneManagement.EditorSceneManager:NewPreviewScene () (at /Users/bokken/buildslave/unity/build/Editor/Mono/EditorSceneManager.bindings.cs:84)
UnityEditor.PreviewScene:.ctor (string) (at /Users/bokken/buildslave/unity/build/Editor/Mono/Inspector/PreviewRenderUtility.cs:22)
UnityEditor.PreviewRenderUtility:.ctor () (at /Users/bokken/buildslave/unity/build/Editor/Mono/Inspector/PreviewRenderUtility.cs:109)
UnityEditor.Texture3DPreview:InitPreviewUtility () (at /Users/bokken/buildslave/unity/build/Editor/Mono/Inspector/Texture3DPreview.cs:209)
UnityEditor.Texture3DPreview:OnEnable () (at /Users/bokken/buildslave/unity/build/Editor/Mono/Inspector/Texture3DPreview.cs:193)

[/Users/bokken/buildslave/unity/build/Editor/Mono/EditorSceneManager.bindings.cs line 84]

Unable to allocate new scene culling mask
UnityEngine.StackTraceUtility:ExtractStackTrace () (at /Users/bokken/buildslave/unity/build/Runtime/Export/Scripting/StackTrace.cs:37)
UnityEditor.SceneManagement.EditorSceneManager:NewPreviewScene (bool)
UnityEditor.SceneManagement.EditorSceneManager:NewPreviewScene () (at /Users/bokken/buildslave/unity/build/Editor/Mono/EditorSceneManager.bindings.cs:84)
UnityEditor.PreviewScene:.ctor (string) (at /Users/bokken/buildslave/unity/build/Editor/Mono/Inspector/PreviewRenderUtility.cs:22)
UnityEditor.PreviewRenderUtility:.ctor () (at /Users/bokken/buildslave/unity/build/Editor/Mono/Inspector/PreviewRenderUtility.cs:109)
UnityEditor.Texture3DPreview:InitPreviewUtility () (at /Users/bokken/buildslave/unity/build/Editor/Mono/Inspector/Texture3DPreview.cs:209)
UnityEditor.Texture3DPreview:OnEnable () (at /Users/bokken/buildslave/unity/build/Editor/Mono/Inspector/Texture3DPreview.cs:193)

[/Users/bokken/buildslave/unity/build/Editor/Mono/EditorSceneManager.bindings.cs line 84]

Unable to allocate new scene culling mask
UnityEngine.StackTraceUtility:ExtractStackTrace () (at /Users/bokken/buildslave/unity/build/Runtime/Export/Scripting/StackTrace.cs:37)
UnityEditor.SceneManagement.EditorSceneManager:NewPreviewScene (bool)
UnityEditor.SceneManagement.EditorSceneManager:NewPreviewScene () (at /Users/bokken/buildslave/unity/build/Editor/Mono/EditorSceneManager.bindings.cs:84)
UnityEditor.PreviewScene:.ctor (string) (at /Users/bokken/buildslave/unity/build/Editor/Mono/Inspector/PreviewRenderUtility.cs:22)
UnityEditor.PreviewRenderUtility:.ctor () (at /Users/bokken/buildslave/unity/build/Editor/Mono/Inspector/PreviewRenderUtility.cs:109)
UnityEditor.Texture3DPreview:InitPreviewUtility () (at /Users/bokken/buildslave/unity/build/Editor/Mono/Inspector/Texture3DPreview.cs:209)
UnityEditor.Texture3DPreview:OnEnable () (at /Users/bokken/buildslave/unity/build/Editor/Mono/Inspector/Texture3DPreview.cs:193)

[/Users/bokken/buildslave/unity/build/Editor/Mono/EditorSceneManager.bindings.cs line 84]

Unable to allocate new scene culling mask
UnityEngine.StackTraceUtility:ExtractStackTrace () (at /Users/bokken/buildslave/unity/build/Runtime/Export/Scripting/StackTrace.cs:37)
UnityEditor.SceneManagement.EditorSceneManager:NewPreviewScene (bool)
UnityEditor.SceneManagement.EditorSceneManager:NewPreviewScene () (at /Users/bokken/buildslave/unity/build/Editor/Mono/EditorSceneManager.bindings.cs:84)
UnityEditor.PreviewScene:.ctor (string) (at /Users/bokken/buildslave/unity/build/Editor/Mono/Inspector/PreviewRenderUtility.cs:22)
UnityEditor.PreviewRenderUtility:.ctor () (at /Users/bokken/buildslave/unity/build/Editor/Mono/Inspector/PreviewRenderUtility.cs:109)
UnityEditor.Texture3DPreview:InitPreviewUtility () (at /Users/bokken/buildslave/unity/build/Editor/Mono/Inspector/Texture3DPreview.cs:209)
UnityEditor.Texture3DPreview:OnEnable () (at /Users/bokken/buildslave/unity/build/Editor/Mono/Inspector/Texture3DPreview.cs:193)

[/Users/bokken/buildslave/unity/build/Editor/Mono/EditorSceneManager.bindings.cs line 84]

Unable to allocate new scene culling mask
UnityEngine.StackTraceUtility:ExtractStackTrace () (at /Users/bokken/buildslave/unity/build/Runtime/Export/Scripting/StackTrace.cs:37)
UnityEditor.SceneManagement.EditorSceneManager:NewPreviewScene (bool)
UnityEditor.SceneManagement.EditorSceneManager:NewPreviewScene () (at /Users/bokken/buildslave/unity/build/Editor/Mono/EditorSceneManager.bindings.cs:84)
UnityEditor.PreviewScene:.ctor (string) (at /Users/bokken/buildslave/unity/build/Editor/Mono/Inspector/PreviewRenderUtility.cs:22)
UnityEditor.PreviewRenderUtility:.ctor () (at /Users/bokken/buildslave/unity/build/Editor/Mono/Inspector/PreviewRenderUtility.cs:109)
UnityEditor.Texture3DPreview:InitPreviewUtility () (at /Users/bokken/buildslave/unity/build/Editor/Mono/Inspector/Texture3DPreview.cs:209)
UnityEditor.Texture3DPreview:OnEnable () (at /Users/bokken/buildslave/unity/build/Editor/Mono/Inspector/Texture3DPreview.cs:193)

[/Users/bokken/buildslave/unity/build/Editor/Mono/EditorSceneManager.bindings.cs line 84]

Unable to allocate new scene culling mask
UnityEngine.StackTraceUtility:ExtractStackTrace () (at /Users/bokken/buildslave/unity/build/Runtime/Export/Scripting/StackTrace.cs:37)
UnityEditor.SceneManagement.EditorSceneManager:NewPreviewScene (bool)
UnityEditor.SceneManagement.EditorSceneManager:NewPreviewScene () (at /Users/bokken/buildslave/unity/build/Editor/Mono/EditorSceneManager.bindings.cs:84)
UnityEditor.PreviewScene:.ctor (string) (at /Users/bokken/buildslave/unity/build/Editor/Mono/Inspector/PreviewRenderUtility.cs:22)
UnityEditor.PreviewRenderUtility:.ctor () (at /Users/bokken/buildslave/unity/build/Editor/Mono/Inspector/PreviewRenderUtility.cs:109)
UnityEditor.Texture3DPreview:InitPreviewUtility () (at /Users/bokken/buildslave/unity/build/Editor/Mono/Inspector/Texture3DPreview.cs:209)
UnityEditor.Texture3DPreview:OnEnable () (at /Users/bokken/buildslave/unity/build/Editor/Mono/Inspector/Texture3DPreview.cs:193)

[/Users/bokken/buildslave/unity/build/Editor/Mono/EditorSceneManager.bindings.cs line 84]

Unable to allocate new scene culling mask
UnityEngine.StackTraceUtility:ExtractStackTrace () (at /Users/bokken/buildslave/unity/build/Runtime/Export/Scripting/StackTrace.cs:37)
UnityEditor.SceneManagement.EditorSceneManager:NewPreviewScene (bool)
UnityEditor.SceneManagement.EditorSceneManager:NewPreviewScene () (at /Users/bokken/buildslave/unity/build/Editor/Mono/EditorSceneManager.bindings.cs:84)
UnityEditor.PreviewScene:.ctor (string) (at /Users/bokken/buildslave/unity/build/Editor/Mono/Inspector/PreviewRenderUtility.cs:22)
UnityEditor.PreviewRenderUtility:.ctor () (at /Users/bokken/buildslave/unity/build/Editor/Mono/Inspector/PreviewRenderUtility.cs:109)
UnityEditor.Texture3DPreview:InitPreviewUtility () (at /Users/bokken/buildslave/unity/build/Editor/Mono/Inspector/Texture3DPreview.cs:209)
UnityEditor.Texture3DPreview:OnEnable () (at /Users/bokken/buildslave/unity/build/Editor/Mono/Inspector/Texture3DPreview.cs:193)

[/Users/bokken/buildslave/unity/build/Editor/Mono/EditorSceneManager.bindings.cs line 84]

Mono: successfully reloaded assembly
- Completed reload, in  1.080 seconds
Domain Reload Profiling:
	ReloadAssembly (1080ms)
		BeginReloadAssembly (101ms)
			ExecutionOrderSort (0ms)
			DisableScriptedObjects (9ms)
			BackupInstance (0ms)
			ReleaseScriptingObjects (0ms)
			CreateAndSetChildDomain (38ms)
		EndReloadAssembly (889ms)
			LoadAssemblies (39ms)
			RebuildTransferFunctionScriptingTraits (0ms)
			SetupTypeCache (235ms)
			ReleaseScriptCaches (2ms)
			RebuildScriptCaches (60ms)
			SetupLoadedEditorAssemblies (463ms)
				LogAssemblyErrors (0ms)
				InitializePlatformSupportModulesInManaged (18ms)
				SetLoadedEditorAssemblies (1ms)
				RefreshPlugins (1ms)
				BeforeProcessingInitializeOnLoad (142ms)
				ProcessInitializeOnLoadAttributes (272ms)
				ProcessInitializeOnLoadMethodAttributes (26ms)
				AfterProcessingInitializeOnLoad (3ms)
				EditorAssembliesLoaded (0ms)
			ExecutionOrderSort2 (0ms)
			AwakeInstancesAfterBackupRestoration (18ms)
Platform modules already initialized, skipping
Refreshing native plugins compatible for Editor in 0.45 ms, found 2 plugins.
Preloading 0 native plugins for Editor in 0.00 ms.
Unloading 3101 Unused Serialized files (Serialized files now loaded: 0)
Unloading 18 unused Assets / (22.0 KB). Loaded Objects now: 4732.
Memory consumption went from 199.4 MB to 199.4 MB.
Total: 3.344583 ms (FindLiveObjects: 0.272833 ms CreateObjectMapping: 0.077125 ms MarkObjects: 2.977959 ms  DeleteObjects: 0.015958 ms)

AssetImportParameters requested are different than current active one (requested -> active):
  custom:video-decoder-ogg-theora: a1e56fd34408186e4bbccfd4996cb3dc -> 
  custom:container-muxer-webm: aa71ff27fc2769a1b78a27578f13a17b -> 
  custom:container-demuxer-webm: 4f35f7cbe854078d1ac9338744f61a02 -> 
  custom:video-encoder-webm-vp8: eb34c28f22e8b96e1ab97ce403110664 -> 
  custom:framework-osx-AVFoundation: e770b220cccbd017edd2c1fefb359320 -> 
  custom:audio-encoder-webm-vorbis: bf7c407c2cedff20999df2af8eb42d56 -> 
  custom:container-demuxer-ogg: 62fdf1f143b41e24485cea50d1cbac27 -> 
  custom:video-decoder-webm-vp8: 9c59270c3fd7afecdb556c50c9e8de78 -> 
  custom:audio-decoder-ogg-vorbis: bf7c407c2cedff20999df2af8eb42d56 -> 
========================================================================
Received Prepare
Registering precompiled user dll's ...
Registered in 0.003050 seconds.
Begin MonoManager ReloadAssembly
Thread 0x16da73000 may have been prematurely finalized
Symbol file LoadedFromMemory doesn't match image /Users/henrymoss/Documents/GitHub/Sigil-Game/Library/PackageCache/com.unity.visualscripting@1.7.6/Editor/VisualScripting.Core/Dependencies/YamlDotNet/Unity.VisualScripting.YamlDotNet.dll
Symbol file LoadedFromMemory doesn't match image /Users/henrymoss/Documents/GitHub/Sigil-Game/Library/PackageCache/com.unity.visualscripting@1.7.6/Editor/VisualScripting.Core/Dependencies/DotNetZip/Unity.VisualScripting.IonicZip.dll
Native extension for LinuxStandalone target not found
Native extension for WindowsStandalone target not found
Native extension for OSXStandalone target not found
Refreshing native plugins compatible for Editor in 0.43 ms, found 2 plugins.
Preloading 0 native plugins for Editor in 0.00 ms.
Unable to allocate new scene culling mask
UnityEngine.StackTraceUtility:ExtractStackTrace () (at /Users/bokken/buildslave/unity/build/Runtime/Export/Scripting/StackTrace.cs:37)
UnityEditor.SceneManagement.EditorSceneManager:NewPreviewScene (bool)
UnityEditor.SceneManagement.EditorSceneManager:NewPreviewScene () (at /Users/bokken/buildslave/unity/build/Editor/Mono/EditorSceneManager.bindings.cs:84)
UnityEditor.PreviewScene:.ctor (string) (at /Users/bokken/buildslave/unity/build/Editor/Mono/Inspector/PreviewRenderUtility.cs:22)
UnityEditor.PreviewRenderUtility:.ctor () (at /Users/bokken/buildslave/unity/build/Editor/Mono/Inspector/PreviewRenderUtility.cs:109)
UnityEditor.Texture3DPreview:InitPreviewUtility () (at /Users/bokken/buildslave/unity/build/Editor/Mono/Inspector/Texture3DPreview.cs:209)
UnityEditor.Texture3DPreview:OnEnable () (at /Users/bokken/buildslave/unity/build/Editor/Mono/Inspector/Texture3DPreview.cs:193)

[/Users/bokken/buildslave/unity/build/Editor/Mono/EditorSceneManager.bindings.cs line 84]

Unable to allocate new scene culling mask
UnityEngine.StackTraceUtility:ExtractStackTrace () (at /Users/bokken/buildslave/unity/build/Runtime/Export/Scripting/StackTrace.cs:37)
UnityEditor.SceneManagement.EditorSceneManager:NewPreviewScene (bool)
UnityEditor.SceneManagement.EditorSceneManager:NewPreviewScene () (at /Users/bokken/buildslave/unity/build/Editor/Mono/EditorSceneManager.bindings.cs:84)
UnityEditor.PreviewScene:.ctor (string) (at /Users/bokken/buildslave/unity/build/Editor/Mono/Inspector/PreviewRenderUtility.cs:22)
UnityEditor.PreviewRenderUtility:.ctor () (at /Users/bokken/buildslave/unity/build/Editor/Mono/Inspector/PreviewRenderUtility.cs:109)
UnityEditor.Texture3DPreview:InitPreviewUtility () (at /Users/bokken/buildslave/unity/build/Editor/Mono/Inspector/Texture3DPreview.cs:209)
UnityEditor.Texture3DPreview:OnEnable () (at /Users/bokken/buildslave/unity/build/Editor/Mono/Inspector/Texture3DPreview.cs:193)

[/Users/bokken/buildslave/unity/build/Editor/Mono/EditorSceneManager.bindings.cs line 84]

Unable to allocate new scene culling mask
UnityEngine.StackTraceUtility:ExtractStackTrace () (at /Users/bokken/buildslave/unity/build/Runtime/Export/Scripting/StackTrace.cs:37)
UnityEditor.SceneManagement.EditorSceneManager:NewPreviewScene (bool)
UnityEditor.SceneManagement.EditorSceneManager:NewPreviewScene () (at /Users/bokken/buildslave/unity/build/Editor/Mono/EditorSceneManager.bindings.cs:84)
UnityEditor.PreviewScene:.ctor (string) (at /Users/bokken/buildslave/unity/build/Editor/Mono/Inspector/PreviewRenderUtility.cs:22)
UnityEditor.PreviewRenderUtility:.ctor () (at /Users/bokken/buildslave/unity/build/Editor/Mono/Inspector/PreviewRenderUtility.cs:109)
UnityEditor.Texture3DPreview:InitPreviewUtility () (at /Users/bokken/buildslave/unity/build/Editor/Mono/Inspector/Texture3DPreview.cs:209)
UnityEditor.Texture3DPreview:OnEnable () (at /Users/bokken/buildslave/unity/build/Editor/Mono/Inspector/Texture3DPreview.cs:193)

[/Users/bokken/buildslave/unity/build/Editor/Mono/EditorSceneManager.bindings.cs line 84]

Unable to allocate new scene culling mask
UnityEngine.StackTraceUtility:ExtractStackTrace () (at /Users/bokken/buildslave/unity/build/Runtime/Export/Scripting/StackTrace.cs:37)
UnityEditor.SceneManagement.EditorSceneManager:NewPreviewScene (bool)
UnityEditor.SceneManagement.EditorSceneManager:NewPreviewScene () (at /Users/bokken/buildslave/unity/build/Editor/Mono/EditorSceneManager.bindings.cs:84)
UnityEditor.PreviewScene:.ctor (string) (at /Users/bokken/buildslave/unity/build/Editor/Mono/Inspector/PreviewRenderUtility.cs:22)
UnityEditor.PreviewRenderUtility:.ctor () (at /Users/bokken/buildslave/unity/build/Editor/Mono/Inspector/PreviewRenderUtility.cs:109)
UnityEditor.Texture3DPreview:InitPreviewUtility () (at /Users/bokken/buildslave/unity/build/Editor/Mono/Inspector/Texture3DPreview.cs:209)
UnityEditor.Texture3DPreview:OnEnable () (at /Users/bokken/buildslave/unity/build/Editor/Mono/Inspector/Texture3DPreview.cs:193)

[/Users/bokken/buildslave/unity/build/Editor/Mono/EditorSceneManager.bindings.cs line 84]

Unable to allocate new scene culling mask
UnityEngine.StackTraceUtility:ExtractStackTrace () (at /Users/bokken/buildslave/unity/build/Runtime/Export/Scripting/StackTrace.cs:37)
UnityEditor.SceneManagement.EditorSceneManager:NewPreviewScene (bool)
UnityEditor.SceneManagement.EditorSceneManager:NewPreviewScene () (at /Users/bokken/buildslave/unity/build/Editor/Mono/EditorSceneManager.bindings.cs:84)
UnityEditor.PreviewScene:.ctor (string) (at /Users/bokken/buildslave/unity/build/Editor/Mono/Inspector/PreviewRenderUtility.cs:22)
UnityEditor.PreviewRenderUtility:.ctor () (at /Users/bokken/buildslave/unity/build/Editor/Mono/Inspector/PreviewRenderUtility.cs:109)
UnityEditor.Texture3DPreview:InitPreviewUtility () (at /Users/bokken/buildslave/unity/build/Editor/Mono/Inspector/Texture3DPreview.cs:209)
UnityEditor.Texture3DPreview:OnEnable () (at /Users/bokken/buildslave/unity/build/Editor/Mono/Inspector/Texture3DPreview.cs:193)

[/Users/bokken/buildslave/unity/build/Editor/Mono/EditorSceneManager.bindings.cs line 84]

Unable to allocate new scene culling mask
UnityEngine.StackTraceUtility:ExtractStackTrace () (at /Users/bokken/buildslave/unity/build/Runtime/Export/Scripting/StackTrace.cs:37)
UnityEditor.SceneManagement.EditorSceneManager:NewPreviewScene (bool)
UnityEditor.SceneManagement.EditorSceneManager:NewPreviewScene () (at /Users/bokken/buildslave/unity/build/Editor/Mono/EditorSceneManager.bindings.cs:84)
UnityEditor.PreviewScene:.ctor (string) (at /Users/bokken/buildslave/unity/build/Editor/Mono/Inspector/PreviewRenderUtility.cs:22)
UnityEditor.PreviewRenderUtility:.ctor () (at /Users/bokken/buildslave/unity/build/Editor/Mono/Inspector/PreviewRenderUtility.cs:109)
UnityEditor.Texture3DPreview:InitPreviewUtility () (at /Users/bokken/buildslave/unity/build/Editor/Mono/Inspector/Texture3DPreview.cs:209)
UnityEditor.Texture3DPreview:OnEnable () (at /Users/bokken/buildslave/unity/build/Editor/Mono/Inspector/Texture3DPreview.cs:193)

[/Users/bokken/buildslave/unity/build/Editor/Mono/EditorSceneManager.bindings.cs line 84]

Unable to allocate new scene culling mask
UnityEngine.StackTraceUtility:ExtractStackTrace () (at /Users/bokken/buildslave/unity/build/Runtime/Export/Scripting/StackTrace.cs:37)
UnityEditor.SceneManagement.EditorSceneManager:NewPreviewScene (bool)
UnityEditor.SceneManagement.EditorSceneManager:NewPreviewScene () (at /Users/bokken/buildslave/unity/build/Editor/Mono/EditorSceneManager.bindings.cs:84)
UnityEditor.PreviewScene:.ctor (string) (at /Users/bokken/buildslave/unity/build/Editor/Mono/Inspector/PreviewRenderUtility.cs:22)
UnityEditor.PreviewRenderUtility:.ctor () (at /Users/bokken/buildslave/unity/build/Editor/Mono/Inspector/PreviewRenderUtility.cs:109)
UnityEditor.Texture3DPreview:InitPreviewUtility () (at /Users/bokken/buildslave/unity/build/Editor/Mono/Inspector/Texture3DPreview.cs:209)
UnityEditor.Texture3DPreview:OnEnable () (at /Users/bokken/buildslave/unity/build/Editor/Mono/Inspector/Texture3DPreview.cs:193)

[/Users/bokken/buildslave/unity/build/Editor/Mono/EditorSceneManager.bindings.cs line 84]

Unable to allocate new scene culling mask
UnityEngine.StackTraceUtility:ExtractStackTrace () (at /Users/bokken/buildslave/unity/build/Runtime/Export/Scripting/StackTrace.cs:37)
UnityEditor.SceneManagement.EditorSceneManager:NewPreviewScene (bool)
UnityEditor.SceneManagement.EditorSceneManager:NewPreviewScene () (at /Users/bokken/buildslave/unity/build/Editor/Mono/EditorSceneManager.bindings.cs:84)
UnityEditor.PreviewScene:.ctor (string) (at /Users/bokken/buildslave/unity/build/Editor/Mono/Inspector/PreviewRenderUtility.cs:22)
UnityEditor.PreviewRenderUtility:.ctor () (at /Users/bokken/buildslave/unity/build/Editor/Mono/Inspector/PreviewRenderUtility.cs:109)
UnityEditor.Texture3DPreview:InitPreviewUtility () (at /Users/bokken/buildslave/unity/build/Editor/Mono/Inspector/Texture3DPreview.cs:209)
UnityEditor.Texture3DPreview:OnEnable () (at /Users/bokken/buildslave/unity/build/Editor/Mono/Inspector/Texture3DPreview.cs:193)

[/Users/bokken/buildslave/unity/build/Editor/Mono/EditorSceneManager.bindings.cs line 84]

Unable to allocate new scene culling mask
UnityEngine.StackTraceUtility:ExtractStackTrace () (at /Users/bokken/buildslave/unity/build/Runtime/Export/Scripting/StackTrace.cs:37)
UnityEditor.SceneManagement.EditorSceneManager:NewPreviewScene (bool)
UnityEditor.SceneManagement.EditorSceneManager:NewPreviewScene () (at /Users/bokken/buildslave/unity/build/Editor/Mono/EditorSceneManager.bindings.cs:84)
UnityEditor.PreviewScene:.ctor (string) (at /Users/bokken/buildslave/unity/build/Editor/Mono/Inspector/PreviewRenderUtility.cs:22)
UnityEditor.PreviewRenderUtility:.ctor () (at /Users/bokken/buildslave/unity/build/Editor/Mono/Inspector/PreviewRenderUtility.cs:109)
UnityEditor.Texture3DPreview:InitPreviewUtility () (at /Users/bokken/buildslave/unity/build/Editor/Mono/Inspector/Texture3DPreview.cs:209)
UnityEditor.Texture3DPreview:OnEnable () (at /Users/bokken/buildslave/unity/build/Editor/Mono/Inspector/Texture3DPreview.cs:193)

[/Users/bokken/buildslave/unity/build/Editor/Mono/EditorSceneManager.bindings.cs line 84]

Unable to allocate new scene culling mask
UnityEngine.StackTraceUtility:ExtractStackTrace () (at /Users/bokken/buildslave/unity/build/Runtime/Export/Scripting/StackTrace.cs:37)
UnityEditor.SceneManagement.EditorSceneManager:NewPreviewScene (bool)
UnityEditor.SceneManagement.EditorSceneManager:NewPreviewScene () (at /Users/bokken/buildslave/unity/build/Editor/Mono/EditorSceneManager.bindings.cs:84)
UnityEditor.PreviewScene:.ctor (string) (at /Users/bokken/buildslave/unity/build/Editor/Mono/Inspector/PreviewRenderUtility.cs:22)
UnityEditor.PreviewRenderUtility:.ctor () (at /Users/bokken/buildslave/unity/build/Editor/Mono/Inspector/PreviewRenderUtility.cs:109)
UnityEditor.Texture3DPreview:InitPreviewUtility () (at /Users/bokken/buildslave/unity/build/Editor/Mono/Inspector/Texture3DPreview.cs:209)
UnityEditor.Texture3DPreview:OnEnable () (at /Users/bokken/buildslave/unity/build/Editor/Mono/Inspector/Texture3DPreview.cs:193)

[/Users/bokken/buildslave/unity/build/Editor/Mono/EditorSceneManager.bindings.cs line 84]

Unable to allocate new scene culling mask
UnityEngine.StackTraceUtility:ExtractStackTrace () (at /Users/bokken/buildslave/unity/build/Runtime/Export/Scripting/StackTrace.cs:37)
UnityEditor.SceneManagement.EditorSceneManager:NewPreviewScene (bool)
UnityEditor.SceneManagement.EditorSceneManager:NewPreviewScene () (at /Users/bokken/buildslave/unity/build/Editor/Mono/EditorSceneManager.bindings.cs:84)
UnityEditor.PreviewScene:.ctor (string) (at /Users/bokken/buildslave/unity/build/Editor/Mono/Inspector/PreviewRenderUtility.cs:22)
UnityEditor.PreviewRenderUtility:.ctor () (at /Users/bokken/buildslave/unity/build/Editor/Mono/Inspector/PreviewRenderUtility.cs:109)
UnityEditor.Texture3DPreview:InitPreviewUtility () (at /Users/bokken/buildslave/unity/build/Editor/Mono/Inspector/Texture3DPreview.cs:209)
UnityEditor.Texture3DPreview:OnEnable () (at /Users/bokken/buildslave/unity/build/Editor/Mono/Inspector/Texture3DPreview.cs:193)

[/Users/bokken/buildslave/unity/build/Editor/Mono/EditorSceneManager.bindings.cs line 84]

Unable to allocate new scene culling mask
UnityEngine.StackTraceUtility:ExtractStackTrace () (at /Users/bokken/buildslave/unity/build/Runtime/Export/Scripting/StackTrace.cs:37)
UnityEditor.SceneManagement.EditorSceneManager:NewPreviewScene (bool)
UnityEditor.SceneManagement.EditorSceneManager:NewPreviewScene () (at /Users/bokken/buildslave/unity/build/Editor/Mono/EditorSceneManager.bindings.cs:84)
UnityEditor.PreviewScene:.ctor (string) (at /Users/bokken/buildslave/unity/build/Editor/Mono/Inspector/PreviewRenderUtility.cs:22)
UnityEditor.PreviewRenderUtility:.ctor () (at /Users/bokken/buildslave/unity/build/Editor/Mono/Inspector/PreviewRenderUtility.cs:109)
UnityEditor.Texture3DPreview:InitPreviewUtility () (at /Users/bokken/buildslave/unity/build/Editor/Mono/Inspector/Texture3DPreview.cs:209)
UnityEditor.Texture3DPreview:OnEnable () (at /Users/bokken/buildslave/unity/build/Editor/Mono/Inspector/Texture3DPreview.cs:193)

[/Users/bokken/buildslave/unity/build/Editor/Mono/EditorSceneManager.bindings.cs line 84]

Unable to allocate new scene culling mask
UnityEngine.StackTraceUtility:ExtractStackTrace () (at /Users/bokken/buildslave/unity/build/Runtime/Export/Scripting/StackTrace.cs:37)
UnityEditor.SceneManagement.EditorSceneManager:NewPreviewScene (bool)
UnityEditor.SceneManagement.EditorSceneManager:NewPreviewScene () (at /Users/bokken/buildslave/unity/build/Editor/Mono/EditorSceneManager.bindings.cs:84)
UnityEditor.PreviewScene:.ctor (string) (at /Users/bokken/buildslave/unity/build/Editor/Mono/Inspector/PreviewRenderUtility.cs:22)
UnityEditor.PreviewRenderUtility:.ctor () (at /Users/bokken/buildslave/unity/build/Editor/Mono/Inspector/PreviewRenderUtility.cs:109)
UnityEditor.Texture3DPreview:InitPreviewUtility () (at /Users/bokken/buildslave/unity/build/Editor/Mono/Inspector/Texture3DPreview.cs:209)
UnityEditor.Texture3DPreview:OnEnable () (at /Users/bokken/buildslave/unity/build/Editor/Mono/Inspector/Texture3DPreview.cs:193)

[/Users/bokken/buildslave/unity/build/Editor/Mono/EditorSceneManager.bindings.cs line 84]

Mono: successfully reloaded assembly
- Completed reload, in  0.970 seconds
Domain Reload Profiling:
	ReloadAssembly (971ms)
		BeginReloadAssembly (101ms)
			ExecutionOrderSort (0ms)
			DisableScriptedObjects (9ms)
			BackupInstance (0ms)
			ReleaseScriptingObjects (0ms)
			CreateAndSetChildDomain (38ms)
		EndReloadAssembly (778ms)
			LoadAssemblies (39ms)
			RebuildTransferFunctionScriptingTraits (0ms)
			SetupTypeCache (230ms)
			ReleaseScriptCaches (1ms)
			RebuildScriptCaches (57ms)
			SetupLoadedEditorAssemblies (375ms)
				LogAssemblyErrors (0ms)
				InitializePlatformSupportModulesInManaged (11ms)
				SetLoadedEditorAssemblies (0ms)
				RefreshPlugins (0ms)
				BeforeProcessingInitializeOnLoad (85ms)
				ProcessInitializeOnLoadAttributes (248ms)
				ProcessInitializeOnLoadMethodAttributes (28ms)
				AfterProcessingInitializeOnLoad (2ms)
				EditorAssembliesLoaded (0ms)
			ExecutionOrderSort2 (0ms)
			AwakeInstancesAfterBackupRestoration (20ms)
Platform modules already initialized, skipping
Refreshing native plugins compatible for Editor in 0.51 ms, found 2 plugins.
Preloading 0 native plugins for Editor in 0.00 ms.
Unloading 3101 Unused Serialized files (Serialized files now loaded: 0)
Unloading 18 unused Assets / (22.1 KB). Loaded Objects now: 4734.
Memory consumption went from 205.4 MB to 205.4 MB.
Total: 6.454834 ms (FindLiveObjects: 0.310500 ms CreateObjectMapping: 0.099666 ms MarkObjects: 6.021417 ms  DeleteObjects: 0.021917 ms)

AssetImportParameters requested are different than current active one (requested -> active):
  custom:video-decoder-ogg-theora: a1e56fd34408186e4bbccfd4996cb3dc -> 
  custom:container-muxer-webm: aa71ff27fc2769a1b78a27578f13a17b -> 
  custom:container-demuxer-webm: 4f35f7cbe854078d1ac9338744f61a02 -> 
  custom:video-encoder-webm-vp8: eb34c28f22e8b96e1ab97ce403110664 -> 
  custom:framework-osx-AVFoundation: e770b220cccbd017edd2c1fefb359320 -> 
  custom:audio-encoder-webm-vorbis: bf7c407c2cedff20999df2af8eb42d56 -> 
  custom:container-demuxer-ogg: 62fdf1f143b41e24485cea50d1cbac27 -> 
  custom:video-decoder-webm-vp8: 9c59270c3fd7afecdb556c50c9e8de78 -> 
  custom:audio-decoder-ogg-vorbis: bf7c407c2cedff20999df2af8eb42d56 -> 
========================================================================
Received Prepare
Registering precompiled user dll's ...
Registered in 0.002569 seconds.
Begin MonoManager ReloadAssembly
Thread 0x16da73000 may have been prematurely finalized
Symbol file LoadedFromMemory doesn't match image /Users/henrymoss/Documents/GitHub/Sigil-Game/Library/PackageCache/com.unity.visualscripting@1.7.6/Editor/VisualScripting.Core/Dependencies/YamlDotNet/Unity.VisualScripting.YamlDotNet.dll
Symbol file LoadedFromMemory doesn't match image /Users/henrymoss/Documents/GitHub/Sigil-Game/Library/PackageCache/com.unity.visualscripting@1.7.6/Editor/VisualScripting.Core/Dependencies/DotNetZip/Unity.VisualScripting.IonicZip.dll
Native extension for LinuxStandalone target not found
Native extension for WindowsStandalone target not found
Native extension for OSXStandalone target not found
Refreshing native plugins compatible for Editor in 0.41 ms, found 2 plugins.
Preloading 0 native plugins for Editor in 0.00 ms.
Unable to allocate new scene culling mask
UnityEngine.StackTraceUtility:ExtractStackTrace () (at /Users/bokken/buildslave/unity/build/Runtime/Export/Scripting/StackTrace.cs:37)
UnityEditor.SceneManagement.EditorSceneManager:NewPreviewScene (bool)
UnityEditor.SceneManagement.EditorSceneManager:NewPreviewScene () (at /Users/bokken/buildslave/unity/build/Editor/Mono/EditorSceneManager.bindings.cs:84)
UnityEditor.PreviewScene:.ctor (string) (at /Users/bokken/buildslave/unity/build/Editor/Mono/Inspector/PreviewRenderUtility.cs:22)
UnityEditor.PreviewRenderUtility:.ctor () (at /Users/bokken/buildslave/unity/build/Editor/Mono/Inspector/PreviewRenderUtility.cs:109)
UnityEditor.Texture3DPreview:InitPreviewUtility () (at /Users/bokken/buildslave/unity/build/Editor/Mono/Inspector/Texture3DPreview.cs:209)
UnityEditor.Texture3DPreview:OnEnable () (at /Users/bokken/buildslave/unity/build/Editor/Mono/Inspector/Texture3DPreview.cs:193)

[/Users/bokken/buildslave/unity/build/Editor/Mono/EditorSceneManager.bindings.cs line 84]

Unable to allocate new scene culling mask
UnityEngine.StackTraceUtility:ExtractStackTrace () (at /Users/bokken/buildslave/unity/build/Runtime/Export/Scripting/StackTrace.cs:37)
UnityEditor.SceneManagement.EditorSceneManager:NewPreviewScene (bool)
UnityEditor.SceneManagement.EditorSceneManager:NewPreviewScene () (at /Users/bokken/buildslave/unity/build/Editor/Mono/EditorSceneManager.bindings.cs:84)
UnityEditor.PreviewScene:.ctor (string) (at /Users/bokken/buildslave/unity/build/Editor/Mono/Inspector/PreviewRenderUtility.cs:22)
UnityEditor.PreviewRenderUtility:.ctor () (at /Users/bokken/buildslave/unity/build/Editor/Mono/Inspector/PreviewRenderUtility.cs:109)
UnityEditor.Texture3DPreview:InitPreviewUtility () (at /Users/bokken/buildslave/unity/build/Editor/Mono/Inspector/Texture3DPreview.cs:209)
UnityEditor.Texture3DPreview:OnEnable () (at /Users/bokken/buildslave/unity/build/Editor/Mono/Inspector/Texture3DPreview.cs:193)

[/Users/bokken/buildslave/unity/build/Editor/Mono/EditorSceneManager.bindings.cs line 84]

Unable to allocate new scene culling mask
UnityEngine.StackTraceUtility:ExtractStackTrace () (at /Users/bokken/buildslave/unity/build/Runtime/Export/Scripting/StackTrace.cs:37)
UnityEditor.SceneManagement.EditorSceneManager:NewPreviewScene (bool)
UnityEditor.SceneManagement.EditorSceneManager:NewPreviewScene () (at /Users/bokken/buildslave/unity/build/Editor/Mono/EditorSceneManager.bindings.cs:84)
UnityEditor.PreviewScene:.ctor (string) (at /Users/bokken/buildslave/unity/build/Editor/Mono/Inspector/PreviewRenderUtility.cs:22)
UnityEditor.PreviewRenderUtility:.ctor () (at /Users/bokken/buildslave/unity/build/Editor/Mono/Inspector/PreviewRenderUtility.cs:109)
UnityEditor.Texture3DPreview:InitPreviewUtility () (at /Users/bokken/buildslave/unity/build/Editor/Mono/Inspector/Texture3DPreview.cs:209)
UnityEditor.Texture3DPreview:OnEnable () (at /Users/bokken/buildslave/unity/build/Editor/Mono/Inspector/Texture3DPreview.cs:193)

[/Users/bokken/buildslave/unity/build/Editor/Mono/EditorSceneManager.bindings.cs line 84]

Unable to allocate new scene culling mask
UnityEngine.StackTraceUtility:ExtractStackTrace () (at /Users/bokken/buildslave/unity/build/Runtime/Export/Scripting/StackTrace.cs:37)
UnityEditor.SceneManagement.EditorSceneManager:NewPreviewScene (bool)
UnityEditor.SceneManagement.EditorSceneManager:NewPreviewScene () (at /Users/bokken/buildslave/unity/build/Editor/Mono/EditorSceneManager.bindings.cs:84)
UnityEditor.PreviewScene:.ctor (string) (at /Users/bokken/buildslave/unity/build/Editor/Mono/Inspector/PreviewRenderUtility.cs:22)
UnityEditor.PreviewRenderUtility:.ctor () (at /Users/bokken/buildslave/unity/build/Editor/Mono/Inspector/PreviewRenderUtility.cs:109)
UnityEditor.Texture3DPreview:InitPreviewUtility () (at /Users/bokken/buildslave/unity/build/Editor/Mono/Inspector/Texture3DPreview.cs:209)
UnityEditor.Texture3DPreview:OnEnable () (at /Users/bokken/buildslave/unity/build/Editor/Mono/Inspector/Texture3DPreview.cs:193)

[/Users/bokken/buildslave/unity/build/Editor/Mono/EditorSceneManager.bindings.cs line 84]

Unable to allocate new scene culling mask
UnityEngine.StackTraceUtility:ExtractStackTrace () (at /Users/bokken/buildslave/unity/build/Runtime/Export/Scripting/StackTrace.cs:37)
UnityEditor.SceneManagement.EditorSceneManager:NewPreviewScene (bool)
UnityEditor.SceneManagement.EditorSceneManager:NewPreviewScene () (at /Users/bokken/buildslave/unity/build/Editor/Mono/EditorSceneManager.bindings.cs:84)
UnityEditor.PreviewScene:.ctor (string) (at /Users/bokken/buildslave/unity/build/Editor/Mono/Inspector/PreviewRenderUtility.cs:22)
UnityEditor.PreviewRenderUtility:.ctor () (at /Users/bokken/buildslave/unity/build/Editor/Mono/Inspector/PreviewRenderUtility.cs:109)
UnityEditor.Texture3DPreview:InitPreviewUtility () (at /Users/bokken/buildslave/unity/build/Editor/Mono/Inspector/Texture3DPreview.cs:209)
UnityEditor.Texture3DPreview:OnEnable () (at /Users/bokken/buildslave/unity/build/Editor/Mono/Inspector/Texture3DPreview.cs:193)

[/Users/bokken/buildslave/unity/build/Editor/Mono/EditorSceneManager.bindings.cs line 84]

Unable to allocate new scene culling mask
UnityEngine.StackTraceUtility:ExtractStackTrace () (at /Users/bokken/buildslave/unity/build/Runtime/Export/Scripting/StackTrace.cs:37)
UnityEditor.SceneManagement.EditorSceneManager:NewPreviewScene (bool)
UnityEditor.SceneManagement.EditorSceneManager:NewPreviewScene () (at /Users/bokken/buildslave/unity/build/Editor/Mono/EditorSceneManager.bindings.cs:84)
UnityEditor.PreviewScene:.ctor (string) (at /Users/bokken/buildslave/unity/build/Editor/Mono/Inspector/PreviewRenderUtility.cs:22)
UnityEditor.PreviewRenderUtility:.ctor () (at /Users/bokken/buildslave/unity/build/Editor/Mono/Inspector/PreviewRenderUtility.cs:109)
UnityEditor.Texture3DPreview:InitPreviewUtility () (at /Users/bokken/buildslave/unity/build/Editor/Mono/Inspector/Texture3DPreview.cs:209)
UnityEditor.Texture3DPreview:OnEnable () (at /Users/bokken/buildslave/unity/build/Editor/Mono/Inspector/Texture3DPreview.cs:193)

[/Users/bokken/buildslave/unity/build/Editor/Mono/EditorSceneManager.bindings.cs line 84]

Unable to allocate new scene culling mask
UnityEngine.StackTraceUtility:ExtractStackTrace () (at /Users/bokken/buildslave/unity/build/Runtime/Export/Scripting/StackTrace.cs:37)
UnityEditor.SceneManagement.EditorSceneManager:NewPreviewScene (bool)
UnityEditor.SceneManagement.EditorSceneManager:NewPreviewScene () (at /Users/bokken/buildslave/unity/build/Editor/Mono/EditorSceneManager.bindings.cs:84)
UnityEditor.PreviewScene:.ctor (string) (at /Users/bokken/buildslave/unity/build/Editor/Mono/Inspector/PreviewRenderUtility.cs:22)
UnityEditor.PreviewRenderUtility:.ctor () (at /Users/bokken/buildslave/unity/build/Editor/Mono/Inspector/PreviewRenderUtility.cs:109)
UnityEditor.Texture3DPreview:InitPreviewUtility () (at /Users/bokken/buildslave/unity/build/Editor/Mono/Inspector/Texture3DPreview.cs:209)
UnityEditor.Texture3DPreview:OnEnable () (at /Users/bokken/buildslave/unity/build/Editor/Mono/Inspector/Texture3DPreview.cs:193)

[/Users/bokken/buildslave/unity/build/Editor/Mono/EditorSceneManager.bindings.cs line 84]

Unable to allocate new scene culling mask
UnityEngine.StackTraceUtility:ExtractStackTrace () (at /Users/bokken/buildslave/unity/build/Runtime/Export/Scripting/StackTrace.cs:37)
UnityEditor.SceneManagement.EditorSceneManager:NewPreviewScene (bool)
UnityEditor.SceneManagement.EditorSceneManager:NewPreviewScene () (at /Users/bokken/buildslave/unity/build/Editor/Mono/EditorSceneManager.bindings.cs:84)
UnityEditor.PreviewScene:.ctor (string) (at /Users/bokken/buildslave/unity/build/Editor/Mono/Inspector/PreviewRenderUtility.cs:22)
UnityEditor.PreviewRenderUtility:.ctor () (at /Users/bokken/buildslave/unity/build/Editor/Mono/Inspector/PreviewRenderUtility.cs:109)
UnityEditor.Texture3DPreview:InitPreviewUtility () (at /Users/bokken/buildslave/unity/build/Editor/Mono/Inspector/Texture3DPreview.cs:209)
UnityEditor.Texture3DPreview:OnEnable () (at /Users/bokken/buildslave/unity/build/Editor/Mono/Inspector/Texture3DPreview.cs:193)

[/Users/bokken/buildslave/unity/build/Editor/Mono/EditorSceneManager.bindings.cs line 84]

Unable to allocate new scene culling mask
UnityEngine.StackTraceUtility:ExtractStackTrace () (at /Users/bokken/buildslave/unity/build/Runtime/Export/Scripting/StackTrace.cs:37)
UnityEditor.SceneManagement.EditorSceneManager:NewPreviewScene (bool)
UnityEditor.SceneManagement.EditorSceneManager:NewPreviewScene () (at /Users/bokken/buildslave/unity/build/Editor/Mono/EditorSceneManager.bindings.cs:84)
UnityEditor.PreviewScene:.ctor (string) (at /Users/bokken/buildslave/unity/build/Editor/Mono/Inspector/PreviewRenderUtility.cs:22)
UnityEditor.PreviewRenderUtility:.ctor () (at /Users/bokken/buildslave/unity/build/Editor/Mono/Inspector/PreviewRenderUtility.cs:109)
UnityEditor.Texture3DPreview:InitPreviewUtility () (at /Users/bokken/buildslave/unity/build/Editor/Mono/Inspector/Texture3DPreview.cs:209)
UnityEditor.Texture3DPreview:OnEnable () (at /Users/bokken/buildslave/unity/build/Editor/Mono/Inspector/Texture3DPreview.cs:193)

[/Users/bokken/buildslave/unity/build/Editor/Mono/EditorSceneManager.bindings.cs line 84]

Unable to allocate new scene culling mask
UnityEngine.StackTraceUtility:ExtractStackTrace () (at /Users/bokken/buildslave/unity/build/Runtime/Export/Scripting/StackTrace.cs:37)
UnityEditor.SceneManagement.EditorSceneManager:NewPreviewScene (bool)
UnityEditor.SceneManagement.EditorSceneManager:NewPreviewScene () (at /Users/bokken/buildslave/unity/build/Editor/Mono/EditorSceneManager.bindings.cs:84)
UnityEditor.PreviewScene:.ctor (string) (at /Users/bokken/buildslave/unity/build/Editor/Mono/Inspector/PreviewRenderUtility.cs:22)
UnityEditor.PreviewRenderUtility:.ctor () (at /Users/bokken/buildslave/unity/build/Editor/Mono/Inspector/PreviewRenderUtility.cs:109)
UnityEditor.Texture3DPreview:InitPreviewUtility () (at /Users/bokken/buildslave/unity/build/Editor/Mono/Inspector/Texture3DPreview.cs:209)
UnityEditor.Texture3DPreview:OnEnable () (at /Users/bokken/buildslave/unity/build/Editor/Mono/Inspector/Texture3DPreview.cs:193)

[/Users/bokken/buildslave/unity/build/Editor/Mono/EditorSceneManager.bindings.cs line 84]

Unable to allocate new scene culling mask
UnityEngine.StackTraceUtility:ExtractStackTrace () (at /Users/bokken/buildslave/unity/build/Runtime/Export/Scripting/StackTrace.cs:37)
UnityEditor.SceneManagement.EditorSceneManager:NewPreviewScene (bool)
UnityEditor.SceneManagement.EditorSceneManager:NewPreviewScene () (at /Users/bokken/buildslave/unity/build/Editor/Mono/EditorSceneManager.bindings.cs:84)
UnityEditor.PreviewScene:.ctor (string) (at /Users/bokken/buildslave/unity/build/Editor/Mono/Inspector/PreviewRenderUtility.cs:22)
UnityEditor.PreviewRenderUtility:.ctor () (at /Users/bokken/buildslave/unity/build/Editor/Mono/Inspector/PreviewRenderUtility.cs:109)
UnityEditor.Texture3DPreview:InitPreviewUtility () (at /Users/bokken/buildslave/unity/build/Editor/Mono/Inspector/Texture3DPreview.cs:209)
UnityEditor.Texture3DPreview:OnEnable () (at /Users/bokken/buildslave/unity/build/Editor/Mono/Inspector/Texture3DPreview.cs:193)

[/Users/bokken/buildslave/unity/build/Editor/Mono/EditorSceneManager.bindings.cs line 84]

Unable to allocate new scene culling mask
UnityEngine.StackTraceUtility:ExtractStackTrace () (at /Users/bokken/buildslave/unity/build/Runtime/Export/Scripting/StackTrace.cs:37)
UnityEditor.SceneManagement.EditorSceneManager:NewPreviewScene (bool)
UnityEditor.SceneManagement.EditorSceneManager:NewPreviewScene () (at /Users/bokken/buildslave/unity/build/Editor/Mono/EditorSceneManager.bindings.cs:84)
UnityEditor.PreviewScene:.ctor (string) (at /Users/bokken/buildslave/unity/build/Editor/Mono/Inspector/PreviewRenderUtility.cs:22)
UnityEditor.PreviewRenderUtility:.ctor () (at /Users/bokken/buildslave/unity/build/Editor/Mono/Inspector/PreviewRenderUtility.cs:109)
UnityEditor.Texture3DPreview:InitPreviewUtility () (at /Users/bokken/buildslave/unity/build/Editor/Mono/Inspector/Texture3DPreview.cs:209)
UnityEditor.Texture3DPreview:OnEnable () (at /Users/bokken/buildslave/unity/build/Editor/Mono/Inspector/Texture3DPreview.cs:193)

[/Users/bokken/buildslave/unity/build/Editor/Mono/EditorSceneManager.bindings.cs line 84]

Unable to allocate new scene culling mask
UnityEngine.StackTraceUtility:ExtractStackTrace () (at /Users/bokken/buildslave/unity/build/Runtime/Export/Scripting/StackTrace.cs:37)
UnityEditor.SceneManagement.EditorSceneManager:NewPreviewScene (bool)
UnityEditor.SceneManagement.EditorSceneManager:NewPreviewScene () (at /Users/bokken/buildslave/unity/build/Editor/Mono/EditorSceneManager.bindings.cs:84)
UnityEditor.PreviewScene:.ctor (string) (at /Users/bokken/buildslave/unity/build/Editor/Mono/Inspector/PreviewRenderUtility.cs:22)
UnityEditor.PreviewRenderUtility:.ctor () (at /Users/bokken/buildslave/unity/build/Editor/Mono/Inspector/PreviewRenderUtility.cs:109)
UnityEditor.Texture3DPreview:InitPreviewUtility () (at /Users/bokken/buildslave/unity/build/Editor/Mono/Inspector/Texture3DPreview.cs:209)
UnityEditor.Texture3DPreview:OnEnable () (at /Users/bokken/buildslave/unity/build/Editor/Mono/Inspector/Texture3DPreview.cs:193)

[/Users/bokken/buildslave/unity/build/Editor/Mono/EditorSceneManager.bindings.cs line 84]

Mono: successfully reloaded assembly
- Completed reload, in  0.943 seconds
Domain Reload Profiling:
	ReloadAssembly (944ms)
		BeginReloadAssembly (111ms)
			ExecutionOrderSort (0ms)
			DisableScriptedObjects (10ms)
			BackupInstance (0ms)
			ReleaseScriptingObjects (0ms)
			CreateAndSetChildDomain (43ms)
		EndReloadAssembly (737ms)
			LoadAssemblies (41ms)
			RebuildTransferFunctionScriptingTraits (0ms)
			SetupTypeCache (213ms)
			ReleaseScriptCaches (1ms)
			RebuildScriptCaches (52ms)
			SetupLoadedEditorAssemblies (334ms)
				LogAssemblyErrors (0ms)
				InitializePlatformSupportModulesInManaged (10ms)
				SetLoadedEditorAssemblies (0ms)
				RefreshPlugins (0ms)
				BeforeProcessingInitializeOnLoad (78ms)
				ProcessInitializeOnLoadAttributes (206ms)
				ProcessInitializeOnLoadMethodAttributes (34ms)
				AfterProcessingInitializeOnLoad (4ms)
				EditorAssembliesLoaded (0ms)
			ExecutionOrderSort2 (0ms)
			AwakeInstancesAfterBackupRestoration (28ms)
Platform modules already initialized, skipping
Refreshing native plugins compatible for Editor in 0.95 ms, found 2 plugins.
Preloading 0 native plugins for Editor in 0.00 ms.
Unloading 3101 Unused Serialized files (Serialized files now loaded: 0)
Unloading 18 unused Assets / (22.2 KB). Loaded Objects now: 4736.
Memory consumption went from 211.5 MB to 211.5 MB.
Total: 6.997292 ms (FindLiveObjects: 0.517208 ms CreateObjectMapping: 0.154333 ms MarkObjects: 6.294084 ms  DeleteObjects: 0.030208 ms)

AssetImportParameters requested are different than current active one (requested -> active):
  custom:video-decoder-ogg-theora: a1e56fd34408186e4bbccfd4996cb3dc -> 
  custom:container-muxer-webm: aa71ff27fc2769a1b78a27578f13a17b -> 
  custom:container-demuxer-webm: 4f35f7cbe854078d1ac9338744f61a02 -> 
  custom:video-encoder-webm-vp8: eb34c28f22e8b96e1ab97ce403110664 -> 
  custom:framework-osx-AVFoundation: e770b220cccbd017edd2c1fefb359320 -> 
  custom:audio-encoder-webm-vorbis: bf7c407c2cedff20999df2af8eb42d56 -> 
  custom:container-demuxer-ogg: 62fdf1f143b41e24485cea50d1cbac27 -> 
  custom:video-decoder-webm-vp8: 9c59270c3fd7afecdb556c50c9e8de78 -> 
  custom:audio-decoder-ogg-vorbis: bf7c407c2cedff20999df2af8eb42d56 -> 
========================================================================
Received Prepare
Registering precompiled user dll's ...
Registered in 0.002761 seconds.
Begin MonoManager ReloadAssembly
Thread 0x16da73000 may have been prematurely finalized
Symbol file LoadedFromMemory doesn't match image /Users/henrymoss/Documents/GitHub/Sigil-Game/Library/PackageCache/com.unity.visualscripting@1.7.6/Editor/VisualScripting.Core/Dependencies/YamlDotNet/Unity.VisualScripting.YamlDotNet.dll
Symbol file LoadedFromMemory doesn't match image /Users/henrymoss/Documents/GitHub/Sigil-Game/Library/PackageCache/com.unity.visualscripting@1.7.6/Editor/VisualScripting.Core/Dependencies/DotNetZip/Unity.VisualScripting.IonicZip.dll
Native extension for LinuxStandalone target not found
Native extension for WindowsStandalone target not found
Native extension for OSXStandalone target not found
Refreshing native plugins compatible for Editor in 0.48 ms, found 2 plugins.
Preloading 0 native plugins for Editor in 0.00 ms.
Unable to allocate new scene culling mask
UnityEngine.StackTraceUtility:ExtractStackTrace () (at /Users/bokken/buildslave/unity/build/Runtime/Export/Scripting/StackTrace.cs:37)
UnityEditor.SceneManagement.EditorSceneManager:NewPreviewScene (bool)
UnityEditor.SceneManagement.EditorSceneManager:NewPreviewScene () (at /Users/bokken/buildslave/unity/build/Editor/Mono/EditorSceneManager.bindings.cs:84)
UnityEditor.PreviewScene:.ctor (string) (at /Users/bokken/buildslave/unity/build/Editor/Mono/Inspector/PreviewRenderUtility.cs:22)
UnityEditor.PreviewRenderUtility:.ctor () (at /Users/bokken/buildslave/unity/build/Editor/Mono/Inspector/PreviewRenderUtility.cs:109)
UnityEditor.Texture3DPreview:InitPreviewUtility () (at /Users/bokken/buildslave/unity/build/Editor/Mono/Inspector/Texture3DPreview.cs:209)
UnityEditor.Texture3DPreview:OnEnable () (at /Users/bokken/buildslave/unity/build/Editor/Mono/Inspector/Texture3DPreview.cs:193)

[/Users/bokken/buildslave/unity/build/Editor/Mono/EditorSceneManager.bindings.cs line 84]

Unable to allocate new scene culling mask
UnityEngine.StackTraceUtility:ExtractStackTrace () (at /Users/bokken/buildslave/unity/build/Runtime/Export/Scripting/StackTrace.cs:37)
UnityEditor.SceneManagement.EditorSceneManager:NewPreviewScene (bool)
UnityEditor.SceneManagement.EditorSceneManager:NewPreviewScene () (at /Users/bokken/buildslave/unity/build/Editor/Mono/EditorSceneManager.bindings.cs:84)
UnityEditor.PreviewScene:.ctor (string) (at /Users/bokken/buildslave/unity/build/Editor/Mono/Inspector/PreviewRenderUtility.cs:22)
UnityEditor.PreviewRenderUtility:.ctor () (at /Users/bokken/buildslave/unity/build/Editor/Mono/Inspector/PreviewRenderUtility.cs:109)
UnityEditor.Texture3DPreview:InitPreviewUtility () (at /Users/bokken/buildslave/unity/build/Editor/Mono/Inspector/Texture3DPreview.cs:209)
UnityEditor.Texture3DPreview:OnEnable () (at /Users/bokken/buildslave/unity/build/Editor/Mono/Inspector/Texture3DPreview.cs:193)

[/Users/bokken/buildslave/unity/build/Editor/Mono/EditorSceneManager.bindings.cs line 84]

Unable to allocate new scene culling mask
UnityEngine.StackTraceUtility:ExtractStackTrace () (at /Users/bokken/buildslave/unity/build/Runtime/Export/Scripting/StackTrace.cs:37)
UnityEditor.SceneManagement.EditorSceneManager:NewPreviewScene (bool)
UnityEditor.SceneManagement.EditorSceneManager:NewPreviewScene () (at /Users/bokken/buildslave/unity/build/Editor/Mono/EditorSceneManager.bindings.cs:84)
UnityEditor.PreviewScene:.ctor (string) (at /Users/bokken/buildslave/unity/build/Editor/Mono/Inspector/PreviewRenderUtility.cs:22)
UnityEditor.PreviewRenderUtility:.ctor () (at /Users/bokken/buildslave/unity/build/Editor/Mono/Inspector/PreviewRenderUtility.cs:109)
UnityEditor.Texture3DPreview:InitPreviewUtility () (at /Users/bokken/buildslave/unity/build/Editor/Mono/Inspector/Texture3DPreview.cs:209)
UnityEditor.Texture3DPreview:OnEnable () (at /Users/bokken/buildslave/unity/build/Editor/Mono/Inspector/Texture3DPreview.cs:193)

[/Users/bokken/buildslave/unity/build/Editor/Mono/EditorSceneManager.bindings.cs line 84]

Unable to allocate new scene culling mask
UnityEngine.StackTraceUtility:ExtractStackTrace () (at /Users/bokken/buildslave/unity/build/Runtime/Export/Scripting/StackTrace.cs:37)
UnityEditor.SceneManagement.EditorSceneManager:NewPreviewScene (bool)
UnityEditor.SceneManagement.EditorSceneManager:NewPreviewScene () (at /Users/bokken/buildslave/unity/build/Editor/Mono/EditorSceneManager.bindings.cs:84)
UnityEditor.PreviewScene:.ctor (string) (at /Users/bokken/buildslave/unity/build/Editor/Mono/Inspector/PreviewRenderUtility.cs:22)
UnityEditor.PreviewRenderUtility:.ctor () (at /Users/bokken/buildslave/unity/build/Editor/Mono/Inspector/PreviewRenderUtility.cs:109)
UnityEditor.Texture3DPreview:InitPreviewUtility () (at /Users/bokken/buildslave/unity/build/Editor/Mono/Inspector/Texture3DPreview.cs:209)
UnityEditor.Texture3DPreview:OnEnable () (at /Users/bokken/buildslave/unity/build/Editor/Mono/Inspector/Texture3DPreview.cs:193)

[/Users/bokken/buildslave/unity/build/Editor/Mono/EditorSceneManager.bindings.cs line 84]

Unable to allocate new scene culling mask
UnityEngine.StackTraceUtility:ExtractStackTrace () (at /Users/bokken/buildslave/unity/build/Runtime/Export/Scripting/StackTrace.cs:37)
UnityEditor.SceneManagement.EditorSceneManager:NewPreviewScene (bool)
UnityEditor.SceneManagement.EditorSceneManager:NewPreviewScene () (at /Users/bokken/buildslave/unity/build/Editor/Mono/EditorSceneManager.bindings.cs:84)
UnityEditor.PreviewScene:.ctor (string) (at /Users/bokken/buildslave/unity/build/Editor/Mono/Inspector/PreviewRenderUtility.cs:22)
UnityEditor.PreviewRenderUtility:.ctor () (at /Users/bokken/buildslave/unity/build/Editor/Mono/Inspector/PreviewRenderUtility.cs:109)
UnityEditor.Texture3DPreview:InitPreviewUtility () (at /Users/bokken/buildslave/unity/build/Editor/Mono/Inspector/Texture3DPreview.cs:209)
UnityEditor.Texture3DPreview:OnEnable () (at /Users/bokken/buildslave/unity/build/Editor/Mono/Inspector/Texture3DPreview.cs:193)

[/Users/bokken/buildslave/unity/build/Editor/Mono/EditorSceneManager.bindings.cs line 84]

Unable to allocate new scene culling mask
UnityEngine.StackTraceUtility:ExtractStackTrace () (at /Users/bokken/buildslave/unity/build/Runtime/Export/Scripting/StackTrace.cs:37)
UnityEditor.SceneManagement.EditorSceneManager:NewPreviewScene (bool)
UnityEditor.SceneManagement.EditorSceneManager:NewPreviewScene () (at /Users/bokken/buildslave/unity/build/Editor/Mono/EditorSceneManager.bindings.cs:84)
UnityEditor.PreviewScene:.ctor (string) (at /Users/bokken/buildslave/unity/build/Editor/Mono/Inspector/PreviewRenderUtility.cs:22)
UnityEditor.PreviewRenderUtility:.ctor () (at /Users/bokken/buildslave/unity/build/Editor/Mono/Inspector/PreviewRenderUtility.cs:109)
UnityEditor.Texture3DPreview:InitPreviewUtility () (at /Users/bokken/buildslave/unity/build/Editor/Mono/Inspector/Texture3DPreview.cs:209)
UnityEditor.Texture3DPreview:OnEnable () (at /Users/bokken/buildslave/unity/build/Editor/Mono/Inspector/Texture3DPreview.cs:193)

[/Users/bokken/buildslave/unity/build/Editor/Mono/EditorSceneManager.bindings.cs line 84]

Unable to allocate new scene culling mask
UnityEngine.StackTraceUtility:ExtractStackTrace () (at /Users/bokken/buildslave/unity/build/Runtime/Export/Scripting/StackTrace.cs:37)
UnityEditor.SceneManagement.EditorSceneManager:NewPreviewScene (bool)
UnityEditor.SceneManagement.EditorSceneManager:NewPreviewScene () (at /Users/bokken/buildslave/unity/build/Editor/Mono/EditorSceneManager.bindings.cs:84)
UnityEditor.PreviewScene:.ctor (string) (at /Users/bokken/buildslave/unity/build/Editor/Mono/Inspector/PreviewRenderUtility.cs:22)
UnityEditor.PreviewRenderUtility:.ctor () (at /Users/bokken/buildslave/unity/build/Editor/Mono/Inspector/PreviewRenderUtility.cs:109)
UnityEditor.Texture3DPreview:InitPreviewUtility () (at /Users/bokken/buildslave/unity/build/Editor/Mono/Inspector/Texture3DPreview.cs:209)
UnityEditor.Texture3DPreview:OnEnable () (at /Users/bokken/buildslave/unity/build/Editor/Mono/Inspector/Texture3DPreview.cs:193)

[/Users/bokken/buildslave/unity/build/Editor/Mono/EditorSceneManager.bindings.cs line 84]

Unable to allocate new scene culling mask
UnityEngine.StackTraceUtility:ExtractStackTrace () (at /Users/bokken/buildslave/unity/build/Runtime/Export/Scripting/StackTrace.cs:37)
UnityEditor.SceneManagement.EditorSceneManager:NewPreviewScene (bool)
UnityEditor.SceneManagement.EditorSceneManager:NewPreviewScene () (at /Users/bokken/buildslave/unity/build/Editor/Mono/EditorSceneManager.bindings.cs:84)
UnityEditor.PreviewScene:.ctor (string) (at /Users/bokken/buildslave/unity/build/Editor/Mono/Inspector/PreviewRenderUtility.cs:22)
UnityEditor.PreviewRenderUtility:.ctor () (at /Users/bokken/buildslave/unity/build/Editor/Mono/Inspector/PreviewRenderUtility.cs:109)
UnityEditor.Texture3DPreview:InitPreviewUtility () (at /Users/bokken/buildslave/unity/build/Editor/Mono/Inspector/Texture3DPreview.cs:209)
UnityEditor.Texture3DPreview:OnEnable () (at /Users/bokken/buildslave/unity/build/Editor/Mono/Inspector/Texture3DPreview.cs:193)

[/Users/bokken/buildslave/unity/build/Editor/Mono/EditorSceneManager.bindings.cs line 84]

Unable to allocate new scene culling mask
UnityEngine.StackTraceUtility:ExtractStackTrace () (at /Users/bokken/buildslave/unity/build/Runtime/Export/Scripting/StackTrace.cs:37)
UnityEditor.SceneManagement.EditorSceneManager:NewPreviewScene (bool)
UnityEditor.SceneManagement.EditorSceneManager:NewPreviewScene () (at /Users/bokken/buildslave/unity/build/Editor/Mono/EditorSceneManager.bindings.cs:84)
UnityEditor.PreviewScene:.ctor (string) (at /Users/bokken/buildslave/unity/build/Editor/Mono/Inspector/PreviewRenderUtility.cs:22)
UnityEditor.PreviewRenderUtility:.ctor () (at /Users/bokken/buildslave/unity/build/Editor/Mono/Inspector/PreviewRenderUtility.cs:109)
UnityEditor.Texture3DPreview:InitPreviewUtility () (at /Users/bokken/buildslave/unity/build/Editor/Mono/Inspector/Texture3DPreview.cs:209)
UnityEditor.Texture3DPreview:OnEnable () (at /Users/bokken/buildslave/unity/build/Editor/Mono/Inspector/Texture3DPreview.cs:193)

[/Users/bokken/buildslave/unity/build/Editor/Mono/EditorSceneManager.bindings.cs line 84]

Unable to allocate new scene culling mask
UnityEngine.StackTraceUtility:ExtractStackTrace () (at /Users/bokken/buildslave/unity/build/Runtime/Export/Scripting/StackTrace.cs:37)
UnityEditor.SceneManagement.EditorSceneManager:NewPreviewScene (bool)
UnityEditor.SceneManagement.EditorSceneManager:NewPreviewScene () (at /Users/bokken/buildslave/unity/build/Editor/Mono/EditorSceneManager.bindings.cs:84)
UnityEditor.PreviewScene:.ctor (string) (at /Users/bokken/buildslave/unity/build/Editor/Mono/Inspector/PreviewRenderUtility.cs:22)
UnityEditor.PreviewRenderUtility:.ctor () (at /Users/bokken/buildslave/unity/build/Editor/Mono/Inspector/PreviewRenderUtility.cs:109)
UnityEditor.Texture3DPreview:InitPreviewUtility () (at /Users/bokken/buildslave/unity/build/Editor/Mono/Inspector/Texture3DPreview.cs:209)
UnityEditor.Texture3DPreview:OnEnable () (at /Users/bokken/buildslave/unity/build/Editor/Mono/Inspector/Texture3DPreview.cs:193)

[/Users/bokken/buildslave/unity/build/Editor/Mono/EditorSceneManager.bindings.cs line 84]

Unable to allocate new scene culling mask
UnityEngine.StackTraceUtility:ExtractStackTrace () (at /Users/bokken/buildslave/unity/build/Runtime/Export/Scripting/StackTrace.cs:37)
UnityEditor.SceneManagement.EditorSceneManager:NewPreviewScene (bool)
UnityEditor.SceneManagement.EditorSceneManager:NewPreviewScene () (at /Users/bokken/buildslave/unity/build/Editor/Mono/EditorSceneManager.bindings.cs:84)
UnityEditor.PreviewScene:.ctor (string) (at /Users/bokken/buildslave/unity/build/Editor/Mono/Inspector/PreviewRenderUtility.cs:22)
UnityEditor.PreviewRenderUtility:.ctor () (at /Users/bokken/buildslave/unity/build/Editor/Mono/Inspector/PreviewRenderUtility.cs:109)
UnityEditor.Texture3DPreview:InitPreviewUtility () (at /Users/bokken/buildslave/unity/build/Editor/Mono/Inspector/Texture3DPreview.cs:209)
UnityEditor.Texture3DPreview:OnEnable () (at /Users/bokken/buildslave/unity/build/Editor/Mono/Inspector/Texture3DPreview.cs:193)

[/Users/bokken/buildslave/unity/build/Editor/Mono/EditorSceneManager.bindings.cs line 84]

Unable to allocate new scene culling mask
UnityEngine.StackTraceUtility:ExtractStackTrace () (at /Users/bokken/buildslave/unity/build/Runtime/Export/Scripting/StackTrace.cs:37)
UnityEditor.SceneManagement.EditorSceneManager:NewPreviewScene (bool)
UnityEditor.SceneManagement.EditorSceneManager:NewPreviewScene () (at /Users/bokken/buildslave/unity/build/Editor/Mono/EditorSceneManager.bindings.cs:84)
UnityEditor.PreviewScene:.ctor (string) (at /Users/bokken/buildslave/unity/build/Editor/Mono/Inspector/PreviewRenderUtility.cs:22)
UnityEditor.PreviewRenderUtility:.ctor () (at /Users/bokken/buildslave/unity/build/Editor/Mono/Inspector/PreviewRenderUtility.cs:109)
UnityEditor.Texture3DPreview:InitPreviewUtility () (at /Users/bokken/buildslave/unity/build/Editor/Mono/Inspector/Texture3DPreview.cs:209)
UnityEditor.Texture3DPreview:OnEnable () (at /Users/bokken/buildslave/unity/build/Editor/Mono/Inspector/Texture3DPreview.cs:193)

[/Users/bokken/buildslave/unity/build/Editor/Mono/EditorSceneManager.bindings.cs line 84]

Unable to allocate new scene culling mask
UnityEngine.StackTraceUtility:ExtractStackTrace () (at /Users/bokken/buildslave/unity/build/Runtime/Export/Scripting/StackTrace.cs:37)
UnityEditor.SceneManagement.EditorSceneManager:NewPreviewScene (bool)
UnityEditor.SceneManagement.EditorSceneManager:NewPreviewScene () (at /Users/bokken/buildslave/unity/build/Editor/Mono/EditorSceneManager.bindings.cs:84)
UnityEditor.PreviewScene:.ctor (string) (at /Users/bokken/buildslave/unity/build/Editor/Mono/Inspector/PreviewRenderUtility.cs:22)
UnityEditor.PreviewRenderUtility:.ctor () (at /Users/bokken/buildslave/unity/build/Editor/Mono/Inspector/PreviewRenderUtility.cs:109)
UnityEditor.Texture3DPreview:InitPreviewUtility () (at /Users/bokken/buildslave/unity/build/Editor/Mono/Inspector/Texture3DPreview.cs:209)
UnityEditor.Texture3DPreview:OnEnable () (at /Users/bokken/buildslave/unity/build/Editor/Mono/Inspector/Texture3DPreview.cs:193)

[/Users/bokken/buildslave/unity/build/Editor/Mono/EditorSceneManager.bindings.cs line 84]

Mono: successfully reloaded assembly
- Completed reload, in  0.973 seconds
Domain Reload Profiling:
	ReloadAssembly (974ms)
		BeginReloadAssembly (102ms)
			ExecutionOrderSort (0ms)
			DisableScriptedObjects (9ms)
			BackupInstance (0ms)
			ReleaseScriptingObjects (0ms)
			CreateAndSetChildDomain (39ms)
		EndReloadAssembly (780ms)
			LoadAssemblies (38ms)
			RebuildTransferFunctionScriptingTraits (0ms)
			SetupTypeCache (234ms)
			ReleaseScriptCaches (1ms)
			RebuildScriptCaches (60ms)
			SetupLoadedEditorAssemblies (365ms)
				LogAssemblyErrors (0ms)
				InitializePlatformSupportModulesInManaged (14ms)
				SetLoadedEditorAssemblies (1ms)
				RefreshPlugins (1ms)
				BeforeProcessingInitializeOnLoad (94ms)
				ProcessInitializeOnLoadAttributes (226ms)
				ProcessInitializeOnLoadMethodAttributes (24ms)
				AfterProcessingInitializeOnLoad (3ms)
				EditorAssembliesLoaded (3ms)
			ExecutionOrderSort2 (0ms)
			AwakeInstancesAfterBackupRestoration (17ms)
Platform modules already initialized, skipping
Refreshing native plugins compatible for Editor in 0.47 ms, found 2 plugins.
Preloading 0 native plugins for Editor in 0.00 ms.
Unloading 3101 Unused Serialized files (Serialized files now loaded: 0)
Unloading 18 unused Assets / (22.1 KB). Loaded Objects now: 4738.
Memory consumption went from 217.7 MB to 217.7 MB.
Total: 4.049209 ms (FindLiveObjects: 0.302625 ms CreateObjectMapping: 0.088666 ms MarkObjects: 3.626375 ms  DeleteObjects: 0.030375 ms)

AssetImportParameters requested are different than current active one (requested -> active):
  custom:video-decoder-ogg-theora: a1e56fd34408186e4bbccfd4996cb3dc -> 
  custom:container-muxer-webm: aa71ff27fc2769a1b78a27578f13a17b -> 
  custom:container-demuxer-webm: 4f35f7cbe854078d1ac9338744f61a02 -> 
  custom:video-encoder-webm-vp8: eb34c28f22e8b96e1ab97ce403110664 -> 
  custom:framework-osx-AVFoundation: e770b220cccbd017edd2c1fefb359320 -> 
  custom:audio-encoder-webm-vorbis: bf7c407c2cedff20999df2af8eb42d56 -> 
  custom:container-demuxer-ogg: 62fdf1f143b41e24485cea50d1cbac27 -> 
  custom:video-decoder-webm-vp8: 9c59270c3fd7afecdb556c50c9e8de78 -> 
  custom:audio-decoder-ogg-vorbis: bf7c407c2cedff20999df2af8eb42d56 -> 
========================================================================
Received Prepare
Registering precompiled user dll's ...
Registered in 0.003004 seconds.
Begin MonoManager ReloadAssembly
Thread 0x16da73000 may have been prematurely finalized
Symbol file LoadedFromMemory doesn't match image /Users/henrymoss/Documents/GitHub/Sigil-Game/Library/PackageCache/com.unity.visualscripting@1.7.6/Editor/VisualScripting.Core/Dependencies/YamlDotNet/Unity.VisualScripting.YamlDotNet.dll
Symbol file LoadedFromMemory doesn't match image /Users/henrymoss/Documents/GitHub/Sigil-Game/Library/PackageCache/com.unity.visualscripting@1.7.6/Editor/VisualScripting.Core/Dependencies/DotNetZip/Unity.VisualScripting.IonicZip.dll
Native extension for LinuxStandalone target not found
Native extension for WindowsStandalone target not found
Native extension for OSXStandalone target not found
Refreshing native plugins compatible for Editor in 0.43 ms, found 2 plugins.
Preloading 0 native plugins for Editor in 0.00 ms.
Unable to allocate new scene culling mask
UnityEngine.StackTraceUtility:ExtractStackTrace () (at /Users/bokken/buildslave/unity/build/Runtime/Export/Scripting/StackTrace.cs:37)
UnityEditor.SceneManagement.EditorSceneManager:NewPreviewScene (bool)
UnityEditor.SceneManagement.EditorSceneManager:NewPreviewScene () (at /Users/bokken/buildslave/unity/build/Editor/Mono/EditorSceneManager.bindings.cs:84)
UnityEditor.PreviewScene:.ctor (string) (at /Users/bokken/buildslave/unity/build/Editor/Mono/Inspector/PreviewRenderUtility.cs:22)
UnityEditor.PreviewRenderUtility:.ctor () (at /Users/bokken/buildslave/unity/build/Editor/Mono/Inspector/PreviewRenderUtility.cs:109)
UnityEditor.Texture3DPreview:InitPreviewUtility () (at /Users/bokken/buildslave/unity/build/Editor/Mono/Inspector/Texture3DPreview.cs:209)
UnityEditor.Texture3DPreview:OnEnable () (at /Users/bokken/buildslave/unity/build/Editor/Mono/Inspector/Texture3DPreview.cs:193)

[/Users/bokken/buildslave/unity/build/Editor/Mono/EditorSceneManager.bindings.cs line 84]

Unable to allocate new scene culling mask
UnityEngine.StackTraceUtility:ExtractStackTrace () (at /Users/bokken/buildslave/unity/build/Runtime/Export/Scripting/StackTrace.cs:37)
UnityEditor.SceneManagement.EditorSceneManager:NewPreviewScene (bool)
UnityEditor.SceneManagement.EditorSceneManager:NewPreviewScene () (at /Users/bokken/buildslave/unity/build/Editor/Mono/EditorSceneManager.bindings.cs:84)
UnityEditor.PreviewScene:.ctor (string) (at /Users/bokken/buildslave/unity/build/Editor/Mono/Inspector/PreviewRenderUtility.cs:22)
UnityEditor.PreviewRenderUtility:.ctor () (at /Users/bokken/buildslave/unity/build/Editor/Mono/Inspector/PreviewRenderUtility.cs:109)
UnityEditor.Texture3DPreview:InitPreviewUtility () (at /Users/bokken/buildslave/unity/build/Editor/Mono/Inspector/Texture3DPreview.cs:209)
UnityEditor.Texture3DPreview:OnEnable () (at /Users/bokken/buildslave/unity/build/Editor/Mono/Inspector/Texture3DPreview.cs:193)

[/Users/bokken/buildslave/unity/build/Editor/Mono/EditorSceneManager.bindings.cs line 84]

Unable to allocate new scene culling mask
UnityEngine.StackTraceUtility:ExtractStackTrace () (at /Users/bokken/buildslave/unity/build/Runtime/Export/Scripting/StackTrace.cs:37)
UnityEditor.SceneManagement.EditorSceneManager:NewPreviewScene (bool)
UnityEditor.SceneManagement.EditorSceneManager:NewPreviewScene () (at /Users/bokken/buildslave/unity/build/Editor/Mono/EditorSceneManager.bindings.cs:84)
UnityEditor.PreviewScene:.ctor (string) (at /Users/bokken/buildslave/unity/build/Editor/Mono/Inspector/PreviewRenderUtility.cs:22)
UnityEditor.PreviewRenderUtility:.ctor () (at /Users/bokken/buildslave/unity/build/Editor/Mono/Inspector/PreviewRenderUtility.cs:109)
UnityEditor.Texture3DPreview:InitPreviewUtility () (at /Users/bokken/buildslave/unity/build/Editor/Mono/Inspector/Texture3DPreview.cs:209)
UnityEditor.Texture3DPreview:OnEnable () (at /Users/bokken/buildslave/unity/build/Editor/Mono/Inspector/Texture3DPreview.cs:193)

[/Users/bokken/buildslave/unity/build/Editor/Mono/EditorSceneManager.bindings.cs line 84]

Unable to allocate new scene culling mask
UnityEngine.StackTraceUtility:ExtractStackTrace () (at /Users/bokken/buildslave/unity/build/Runtime/Export/Scripting/StackTrace.cs:37)
UnityEditor.SceneManagement.EditorSceneManager:NewPreviewScene (bool)
UnityEditor.SceneManagement.EditorSceneManager:NewPreviewScene () (at /Users/bokken/buildslave/unity/build/Editor/Mono/EditorSceneManager.bindings.cs:84)
UnityEditor.PreviewScene:.ctor (string) (at /Users/bokken/buildslave/unity/build/Editor/Mono/Inspector/PreviewRenderUtility.cs:22)
UnityEditor.PreviewRenderUtility:.ctor () (at /Users/bokken/buildslave/unity/build/Editor/Mono/Inspector/PreviewRenderUtility.cs:109)
UnityEditor.Texture3DPreview:InitPreviewUtility () (at /Users/bokken/buildslave/unity/build/Editor/Mono/Inspector/Texture3DPreview.cs:209)
UnityEditor.Texture3DPreview:OnEnable () (at /Users/bokken/buildslave/unity/build/Editor/Mono/Inspector/Texture3DPreview.cs:193)

[/Users/bokken/buildslave/unity/build/Editor/Mono/EditorSceneManager.bindings.cs line 84]

Unable to allocate new scene culling mask
UnityEngine.StackTraceUtility:ExtractStackTrace () (at /Users/bokken/buildslave/unity/build/Runtime/Export/Scripting/StackTrace.cs:37)
UnityEditor.SceneManagement.EditorSceneManager:NewPreviewScene (bool)
UnityEditor.SceneManagement.EditorSceneManager:NewPreviewScene () (at /Users/bokken/buildslave/unity/build/Editor/Mono/EditorSceneManager.bindings.cs:84)
UnityEditor.PreviewScene:.ctor (string) (at /Users/bokken/buildslave/unity/build/Editor/Mono/Inspector/PreviewRenderUtility.cs:22)
UnityEditor.PreviewRenderUtility:.ctor () (at /Users/bokken/buildslave/unity/build/Editor/Mono/Inspector/PreviewRenderUtility.cs:109)
UnityEditor.Texture3DPreview:InitPreviewUtility () (at /Users/bokken/buildslave/unity/build/Editor/Mono/Inspector/Texture3DPreview.cs:209)
UnityEditor.Texture3DPreview:OnEnable () (at /Users/bokken/buildslave/unity/build/Editor/Mono/Inspector/Texture3DPreview.cs:193)

[/Users/bokken/buildslave/unity/build/Editor/Mono/EditorSceneManager.bindings.cs line 84]

Unable to allocate new scene culling mask
UnityEngine.StackTraceUtility:ExtractStackTrace () (at /Users/bokken/buildslave/unity/build/Runtime/Export/Scripting/StackTrace.cs:37)
UnityEditor.SceneManagement.EditorSceneManager:NewPreviewScene (bool)
UnityEditor.SceneManagement.EditorSceneManager:NewPreviewScene () (at /Users/bokken/buildslave/unity/build/Editor/Mono/EditorSceneManager.bindings.cs:84)
UnityEditor.PreviewScene:.ctor (string) (at /Users/bokken/buildslave/unity/build/Editor/Mono/Inspector/PreviewRenderUtility.cs:22)
UnityEditor.PreviewRenderUtility:.ctor () (at /Users/bokken/buildslave/unity/build/Editor/Mono/Inspector/PreviewRenderUtility.cs:109)
UnityEditor.Texture3DPreview:InitPreviewUtility () (at /Users/bokken/buildslave/unity/build/Editor/Mono/Inspector/Texture3DPreview.cs:209)
UnityEditor.Texture3DPreview:OnEnable () (at /Users/bokken/buildslave/unity/build/Editor/Mono/Inspector/Texture3DPreview.cs:193)

[/Users/bokken/buildslave/unity/build/Editor/Mono/EditorSceneManager.bindings.cs line 84]

Unable to allocate new scene culling mask
UnityEngine.StackTraceUtility:ExtractStackTrace () (at /Users/bokken/buildslave/unity/build/Runtime/Export/Scripting/StackTrace.cs:37)
UnityEditor.SceneManagement.EditorSceneManager:NewPreviewScene (bool)
UnityEditor.SceneManagement.EditorSceneManager:NewPreviewScene () (at /Users/bokken/buildslave/unity/build/Editor/Mono/EditorSceneManager.bindings.cs:84)
UnityEditor.PreviewScene:.ctor (string) (at /Users/bokken/buildslave/unity/build/Editor/Mono/Inspector/PreviewRenderUtility.cs:22)
UnityEditor.PreviewRenderUtility:.ctor () (at /Users/bokken/buildslave/unity/build/Editor/Mono/Inspector/PreviewRenderUtility.cs:109)
UnityEditor.Texture3DPreview:InitPreviewUtility () (at /Users/bokken/buildslave/unity/build/Editor/Mono/Inspector/Texture3DPreview.cs:209)
UnityEditor.Texture3DPreview:OnEnable () (at /Users/bokken/buildslave/unity/build/Editor/Mono/Inspector/Texture3DPreview.cs:193)

[/Users/bokken/buildslave/unity/build/Editor/Mono/EditorSceneManager.bindings.cs line 84]

Unable to allocate new scene culling mask
UnityEngine.StackTraceUtility:ExtractStackTrace () (at /Users/bokken/buildslave/unity/build/Runtime/Export/Scripting/StackTrace.cs:37)
UnityEditor.SceneManagement.EditorSceneManager:NewPreviewScene (bool)
UnityEditor.SceneManagement.EditorSceneManager:NewPreviewScene () (at /Users/bokken/buildslave/unity/build/Editor/Mono/EditorSceneManager.bindings.cs:84)
UnityEditor.PreviewScene:.ctor (string) (at /Users/bokken/buildslave/unity/build/Editor/Mono/Inspector/PreviewRenderUtility.cs:22)
UnityEditor.PreviewRenderUtility:.ctor () (at /Users/bokken/buildslave/unity/build/Editor/Mono/Inspector/PreviewRenderUtility.cs:109)
UnityEditor.Texture3DPreview:InitPreviewUtility () (at /Users/bokken/buildslave/unity/build/Editor/Mono/Inspector/Texture3DPreview.cs:209)
UnityEditor.Texture3DPreview:OnEnable () (at /Users/bokken/buildslave/unity/build/Editor/Mono/Inspector/Texture3DPreview.cs:193)

[/Users/bokken/buildslave/unity/build/Editor/Mono/EditorSceneManager.bindings.cs line 84]

Unable to allocate new scene culling mask
UnityEngine.StackTraceUtility:ExtractStackTrace () (at /Users/bokken/buildslave/unity/build/Runtime/Export/Scripting/StackTrace.cs:37)
UnityEditor.SceneManagement.EditorSceneManager:NewPreviewScene (bool)
UnityEditor.SceneManagement.EditorSceneManager:NewPreviewScene () (at /Users/bokken/buildslave/unity/build/Editor/Mono/EditorSceneManager.bindings.cs:84)
UnityEditor.PreviewScene:.ctor (string) (at /Users/bokken/buildslave/unity/build/Editor/Mono/Inspector/PreviewRenderUtility.cs:22)
UnityEditor.PreviewRenderUtility:.ctor () (at /Users/bokken/buildslave/unity/build/Editor/Mono/Inspector/PreviewRenderUtility.cs:109)
UnityEditor.Texture3DPreview:InitPreviewUtility () (at /Users/bokken/buildslave/unity/build/Editor/Mono/Inspector/Texture3DPreview.cs:209)
UnityEditor.Texture3DPreview:OnEnable () (at /Users/bokken/buildslave/unity/build/Editor/Mono/Inspector/Texture3DPreview.cs:193)

[/Users/bokken/buildslave/unity/build/Editor/Mono/EditorSceneManager.bindings.cs line 84]

Unable to allocate new scene culling mask
UnityEngine.StackTraceUtility:ExtractStackTrace () (at /Users/bokken/buildslave/unity/build/Runtime/Export/Scripting/StackTrace.cs:37)
UnityEditor.SceneManagement.EditorSceneManager:NewPreviewScene (bool)
UnityEditor.SceneManagement.EditorSceneManager:NewPreviewScene () (at /Users/bokken/buildslave/unity/build/Editor/Mono/EditorSceneManager.bindings.cs:84)
UnityEditor.PreviewScene:.ctor (string) (at /Users/bokken/buildslave/unity/build/Editor/Mono/Inspector/PreviewRenderUtility.cs:22)
UnityEditor.PreviewRenderUtility:.ctor () (at /Users/bokken/buildslave/unity/build/Editor/Mono/Inspector/PreviewRenderUtility.cs:109)
UnityEditor.Texture3DPreview:InitPreviewUtility () (at /Users/bokken/buildslave/unity/build/Editor/Mono/Inspector/Texture3DPreview.cs:209)
UnityEditor.Texture3DPreview:OnEnable () (at /Users/bokken/buildslave/unity/build/Editor/Mono/Inspector/Texture3DPreview.cs:193)

[/Users/bokken/buildslave/unity/build/Editor/Mono/EditorSceneManager.bindings.cs line 84]

Unable to allocate new scene culling mask
UnityEngine.StackTraceUtility:ExtractStackTrace () (at /Users/bokken/buildslave/unity/build/Runtime/Export/Scripting/StackTrace.cs:37)
UnityEditor.SceneManagement.EditorSceneManager:NewPreviewScene (bool)
UnityEditor.SceneManagement.EditorSceneManager:NewPreviewScene () (at /Users/bokken/buildslave/unity/build/Editor/Mono/EditorSceneManager.bindings.cs:84)
UnityEditor.PreviewScene:.ctor (string) (at /Users/bokken/buildslave/unity/build/Editor/Mono/Inspector/PreviewRenderUtility.cs:22)
UnityEditor.PreviewRenderUtility:.ctor () (at /Users/bokken/buildslave/unity/build/Editor/Mono/Inspector/PreviewRenderUtility.cs:109)
UnityEditor.Texture3DPreview:InitPreviewUtility () (at /Users/bokken/buildslave/unity/build/Editor/Mono/Inspector/Texture3DPreview.cs:209)
UnityEditor.Texture3DPreview:OnEnable () (at /Users/bokken/buildslave/unity/build/Editor/Mono/Inspector/Texture3DPreview.cs:193)

[/Users/bokken/buildslave/unity/build/Editor/Mono/EditorSceneManager.bindings.cs line 84]

Unable to allocate new scene culling mask
UnityEngine.StackTraceUtility:ExtractStackTrace () (at /Users/bokken/buildslave/unity/build/Runtime/Export/Scripting/StackTrace.cs:37)
UnityEditor.SceneManagement.EditorSceneManager:NewPreviewScene (bool)
UnityEditor.SceneManagement.EditorSceneManager:NewPreviewScene () (at /Users/bokken/buildslave/unity/build/Editor/Mono/EditorSceneManager.bindings.cs:84)
UnityEditor.PreviewScene:.ctor (string) (at /Users/bokken/buildslave/unity/build/Editor/Mono/Inspector/PreviewRenderUtility.cs:22)
UnityEditor.PreviewRenderUtility:.ctor () (at /Users/bokken/buildslave/unity/build/Editor/Mono/Inspector/PreviewRenderUtility.cs:109)
UnityEditor.Texture3DPreview:InitPreviewUtility () (at /Users/bokken/buildslave/unity/build/Editor/Mono/Inspector/Texture3DPreview.cs:209)
UnityEditor.Texture3DPreview:OnEnable () (at /Users/bokken/buildslave/unity/build/Editor/Mono/Inspector/Texture3DPreview.cs:193)

[/Users/bokken/buildslave/unity/build/Editor/Mono/EditorSceneManager.bindings.cs line 84]

Unable to allocate new scene culling mask
UnityEngine.StackTraceUtility:ExtractStackTrace () (at /Users/bokken/buildslave/unity/build/Runtime/Export/Scripting/StackTrace.cs:37)
UnityEditor.SceneManagement.EditorSceneManager:NewPreviewScene (bool)
UnityEditor.SceneManagement.EditorSceneManager:NewPreviewScene () (at /Users/bokken/buildslave/unity/build/Editor/Mono/EditorSceneManager.bindings.cs:84)
UnityEditor.PreviewScene:.ctor (string) (at /Users/bokken/buildslave/unity/build/Editor/Mono/Inspector/PreviewRenderUtility.cs:22)
UnityEditor.PreviewRenderUtility:.ctor () (at /Users/bokken/buildslave/unity/build/Editor/Mono/Inspector/PreviewRenderUtility.cs:109)
UnityEditor.Texture3DPreview:InitPreviewUtility () (at /Users/bokken/buildslave/unity/build/Editor/Mono/Inspector/Texture3DPreview.cs:209)
UnityEditor.Texture3DPreview:OnEnable () (at /Users/bokken/buildslave/unity/build/Editor/Mono/Inspector/Texture3DPreview.cs:193)

[/Users/bokken/buildslave/unity/build/Editor/Mono/EditorSceneManager.bindings.cs line 84]

Mono: successfully reloaded assembly
- Completed reload, in  0.972 seconds
Domain Reload Profiling:
	ReloadAssembly (973ms)
		BeginReloadAssembly (113ms)
			ExecutionOrderSort (0ms)
			DisableScriptedObjects (10ms)
			BackupInstance (0ms)
			ReleaseScriptingObjects (0ms)
			CreateAndSetChildDomain (45ms)
		EndReloadAssembly (765ms)
			LoadAssemblies (41ms)
			RebuildTransferFunctionScriptingTraits (0ms)
			SetupTypeCache (238ms)
			ReleaseScriptCaches (1ms)
			RebuildScriptCaches (55ms)
			SetupLoadedEditorAssemblies (345ms)
				LogAssemblyErrors (0ms)
				InitializePlatformSupportModulesInManaged (11ms)
				SetLoadedEditorAssemblies (0ms)
				RefreshPlugins (0ms)
				BeforeProcessingInitializeOnLoad (79ms)
				ProcessInitializeOnLoadAttributes (221ms)
				ProcessInitializeOnLoadMethodAttributes (31ms)
				AfterProcessingInitializeOnLoad (2ms)
				EditorAssembliesLoaded (0ms)
			ExecutionOrderSort2 (0ms)
			AwakeInstancesAfterBackupRestoration (24ms)
Platform modules already initialized, skipping
Refreshing native plugins compatible for Editor in 0.70 ms, found 2 plugins.
Preloading 0 native plugins for Editor in 0.00 ms.
Unloading 3101 Unused Serialized files (Serialized files now loaded: 0)
Unloading 18 unused Assets / (22.1 KB). Loaded Objects now: 4740.
Memory consumption went from 223.7 MB to 223.7 MB.
Total: 5.268166 ms (FindLiveObjects: 0.390125 ms CreateObjectMapping: 0.128917 ms MarkObjects: 4.725000 ms  DeleteObjects: 0.023292 ms)

AssetImportParameters requested are different than current active one (requested -> active):
  custom:video-decoder-ogg-theora: a1e56fd34408186e4bbccfd4996cb3dc -> 
  custom:container-muxer-webm: aa71ff27fc2769a1b78a27578f13a17b -> 
  custom:container-demuxer-webm: 4f35f7cbe854078d1ac9338744f61a02 -> 
  custom:video-encoder-webm-vp8: eb34c28f22e8b96e1ab97ce403110664 -> 
  custom:framework-osx-AVFoundation: e770b220cccbd017edd2c1fefb359320 -> 
  custom:audio-encoder-webm-vorbis: bf7c407c2cedff20999df2af8eb42d56 -> 
  custom:container-demuxer-ogg: 62fdf1f143b41e24485cea50d1cbac27 -> 
  custom:video-decoder-webm-vp8: 9c59270c3fd7afecdb556c50c9e8de78 -> 
  custom:audio-decoder-ogg-vorbis: bf7c407c2cedff20999df2af8eb42d56 -> 
========================================================================
Received Prepare
Registering precompiled user dll's ...
Registered in 0.002664 seconds.
Begin MonoManager ReloadAssembly
Thread 0x16da73000 may have been prematurely finalized
Symbol file LoadedFromMemory doesn't match image /Users/henrymoss/Documents/GitHub/Sigil-Game/Library/PackageCache/com.unity.visualscripting@1.7.6/Editor/VisualScripting.Core/Dependencies/YamlDotNet/Unity.VisualScripting.YamlDotNet.dll
Symbol file LoadedFromMemory doesn't match image /Users/henrymoss/Documents/GitHub/Sigil-Game/Library/PackageCache/com.unity.visualscripting@1.7.6/Editor/VisualScripting.Core/Dependencies/DotNetZip/Unity.VisualScripting.IonicZip.dll
Native extension for LinuxStandalone target not found
Native extension for WindowsStandalone target not found
Native extension for OSXStandalone target not found
Refreshing native plugins compatible for Editor in 0.65 ms, found 2 plugins.
Preloading 0 native plugins for Editor in 0.00 ms.
Unable to allocate new scene culling mask
UnityEngine.StackTraceUtility:ExtractStackTrace () (at /Users/bokken/buildslave/unity/build/Runtime/Export/Scripting/StackTrace.cs:37)
UnityEditor.SceneManagement.EditorSceneManager:NewPreviewScene (bool)
UnityEditor.SceneManagement.EditorSceneManager:NewPreviewScene () (at /Users/bokken/buildslave/unity/build/Editor/Mono/EditorSceneManager.bindings.cs:84)
UnityEditor.PreviewScene:.ctor (string) (at /Users/bokken/buildslave/unity/build/Editor/Mono/Inspector/PreviewRenderUtility.cs:22)
UnityEditor.PreviewRenderUtility:.ctor () (at /Users/bokken/buildslave/unity/build/Editor/Mono/Inspector/PreviewRenderUtility.cs:109)
UnityEditor.Texture3DPreview:InitPreviewUtility () (at /Users/bokken/buildslave/unity/build/Editor/Mono/Inspector/Texture3DPreview.cs:209)
UnityEditor.Texture3DPreview:OnEnable () (at /Users/bokken/buildslave/unity/build/Editor/Mono/Inspector/Texture3DPreview.cs:193)

[/Users/bokken/buildslave/unity/build/Editor/Mono/EditorSceneManager.bindings.cs line 84]

Unable to allocate new scene culling mask
UnityEngine.StackTraceUtility:ExtractStackTrace () (at /Users/bokken/buildslave/unity/build/Runtime/Export/Scripting/StackTrace.cs:37)
UnityEditor.SceneManagement.EditorSceneManager:NewPreviewScene (bool)
UnityEditor.SceneManagement.EditorSceneManager:NewPreviewScene () (at /Users/bokken/buildslave/unity/build/Editor/Mono/EditorSceneManager.bindings.cs:84)
UnityEditor.PreviewScene:.ctor (string) (at /Users/bokken/buildslave/unity/build/Editor/Mono/Inspector/PreviewRenderUtility.cs:22)
UnityEditor.PreviewRenderUtility:.ctor () (at /Users/bokken/buildslave/unity/build/Editor/Mono/Inspector/PreviewRenderUtility.cs:109)
UnityEditor.Texture3DPreview:InitPreviewUtility () (at /Users/bokken/buildslave/unity/build/Editor/Mono/Inspector/Texture3DPreview.cs:209)
UnityEditor.Texture3DPreview:OnEnable () (at /Users/bokken/buildslave/unity/build/Editor/Mono/Inspector/Texture3DPreview.cs:193)

[/Users/bokken/buildslave/unity/build/Editor/Mono/EditorSceneManager.bindings.cs line 84]

Unable to allocate new scene culling mask
UnityEngine.StackTraceUtility:ExtractStackTrace () (at /Users/bokken/buildslave/unity/build/Runtime/Export/Scripting/StackTrace.cs:37)
UnityEditor.SceneManagement.EditorSceneManager:NewPreviewScene (bool)
UnityEditor.SceneManagement.EditorSceneManager:NewPreviewScene () (at /Users/bokken/buildslave/unity/build/Editor/Mono/EditorSceneManager.bindings.cs:84)
UnityEditor.PreviewScene:.ctor (string) (at /Users/bokken/buildslave/unity/build/Editor/Mono/Inspector/PreviewRenderUtility.cs:22)
UnityEditor.PreviewRenderUtility:.ctor () (at /Users/bokken/buildslave/unity/build/Editor/Mono/Inspector/PreviewRenderUtility.cs:109)
UnityEditor.Texture3DPreview:InitPreviewUtility () (at /Users/bokken/buildslave/unity/build/Editor/Mono/Inspector/Texture3DPreview.cs:209)
UnityEditor.Texture3DPreview:OnEnable () (at /Users/bokken/buildslave/unity/build/Editor/Mono/Inspector/Texture3DPreview.cs:193)

[/Users/bokken/buildslave/unity/build/Editor/Mono/EditorSceneManager.bindings.cs line 84]

Unable to allocate new scene culling mask
UnityEngine.StackTraceUtility:ExtractStackTrace () (at /Users/bokken/buildslave/unity/build/Runtime/Export/Scripting/StackTrace.cs:37)
UnityEditor.SceneManagement.EditorSceneManager:NewPreviewScene (bool)
UnityEditor.SceneManagement.EditorSceneManager:NewPreviewScene () (at /Users/bokken/buildslave/unity/build/Editor/Mono/EditorSceneManager.bindings.cs:84)
UnityEditor.PreviewScene:.ctor (string) (at /Users/bokken/buildslave/unity/build/Editor/Mono/Inspector/PreviewRenderUtility.cs:22)
UnityEditor.PreviewRenderUtility:.ctor () (at /Users/bokken/buildslave/unity/build/Editor/Mono/Inspector/PreviewRenderUtility.cs:109)
UnityEditor.Texture3DPreview:InitPreviewUtility () (at /Users/bokken/buildslave/unity/build/Editor/Mono/Inspector/Texture3DPreview.cs:209)
UnityEditor.Texture3DPreview:OnEnable () (at /Users/bokken/buildslave/unity/build/Editor/Mono/Inspector/Texture3DPreview.cs:193)

[/Users/bokken/buildslave/unity/build/Editor/Mono/EditorSceneManager.bindings.cs line 84]

Unable to allocate new scene culling mask
UnityEngine.StackTraceUtility:ExtractStackTrace () (at /Users/bokken/buildslave/unity/build/Runtime/Export/Scripting/StackTrace.cs:37)
UnityEditor.SceneManagement.EditorSceneManager:NewPreviewScene (bool)
UnityEditor.SceneManagement.EditorSceneManager:NewPreviewScene () (at /Users/bokken/buildslave/unity/build/Editor/Mono/EditorSceneManager.bindings.cs:84)
UnityEditor.PreviewScene:.ctor (string) (at /Users/bokken/buildslave/unity/build/Editor/Mono/Inspector/PreviewRenderUtility.cs:22)
UnityEditor.PreviewRenderUtility:.ctor () (at /Users/bokken/buildslave/unity/build/Editor/Mono/Inspector/PreviewRenderUtility.cs:109)
UnityEditor.Texture3DPreview:InitPreviewUtility () (at /Users/bokken/buildslave/unity/build/Editor/Mono/Inspector/Texture3DPreview.cs:209)
UnityEditor.Texture3DPreview:OnEnable () (at /Users/bokken/buildslave/unity/build/Editor/Mono/Inspector/Texture3DPreview.cs:193)

[/Users/bokken/buildslave/unity/build/Editor/Mono/EditorSceneManager.bindings.cs line 84]

Unable to allocate new scene culling mask
UnityEngine.StackTraceUtility:ExtractStackTrace () (at /Users/bokken/buildslave/unity/build/Runtime/Export/Scripting/StackTrace.cs:37)
UnityEditor.SceneManagement.EditorSceneManager:NewPreviewScene (bool)
UnityEditor.SceneManagement.EditorSceneManager:NewPreviewScene () (at /Users/bokken/buildslave/unity/build/Editor/Mono/EditorSceneManager.bindings.cs:84)
UnityEditor.PreviewScene:.ctor (string) (at /Users/bokken/buildslave/unity/build/Editor/Mono/Inspector/PreviewRenderUtility.cs:22)
UnityEditor.PreviewRenderUtility:.ctor () (at /Users/bokken/buildslave/unity/build/Editor/Mono/Inspector/PreviewRenderUtility.cs:109)
UnityEditor.Texture3DPreview:InitPreviewUtility () (at /Users/bokken/buildslave/unity/build/Editor/Mono/Inspector/Texture3DPreview.cs:209)
UnityEditor.Texture3DPreview:OnEnable () (at /Users/bokken/buildslave/unity/build/Editor/Mono/Inspector/Texture3DPreview.cs:193)

[/Users/bokken/buildslave/unity/build/Editor/Mono/EditorSceneManager.bindings.cs line 84]

Unable to allocate new scene culling mask
UnityEngine.StackTraceUtility:ExtractStackTrace () (at /Users/bokken/buildslave/unity/build/Runtime/Export/Scripting/StackTrace.cs:37)
UnityEditor.SceneManagement.EditorSceneManager:NewPreviewScene (bool)
UnityEditor.SceneManagement.EditorSceneManager:NewPreviewScene () (at /Users/bokken/buildslave/unity/build/Editor/Mono/EditorSceneManager.bindings.cs:84)
UnityEditor.PreviewScene:.ctor (string) (at /Users/bokken/buildslave/unity/build/Editor/Mono/Inspector/PreviewRenderUtility.cs:22)
UnityEditor.PreviewRenderUtility:.ctor () (at /Users/bokken/buildslave/unity/build/Editor/Mono/Inspector/PreviewRenderUtility.cs:109)
UnityEditor.Texture3DPreview:InitPreviewUtility () (at /Users/bokken/buildslave/unity/build/Editor/Mono/Inspector/Texture3DPreview.cs:209)
UnityEditor.Texture3DPreview:OnEnable () (at /Users/bokken/buildslave/unity/build/Editor/Mono/Inspector/Texture3DPreview.cs:193)

[/Users/bokken/buildslave/unity/build/Editor/Mono/EditorSceneManager.bindings.cs line 84]

Unable to allocate new scene culling mask
UnityEngine.StackTraceUtility:ExtractStackTrace () (at /Users/bokken/buildslave/unity/build/Runtime/Export/Scripting/StackTrace.cs:37)
UnityEditor.SceneManagement.EditorSceneManager:NewPreviewScene (bool)
UnityEditor.SceneManagement.EditorSceneManager:NewPreviewScene () (at /Users/bokken/buildslave/unity/build/Editor/Mono/EditorSceneManager.bindings.cs:84)
UnityEditor.PreviewScene:.ctor (string) (at /Users/bokken/buildslave/unity/build/Editor/Mono/Inspector/PreviewRenderUtility.cs:22)
UnityEditor.PreviewRenderUtility:.ctor () (at /Users/bokken/buildslave/unity/build/Editor/Mono/Inspector/PreviewRenderUtility.cs:109)
UnityEditor.Texture3DPreview:InitPreviewUtility () (at /Users/bokken/buildslave/unity/build/Editor/Mono/Inspector/Texture3DPreview.cs:209)
UnityEditor.Texture3DPreview:OnEnable () (at /Users/bokken/buildslave/unity/build/Editor/Mono/Inspector/Texture3DPreview.cs:193)

[/Users/bokken/buildslave/unity/build/Editor/Mono/EditorSceneManager.bindings.cs line 84]

Unable to allocate new scene culling mask
UnityEngine.StackTraceUtility:ExtractStackTrace () (at /Users/bokken/buildslave/unity/build/Runtime/Export/Scripting/StackTrace.cs:37)
UnityEditor.SceneManagement.EditorSceneManager:NewPreviewScene (bool)
UnityEditor.SceneManagement.EditorSceneManager:NewPreviewScene () (at /Users/bokken/buildslave/unity/build/Editor/Mono/EditorSceneManager.bindings.cs:84)
UnityEditor.PreviewScene:.ctor (string) (at /Users/bokken/buildslave/unity/build/Editor/Mono/Inspector/PreviewRenderUtility.cs:22)
UnityEditor.PreviewRenderUtility:.ctor () (at /Users/bokken/buildslave/unity/build/Editor/Mono/Inspector/PreviewRenderUtility.cs:109)
UnityEditor.Texture3DPreview:InitPreviewUtility () (at /Users/bokken/buildslave/unity/build/Editor/Mono/Inspector/Texture3DPreview.cs:209)
UnityEditor.Texture3DPreview:OnEnable () (at /Users/bokken/buildslave/unity/build/Editor/Mono/Inspector/Texture3DPreview.cs:193)

[/Users/bokken/buildslave/unity/build/Editor/Mono/EditorSceneManager.bindings.cs line 84]

Unable to allocate new scene culling mask
UnityEngine.StackTraceUtility:ExtractStackTrace () (at /Users/bokken/buildslave/unity/build/Runtime/Export/Scripting/StackTrace.cs:37)
UnityEditor.SceneManagement.EditorSceneManager:NewPreviewScene (bool)
UnityEditor.SceneManagement.EditorSceneManager:NewPreviewScene () (at /Users/bokken/buildslave/unity/build/Editor/Mono/EditorSceneManager.bindings.cs:84)
UnityEditor.PreviewScene:.ctor (string) (at /Users/bokken/buildslave/unity/build/Editor/Mono/Inspector/PreviewRenderUtility.cs:22)
UnityEditor.PreviewRenderUtility:.ctor () (at /Users/bokken/buildslave/unity/build/Editor/Mono/Inspector/PreviewRenderUtility.cs:109)
UnityEditor.Texture3DPreview:InitPreviewUtility () (at /Users/bokken/buildslave/unity/build/Editor/Mono/Inspector/Texture3DPreview.cs:209)
UnityEditor.Texture3DPreview:OnEnable () (at /Users/bokken/buildslave/unity/build/Editor/Mono/Inspector/Texture3DPreview.cs:193)

[/Users/bokken/buildslave/unity/build/Editor/Mono/EditorSceneManager.bindings.cs line 84]

Unable to allocate new scene culling mask
UnityEngine.StackTraceUtility:ExtractStackTrace () (at /Users/bokken/buildslave/unity/build/Runtime/Export/Scripting/StackTrace.cs:37)
UnityEditor.SceneManagement.EditorSceneManager:NewPreviewScene (bool)
UnityEditor.SceneManagement.EditorSceneManager:NewPreviewScene () (at /Users/bokken/buildslave/unity/build/Editor/Mono/EditorSceneManager.bindings.cs:84)
UnityEditor.PreviewScene:.ctor (string) (at /Users/bokken/buildslave/unity/build/Editor/Mono/Inspector/PreviewRenderUtility.cs:22)
UnityEditor.PreviewRenderUtility:.ctor () (at /Users/bokken/buildslave/unity/build/Editor/Mono/Inspector/PreviewRenderUtility.cs:109)
UnityEditor.Texture3DPreview:InitPreviewUtility () (at /Users/bokken/buildslave/unity/build/Editor/Mono/Inspector/Texture3DPreview.cs:209)
UnityEditor.Texture3DPreview:OnEnable () (at /Users/bokken/buildslave/unity/build/Editor/Mono/Inspector/Texture3DPreview.cs:193)

[/Users/bokken/buildslave/unity/build/Editor/Mono/EditorSceneManager.bindings.cs line 84]

Unable to allocate new scene culling mask
UnityEngine.StackTraceUtility:ExtractStackTrace () (at /Users/bokken/buildslave/unity/build/Runtime/Export/Scripting/StackTrace.cs:37)
UnityEditor.SceneManagement.EditorSceneManager:NewPreviewScene (bool)
UnityEditor.SceneManagement.EditorSceneManager:NewPreviewScene () (at /Users/bokken/buildslave/unity/build/Editor/Mono/EditorSceneManager.bindings.cs:84)
UnityEditor.PreviewScene:.ctor (string) (at /Users/bokken/buildslave/unity/build/Editor/Mono/Inspector/PreviewRenderUtility.cs:22)
UnityEditor.PreviewRenderUtility:.ctor () (at /Users/bokken/buildslave/unity/build/Editor/Mono/Inspector/PreviewRenderUtility.cs:109)
UnityEditor.Texture3DPreview:InitPreviewUtility () (at /Users/bokken/buildslave/unity/build/Editor/Mono/Inspector/Texture3DPreview.cs:209)
UnityEditor.Texture3DPreview:OnEnable () (at /Users/bokken/buildslave/unity/build/Editor/Mono/Inspector/Texture3DPreview.cs:193)

[/Users/bokken/buildslave/unity/build/Editor/Mono/EditorSceneManager.bindings.cs line 84]

Unable to allocate new scene culling mask
UnityEngine.StackTraceUtility:ExtractStackTrace () (at /Users/bokken/buildslave/unity/build/Runtime/Export/Scripting/StackTrace.cs:37)
UnityEditor.SceneManagement.EditorSceneManager:NewPreviewScene (bool)
UnityEditor.SceneManagement.EditorSceneManager:NewPreviewScene () (at /Users/bokken/buildslave/unity/build/Editor/Mono/EditorSceneManager.bindings.cs:84)
UnityEditor.PreviewScene:.ctor (string) (at /Users/bokken/buildslave/unity/build/Editor/Mono/Inspector/PreviewRenderUtility.cs:22)
UnityEditor.PreviewRenderUtility:.ctor () (at /Users/bokken/buildslave/unity/build/Editor/Mono/Inspector/PreviewRenderUtility.cs:109)
UnityEditor.Texture3DPreview:InitPreviewUtility () (at /Users/bokken/buildslave/unity/build/Editor/Mono/Inspector/Texture3DPreview.cs:209)
UnityEditor.Texture3DPreview:OnEnable () (at /Users/bokken/buildslave/unity/build/Editor/Mono/Inspector/Texture3DPreview.cs:193)

[/Users/bokken/buildslave/unity/build/Editor/Mono/EditorSceneManager.bindings.cs line 84]

Mono: successfully reloaded assembly
- Completed reload, in  1.202 seconds
Domain Reload Profiling:
	ReloadAssembly (1202ms)
		BeginReloadAssembly (99ms)
			ExecutionOrderSort (0ms)
			DisableScriptedObjects (9ms)
			BackupInstance (0ms)
			ReleaseScriptingObjects (0ms)
			CreateAndSetChildDomain (38ms)
		EndReloadAssembly (1016ms)
			LoadAssemblies (37ms)
			RebuildTransferFunctionScriptingTraits (0ms)
			SetupTypeCache (267ms)
			ReleaseScriptCaches (2ms)
			RebuildScriptCaches (119ms)
			SetupLoadedEditorAssemblies (438ms)
				LogAssemblyErrors (0ms)
				InitializePlatformSupportModulesInManaged (22ms)
				SetLoadedEditorAssemblies (1ms)
				RefreshPlugins (1ms)
				BeforeProcessingInitializeOnLoad (119ms)
				ProcessInitializeOnLoadAttributes (261ms)
				ProcessInitializeOnLoadMethodAttributes (32ms)
				AfterProcessingInitializeOnLoad (2ms)
				EditorAssembliesLoaded (0ms)
			ExecutionOrderSort2 (0ms)
			AwakeInstancesAfterBackupRestoration (22ms)
Platform modules already initialized, skipping
Refreshing native plugins compatible for Editor in 0.52 ms, found 2 plugins.
Preloading 0 native plugins for Editor in 0.00 ms.
Unloading 3101 Unused Serialized files (Serialized files now loaded: 0)
Unloading 18 unused Assets / (22.1 KB). Loaded Objects now: 4742.
Memory consumption went from 229.8 MB to 229.8 MB.
Total: 4.309375 ms (FindLiveObjects: 0.304084 ms CreateObjectMapping: 0.101625 ms MarkObjects: 3.880750 ms  DeleteObjects: 0.021833 ms)

AssetImportParameters requested are different than current active one (requested -> active):
  custom:video-decoder-ogg-theora: a1e56fd34408186e4bbccfd4996cb3dc -> 
  custom:container-muxer-webm: aa71ff27fc2769a1b78a27578f13a17b -> 
  custom:container-demuxer-webm: 4f35f7cbe854078d1ac9338744f61a02 -> 
  custom:video-encoder-webm-vp8: eb34c28f22e8b96e1ab97ce403110664 -> 
  custom:framework-osx-AVFoundation: e770b220cccbd017edd2c1fefb359320 -> 
  custom:audio-encoder-webm-vorbis: bf7c407c2cedff20999df2af8eb42d56 -> 
  custom:container-demuxer-ogg: 62fdf1f143b41e24485cea50d1cbac27 -> 
  custom:video-decoder-webm-vp8: 9c59270c3fd7afecdb556c50c9e8de78 -> 
  custom:audio-decoder-ogg-vorbis: bf7c407c2cedff20999df2af8eb42d56 -> 
